Time|TimeStamp|Price|Open|High|Low|Close|Volume|Volume Weight Avg Price
2022-05-31T04:37:00|1653986220|20.45|20.45|20.45|20.45|20.45|100|20.45
2022-05-31T07:29:00|1653996540|20.979999999999997|20.83|21.13|20.83|21.13|934|20.909615
2022-05-31T09:30:00|1654003800|20.75|21.15|21.15|20.35|20.52|10500|20.456732
2022-05-31T09:31:00|1654003860|20.1575|20.415|20.415|19.9|19.97|5041|20.12781
2022-05-31T09:32:00|1654003920|20.18|20.46|20.46|19.9|19.9|1176|19.979082
2022-05-31T09:33:00|1654003980|20.02|20.02|20.02|20.02|20.02|200|20.02
2022-05-31T09:35:00|1654004100|19.747500000000002|19.77|19.8|19.695|19.695|5015|19.751617
2022-05-31T09:36:00|1654004160|19.695|19.72|19.82|19.57|19.65|3720|19.702661
2022-05-31T09:37:00|1654004220|19.700000000000003|19.71|19.76|19.64|19.7111|1223|19.710437
2022-05-31T09:38:00|1654004280|19.595|19.73|19.75|19.44|19.44|16052|19.653289
2022-05-31T09:39:00|1654004340|19.655|19.67|19.71|19.6|19.7|1858|19.642777
2022-05-31T09:40:00|1654004400|19.745|19.72|19.82|19.67|19.795|4088|19.750035
2022-05-31T09:42:00|1654004520|19.68|19.81|19.81|19.55|19.55|2600|19.703423
2022-05-31T09:43:00|1654004580|19.555|19.55|19.63|19.48|19.63|2625|19.528354
2022-05-31T09:44:00|1654004640|19.695|19.64|19.75|19.64|19.75|300|19.7
2022-05-31T09:45:00|1654004700|19.845|19.825|19.94|19.75|19.93|3141|19.833652
2022-05-31T09:46:00|1654004760|19.915|19.86|20.0|19.83|19.86|2908|19.943618
2022-05-31T09:47:00|1654004820|19.8|19.81|19.82|19.78|19.82|900|19.795
2022-05-31T09:48:00|1654004880|19.8525|19.87|19.88|19.825|19.825|700|19.865
2022-05-31T09:49:00|1654004940|19.8525|19.88|19.88|19.825|19.8275|400|19.84
2022-05-31T09:50:00|1654005000|19.82|19.82|19.82|19.82|19.82|100|19.82
2022-05-31T09:51:00|1654005060|19.70835|19.77|19.77|19.6467|19.7|1001|19.713896
2022-05-31T09:52:00|1654005120|19.705|19.71|19.74|19.67|19.67|2806|19.705324
2022-05-31T09:53:00|1654005180|19.625|19.62|19.66|19.59|19.66|300|19.623333
2022-05-31T09:54:00|1654005240|19.58|19.58|19.61|19.55|19.59|1100|19.579091
2022-05-31T09:55:00|1654005300|19.605|19.62|19.62|19.59|19.61|600|19.609167
2022-05-31T09:56:00|1654005360|19.61995|19.59|19.6499|19.59|19.6499|200|19.61995
2022-05-31T09:57:00|1654005420|19.675|19.64|19.71|19.64|19.69|500|19.683
2022-05-31T09:58:00|1654005480|19.71|19.68|19.74|19.68|19.7|600|19.703333
2022-05-31T10:00:00|1654005600|19.630000000000003|19.66|19.66|19.6|19.6|600|19.646667
2022-05-31T10:01:00|1654005660|19.46|19.56|19.56|19.36|19.36|794|19.513476
2022-05-31T10:02:00|1654005720|19.39|19.39|19.42|19.36|19.38|1688|19.386445
2022-05-31T10:03:00|1654005780|19.3675|19.385|19.385|19.35|19.35|800|19.355625
2022-05-31T10:04:00|1654005840|19.28705|19.28|19.2941|19.28|19.2941|338|19.289928
2022-05-31T10:06:00|1654005960|19.205|19.23|19.29|19.12|19.16|4330|19.193155
2022-05-31T10:07:00|1654006020|19.22|19.21|19.23|19.21|19.23|400|19.22
2022-05-31T10:10:00|1654006200|19.24|19.15|19.33|19.15|19.33|1000|19.243
2022-05-31T10:11:00|1654006260|19.32|19.27|19.37|19.27|19.37|400|19.33625
2022-05-31T10:12:00|1654006320|19.4|19.4|19.44|19.36|19.385|1005|19.397811
2022-05-31T10:13:00|1654006380|19.475|19.47|19.48|19.47|19.48|200|19.475
2022-05-31T10:14:00|1654006440|19.5625|19.5|19.625|19.5|19.625|1800|19.561389
2022-05-31T10:15:00|1654006500|19.61|19.61|19.61|19.61|19.61|600|19.61
2022-05-31T10:16:00|1654006560|19.67|19.6|19.74|19.6|19.685|1600|19.677188
2022-05-31T10:17:00|1654006620|19.73|19.67|19.79|19.67|19.77|900|19.736667
2022-05-31T10:18:00|1654006680|19.6925|19.7|19.735|19.65|19.7|917|19.692715
2022-05-31T10:19:00|1654006740|19.705|19.68|19.73|19.68|19.73|705|19.708809
2022-05-31T10:21:00|1654006860|19.77|19.77|19.77|19.77|19.77|100|19.77
2022-05-31T10:22:00|1654006920|19.810000000000002|19.83|19.87|19.75|19.87|2000|19.8015
2022-05-31T10:23:00|1654006980|19.8425|19.865|19.865|19.82|19.82|542|19.833838
2022-05-31T10:24:00|1654007040|19.8925|19.89|19.895|19.89|19.895|200|19.8925
2022-05-31T10:27:00|1654007220|19.775|19.87|19.87|19.68|19.68|2000|19.8205
2022-05-31T10:29:00|1654007340|19.665|19.67|19.67|19.66|19.66|400|19.6675
2022-05-31T10:30:00|1654007400|19.67|19.65|19.69|19.65|19.69|600|19.658333
2022-05-31T10:31:00|1654007460|19.799999999999997|19.72|19.88|19.72|19.88|1100|19.785455
2022-05-31T10:32:00|1654007520|19.86|19.87|19.9|19.82|19.9|4100|19.855366
2022-05-31T10:34:00|1654007640|19.99|19.9|20.08|19.9|20.08|800|19.9475
2022-05-31T10:36:00|1654007760|20.12|20.12|20.12|20.12|20.12|200|20.12
2022-05-31T10:37:00|1654007820|20.2075|20.24|20.24|20.175|20.21|422|20.198697
2022-05-31T10:38:00|1654007880|20.285|20.21|20.36|20.21|20.36|2359|20.268008
2022-05-31T10:39:00|1654007940|20.34|20.34|20.34|20.34|20.34|100|20.34
2022-05-31T10:40:00|1654008000|20.285|20.29|20.32|20.25|20.31|800|20.29125
2022-05-31T10:42:00|1654008120|20.325|20.31|20.34|20.31|20.33|700|20.325714
2022-05-31T10:43:00|1654008180|20.259999999999998|20.31|20.31|20.21|20.25|1400|20.267143
2022-05-31T10:46:00|1654008360|20.265|20.27|20.27|20.26|20.26|200|20.265
2022-05-31T10:47:00|1654008420|20.215|20.26|20.28|20.15|20.15|700|20.215714
2022-05-31T10:48:00|1654008480|20.14|20.14|20.14|20.14|20.14|100|20.14
2022-05-31T10:49:00|1654008540|20.22|20.22|20.22|20.22|20.22|100|20.22
2022-05-31T10:50:00|1654008600|20.14|20.14|20.14|20.14|20.14|200|20.14
2022-05-31T10:51:00|1654008660|20.1775|20.15|20.205|20.15|20.205|900|20.188889
2022-05-31T10:52:00|1654008720|20.17|20.18|20.18|20.16|20.16|200|20.17
2022-05-31T10:53:00|1654008780|20.215|20.2|20.23|20.2|20.23|400|20.2125
2022-05-31T10:55:00|1654008900|20.27|20.22|20.32|20.22|20.24|1129|20.265314
2022-05-31T10:56:00|1654008960|20.205|20.25|20.25|20.16|20.18|700|20.195714
2022-05-31T10:57:00|1654009020|20.23|20.23|20.23|20.23|20.23|100|20.23
2022-05-31T10:59:00|1654009140|20.295|20.295|20.295|20.295|20.295|100|20.295
2022-05-31T11:00:00|1654009200|20.375|20.32|20.43|20.32|20.43|1500|20.378667
2022-05-31T11:02:00|1654009320|20.369999999999997|20.45|20.45|20.29|20.29|555|20.354505
2022-05-31T11:03:00|1654009380|20.305|20.31|20.31|20.3|20.31|400|20.30625
2022-05-31T11:06:00|1654009560|20.265|20.24|20.3|20.23|20.3|700|20.255714
2022-05-31T11:07:00|1654009620|20.29|20.29|20.31|20.27|20.31|1210|20.296777
2022-05-31T11:08:00|1654009680|20.27|20.29|20.29|20.25|20.27|1019|20.268037
2022-05-31T11:09:00|1654009740|20.3|20.26|20.34|20.26|20.34|200|20.3
2022-05-31T11:10:00|1654009800|20.315|20.315|20.315|20.315|20.315|100|20.315
2022-05-31T11:12:00|1654009920|20.355|20.35|20.36|20.35|20.36|300|20.356667
2022-05-31T11:13:00|1654009980|20.34|20.36|20.36|20.32|20.32|300|20.333333
2022-05-31T11:14:00|1654010040|20.285|20.36|20.36|20.21|20.24|932|20.271803
2022-05-31T11:15:00|1654010100|20.23|20.2|20.26|20.2|20.22|500|20.22
2022-05-31T11:16:00|1654010160|20.2|20.2|20.2|20.2|20.2|100|20.2
2022-05-31T11:18:00|1654010280|20.17|20.2|20.2|20.14|20.15|1231|20.170869
2022-05-31T11:20:00|1654010400|20.14|20.14|20.14|20.14|20.14|200|20.14
2022-05-31T11:22:00|1654010520|20.1625|20.145|20.18|20.145|20.17|500|20.167
2022-05-31T11:23:00|1654010580|20.25|20.25|20.25|20.25|20.25|100|20.25
2022-05-31T11:24:00|1654010640|20.185000000000002|20.17|20.21|20.16|20.17|800|20.17125
2022-05-31T11:26:00|1654010760|20.2|20.18|20.22|20.18|20.22|301|20.203389
2022-05-31T11:27:00|1654010820|20.175|20.18|20.18|20.17|20.17|700|20.178571
2022-05-31T11:28:00|1654010880|20.2275|20.21|20.245|20.21|20.245|600|20.226667
2022-05-31T11:29:00|1654010940|20.295|20.27|20.32|20.27|20.29|900|20.294444
2022-05-31T11:30:00|1654011000|20.2875|20.315|20.315|20.26|20.26|649|20.268475
2022-05-31T11:31:00|1654011060|20.24|20.24|20.24|20.24|20.24|200|20.24
2022-05-31T11:32:00|1654011120|20.16|20.22|20.22|20.1|20.12|1385|20.158845
2022-05-31T11:33:00|1654011180|20.16|20.16|20.16|20.16|20.16|100|20.16
2022-05-31T11:36:00|1654011360|20.195|20.18|20.21|20.18|20.21|200|20.195
2022-05-31T11:37:00|1654011420|20.244999999999997|20.24|20.25|20.24|20.25|300|20.246667
2022-05-31T11:38:00|1654011480|20.28|20.28|20.28|20.28|20.28|100|20.28
2022-05-31T11:39:00|1654011540|20.332500000000003|20.34|20.35|20.315|20.315|300|20.335
2022-05-31T11:40:00|1654011600|20.335|20.35|20.37|20.3|20.3|1600|20.323125
2022-05-31T11:41:00|1654011660|20.245|20.26|20.26|20.23|20.23|600|20.245
2022-05-31T11:43:00|1654011780|20.2625|20.26|20.275|20.25|20.275|300|20.261667
2022-05-31T11:46:00|1654011960|20.26|20.26|20.26|20.26|20.26|300|20.26
2022-05-31T11:48:00|1654012080|20.28|20.29|20.3|20.26|20.3|807|20.282986
2022-05-31T11:49:00|1654012140|20.32|20.32|20.32|20.32|20.32|400|20.32
2022-05-31T11:50:00|1654012200|20.384999999999998|20.36|20.41|20.36|20.41|200|20.385
2022-05-31T11:51:00|1654012260|20.45|20.4|20.5|20.4|20.5|492|20.424228
2022-05-31T11:53:00|1654012380|20.49|20.49|20.49|20.49|20.49|200|20.49
2022-05-31T11:54:00|1654012440|20.47|20.47|20.47|20.47|20.47|100|20.47
2022-05-31T11:55:00|1654012500|20.505|20.47|20.54|20.47|20.54|1101|20.501817
2022-05-31T11:56:00|1654012560|20.515|20.515|20.515|20.515|20.515|100|20.515
2022-05-31T11:57:00|1654012620|20.44125|20.48|20.5125|20.37|20.37|1909|20.446606
2022-05-31T12:00:00|1654012800|20.5375|20.5|20.585|20.49|20.57|2800|20.543036
2022-05-31T12:01:00|1654012860|20.57995|20.6299|20.6299|20.53|20.6295|750|20.616517
2022-05-31T12:02:00|1654012920|20.6|20.6|20.6|20.6|20.6|100|20.6
2022-05-31T12:03:00|1654012980|20.58|20.6|20.61|20.55|20.5994|2500|20.577376
2022-05-31T12:04:00|1654013040|20.545|20.56|20.57|20.52|20.52|1288|20.543168
2022-05-31T12:06:00|1654013160|20.447499999999998|20.465|20.465|20.43|20.43|300|20.453333
2022-05-31T12:07:00|1654013220|20.46|20.49|20.5|20.42|20.45|700|20.453571
2022-05-31T12:08:00|1654013280|20.45|20.465|20.47|20.43|20.47|500|20.459
2022-05-31T12:09:00|1654013340|20.525|20.5|20.56|20.49|20.53|2205|20.526372
2022-05-31T12:10:00|1654013400|20.615000000000002|20.56|20.67|20.56|20.67|700|20.607143
2022-05-31T12:11:00|1654013460|20.6875|20.61|20.775|20.6|20.71|2688|20.676391
2022-05-31T12:12:00|1654013520|20.655|20.67|20.67|20.64|20.66|500|20.658
2022-05-31T12:14:00|1654013640|20.645|20.68|20.68|20.61|20.64|1400|20.648929
2022-05-31T12:15:00|1654013700|20.6575|20.66|20.66|20.655|20.655|754|20.659337
2022-05-31T12:17:00|1654013820|20.695|20.66|20.73|20.66|20.68|2200|20.702273
2022-05-31T12:18:00|1654013880|20.689999999999998|20.66|20.73|20.65|20.65|2800|20.6725
2022-05-31T12:20:00|1654014000|20.645|20.645|20.645|20.645|20.645|200|20.645
2022-05-31T12:21:00|1654014060|20.6175|20.645|20.645|20.59|20.59|400|20.61125
2022-05-31T12:23:00|1654014180|20.582500000000003|20.565|20.6|20.565|20.6|300|20.588333
2022-05-31T12:24:00|1654014240|20.615000000000002|20.6|20.63|20.6|20.63|500|20.606
2022-05-31T12:25:00|1654014300|20.625|20.63|20.63|20.62|20.62|400|20.6225
2022-05-31T12:26:00|1654014360|20.7|20.67|20.75|20.65|20.75|600|20.7
2022-05-31T12:27:00|1654014420|20.72|20.73|20.73|20.71|20.71|1400|20.723571
2022-05-31T12:28:00|1654014480|20.73|20.73|20.73|20.73|20.73|100|20.73
2022-05-31T12:29:00|1654014540|20.79|20.79|20.79|20.79|20.79|459|20.79
2022-05-31T12:30:00|1654014600|20.77|20.8|20.8|20.74|20.76|1200|20.775833
2022-05-31T12:31:00|1654014660|20.775|20.78|20.78|20.77|20.78|300|20.776667
2022-05-31T12:32:00|1654014720|20.77|20.77|20.77|20.77|20.77|100|20.77
2022-05-31T12:34:00|1654014840|20.725|20.74|20.74|20.71|20.71|800|20.728125
2022-05-31T12:35:00|1654014900|20.71|20.71|20.71|20.71|20.71|100|20.71
2022-05-31T12:37:00|1654015020|20.689999999999998|20.69|20.7|20.68|20.69|826|20.687264
2022-05-31T12:38:00|1654015080|20.725|20.7|20.75|20.7|20.75|1000|20.7235
2022-05-31T12:39:00|1654015140|20.785|20.79|20.79|20.78|20.78|200|20.785
2022-05-31T12:40:00|1654015200|20.814999999999998|20.81|20.82|20.81|20.82|200|20.815
2022-05-31T12:41:00|1654015260|20.845|20.84|20.86|20.83|20.86|500|20.848
2022-05-31T12:42:00|1654015320|20.814999999999998|20.84|20.84|20.79|20.83|1700|20.821765
2022-05-31T12:43:00|1654015380|20.785|20.78|20.8|20.77|20.8|300|20.783333
2022-05-31T12:44:00|1654015440|20.83|20.83|20.83|20.83|20.83|100|20.83
2022-05-31T12:45:00|1654015500|20.77|20.79|20.79|20.75|20.75|900|20.774444
2022-05-31T12:46:00|1654015560|20.73|20.72|20.77|20.69|20.77|1195|20.718703
2022-05-31T12:47:00|1654015620|20.73|20.73|20.73|20.73|20.73|200|20.73
2022-05-31T12:48:00|1654015680|20.674999999999997|20.65|20.7|20.65|20.7|200|20.675
2022-05-31T12:50:00|1654015800|20.64|20.64|20.64|20.64|20.64|120|20.64
2022-05-31T12:51:00|1654015860|20.67|20.67|20.67|20.67|20.67|200|20.67
2022-05-31T12:53:00|1654015980|20.682499999999997|20.665|20.7|20.665|20.7|862|20.6871
2022-05-31T12:54:00|1654016040|20.72|20.71|20.73|20.71|20.73|200|20.72
2022-05-31T12:55:00|1654016100|20.715|20.73|20.73|20.7|20.71|1000|20.716
2022-05-31T12:56:00|1654016160|20.72|20.72|20.72|20.72|20.72|200|20.72
2022-05-31T12:57:00|1654016220|20.685000000000002|20.68|20.69|20.68|20.69|300|20.686667
2022-05-31T12:59:00|1654016340|20.685000000000002|20.69|20.71|20.66|20.71|1100|20.680909
2022-05-31T13:00:00|1654016400|20.685000000000002|20.68|20.69|20.68|20.69|448|20.684464
2022-05-31T13:01:00|1654016460|20.675|20.68|20.69|20.66|20.66|400|20.6775
2022-05-31T13:02:00|1654016520|20.6525|20.66|20.68|20.625|20.625|1400|20.653714
2022-05-31T13:03:00|1654016580|20.564999999999998|20.58|20.58|20.55|20.55|500|20.569
2022-05-31T13:04:00|1654016640|20.51005|20.53|20.53|20.4901|20.52|1300|20.498154
2022-05-31T13:05:00|1654016700|20.53|20.53|20.53|20.53|20.53|100|20.53
2022-05-31T13:06:00|1654016760|20.555|20.56|20.58|20.53|20.53|1601|20.55877
2022-05-31T13:07:00|1654016820|20.52|20.52|20.52|20.52|20.52|100|20.52
2022-05-31T13:08:00|1654016880|20.5325|20.54|20.54|20.525|20.525|200|20.5325
2022-05-31T13:09:00|1654016940|20.59|20.55|20.63|20.55|20.63|821|20.590195
2022-05-31T13:10:00|1654017000|20.57|20.58|20.58|20.56|20.56|900|20.575556
2022-05-31T13:11:00|1654017060|20.51|20.51|20.51|20.51|20.51|300|20.51
2022-05-31T13:13:00|1654017180|20.505|20.58|20.58|20.43|20.43|800|20.488125
2022-05-31T13:14:00|1654017240|20.44|20.44|20.44|20.44|20.44|100|20.44
2022-05-31T13:15:00|1654017300|20.4|20.42|20.42|20.38|20.38|919|20.393058
2022-05-31T13:16:00|1654017360|20.35|20.32|20.38|20.32|20.38|300|20.36
2022-05-31T13:18:00|1654017480|20.355|20.34|20.37|20.34|20.37|701|20.348559
2022-05-31T13:19:00|1654017540|20.305|20.32|20.32|20.29|20.29|900|20.306667
2022-05-31T13:21:00|1654017660|20.345|20.38|20.4|20.29|20.29|1900|20.368947
2022-05-31T13:22:00|1654017720|20.32|20.34|20.34|20.3|20.3|200|20.32
2022-05-31T13:26:00|1654017960|20.37|20.37|20.37|20.37|20.37|100|20.37
2022-05-31T13:27:00|1654018020|20.299999999999997|20.31|20.31|20.29|20.29|1300|20.3
2022-05-31T13:29:00|1654018140|20.24|20.24|20.24|20.24|20.24|100|20.24
2022-05-31T13:31:00|1654018260|20.235|20.22|20.25|20.22|20.23|900|20.23
2022-05-31T13:32:00|1654018320|20.225|20.21|20.24|20.21|20.24|1397|20.218232
2022-05-31T13:33:00|1654018380|20.225|20.2|20.25|20.2|20.21|1600|20.2325
2022-05-31T13:34:00|1654018440|20.195|20.19|20.2|20.19|20.2|248|20.195968
2022-05-31T13:35:00|1654018500|20.315|20.26|20.37|20.26|20.37|1902|20.2746
2022-05-31T13:36:00|1654018560|20.384999999999998|20.375|20.4|20.37|20.4|500|20.377
2022-05-31T13:37:00|1654018620|20.31625|20.32|20.3525|20.28|20.34|2300|20.31663
2022-05-31T13:38:00|1654018680|20.35|20.35|20.35|20.35|20.35|200|20.35
2022-05-31T13:39:00|1654018740|20.31|20.31|20.31|20.31|20.31|1000|20.31
2022-05-31T13:41:00|1654018860|20.255000000000003|20.28|20.28|20.23|20.23|800|20.26375
2022-05-31T13:42:00|1654018920|20.23|20.23|20.23|20.23|20.23|200|20.23
2022-05-31T13:44:00|1654019040|20.23|20.23|20.23|20.23|20.23|100|20.23
2022-05-31T13:45:00|1654019100|20.25|20.27|20.29|20.21|20.21|1500|20.249333
2022-05-31T13:46:00|1654019160|20.155|20.19|20.19|20.12|20.13|1000|20.166
2022-05-31T13:47:00|1654019220|20.14|20.14|20.14|20.14|20.14|100|20.14
2022-05-31T13:48:00|1654019280|20.045|20.07|20.07|20.02|20.02|400|20.0525
2022-05-31T13:49:00|1654019340|20.09|20.09|20.09|20.09|20.09|200|20.09
2022-05-31T13:51:00|1654019460|20.045|20.03|20.06|20.03|20.06|400|20.045
2022-05-31T13:52:00|1654019520|20.0675|20.08|20.08|20.055|20.055|200|20.0675
2022-05-31T13:53:00|1654019580|20.055|20.055|20.055|20.055|20.055|100|20.055
2022-05-31T13:54:00|1654019640|20.05|20.04|20.07|20.03|20.07|1540|20.034545
2022-05-31T13:55:00|1654019700|20.12|20.08|20.17|20.07|20.17|2184|20.104725
2022-05-31T13:56:00|1654019760|20.22|20.21|20.25|20.19|20.25|600|20.221667
2022-05-31T13:57:00|1654019820|20.285|20.25|20.35|20.22|20.35|3300|20.251439
2022-05-31T13:58:00|1654019880|20.305|20.31|20.31|20.3|20.3|200|20.305
2022-05-31T13:59:00|1654019940|20.335|20.36|20.36|20.31|20.35|300|20.34
2022-05-31T14:00:00|1654020000|20.3|20.29|20.34|20.26|20.34|1100|20.289091
2022-05-31T14:01:00|1654020060|20.31|20.29|20.33|20.29|20.33|1199|20.303319
2022-05-31T14:02:00|1654020120|20.384999999999998|20.33|20.44|20.33|20.42|2500|20.36888
2022-05-31T14:03:00|1654020180|20.325000000000003|20.42|20.42|20.23|20.23|2741|20.322357
2022-05-31T14:05:00|1654020300|20.255|20.255|20.255|20.255|20.255|300|20.255
2022-05-31T14:06:00|1654020360|20.2725|20.255|20.29|20.255|20.29|300|20.266667
2022-05-31T14:08:00|1654020480|20.295|20.28|20.34|20.25|20.34|2000|20.2886
2022-05-31T14:10:00|1654020600|20.43|20.41|20.45|20.41|20.45|300|20.425
2022-05-31T14:11:00|1654020660|20.3875|20.4|20.41|20.365|20.41|2700|20.383519
2022-05-31T14:12:00|1654020720|20.3225|20.35|20.35|20.295|20.35|2755|20.314574
2022-05-31T14:13:00|1654020780|20.33|20.35|20.35|20.31|20.31|1642|20.333605
2022-05-31T14:15:00|1654020900|20.34|20.34|20.34|20.34|20.34|100|20.34
2022-05-31T14:17:00|1654021020|20.299999999999997|20.33|20.33|20.27|20.3|1299|20.296921
2022-05-31T14:18:00|1654021080|20.3125|20.295|20.33|20.295|20.32|900|20.315
2022-05-31T14:19:00|1654021140|20.28|20.29|20.3|20.26|20.265|1000|20.286
2022-05-31T14:20:00|1654021200|20.265|20.265|20.265|20.265|20.265|100|20.265
2022-05-31T14:21:00|1654021260|20.2675|20.265|20.285|20.25|20.25|2378|20.270749
2022-05-31T14:22:00|1654021320|20.225|20.25|20.25|20.2|20.2|1100|20.236818
2022-05-31T14:24:00|1654021440|20.2|20.2|20.2|20.2|20.2|100|20.2
2022-05-31T14:25:00|1654021500|20.18|20.17|20.2|20.16|20.19|1100|20.183636
2022-05-31T14:26:00|1654021560|20.175|20.175|20.175|20.175|20.175|200|20.175
2022-05-31T14:27:00|1654021620|20.175|20.175|20.175|20.175|20.175|100|20.175
2022-05-31T14:28:00|1654021680|20.1625|20.17|20.18|20.145|20.16|1300|20.159231
2022-05-31T14:29:00|1654021740|20.16|20.16|20.17|20.15|20.16|2236|20.165886
2022-05-31T14:30:00|1654021800|20.145|20.16|20.16|20.13|20.16|3216|20.147618
2022-05-31T14:31:00|1654021860|20.165|20.17|20.18|20.15|20.17|1600|20.160938
2022-05-31T14:32:00|1654021920|20.1925|20.18|20.205|20.18|20.2|800|20.186875
2022-05-31T14:33:00|1654021980|20.1875|20.18|20.215|20.16|20.2|3149|20.188882
2022-05-31T14:34:00|1654022040|20.185000000000002|20.17|20.2|20.17|20.18|1700|20.184412
2022-05-31T14:35:00|1654022100|20.175|20.18|20.18|20.17|20.17|900|20.176667
2022-05-31T14:36:00|1654022160|20.17|20.15|20.19|20.15|20.19|800|20.17875
2022-05-31T14:37:00|1654022220|20.15|20.17|20.17|20.13|20.13|746|20.147574
2022-05-31T14:38:00|1654022280|20.1025|20.12|20.13|20.075|20.08|1000|20.11
2022-05-31T14:40:00|1654022400|20.0|19.98|20.02|19.98|20.02|700|20.005714
2022-05-31T14:41:00|1654022460|19.994999999999997|20.0|20.0|19.99|19.99|300|19.996667
2022-05-31T14:42:00|1654022520|19.95|19.97|19.97|19.93|19.93|809|19.953931
2022-05-31T14:43:00|1654022580|19.86|19.86|19.86|19.86|19.86|100|19.86
2022-05-31T14:44:00|1654022640|19.86|19.86|19.86|19.86|19.86|200|19.86
2022-05-31T14:45:00|1654022700|19.85|19.84|19.87|19.83|19.83|900|19.856667
2022-05-31T14:47:00|1654022820|19.759999999999998|19.75|19.78|19.74|19.75|800|19.75875
2022-05-31T14:48:00|1654022880|19.70995|19.74|19.7599|19.66|19.68|652|19.702467
2022-05-31T14:49:00|1654022940|19.7|19.7|19.7|19.7|19.7|200|19.7
2022-05-31T14:51:00|1654023060|19.7212|19.7024|19.74|19.7024|19.74|461|19.727276
2022-05-31T14:52:00|1654023120|19.689999999999998|19.72|19.72|19.66|19.66|746|19.703914
2022-05-31T14:53:00|1654023180|19.64|19.62|19.66|19.62|19.64|1000|19.6485
2022-05-31T14:54:00|1654023240|19.63|19.63|19.63|19.63|19.63|300|19.63
2022-05-31T14:55:00|1654023300|19.59|19.59|19.59|19.59|19.59|100|19.59
2022-05-31T14:56:00|1654023360|19.625|19.595|19.66|19.59|19.66|1034|19.62176
2022-05-31T14:58:00|1654023480|19.6725|19.67|19.675|19.67|19.67|600|19.670833
2022-05-31T14:59:00|1654023540|19.69|19.68|19.71|19.67|19.71|300|19.686667
2022-05-31T15:00:00|1654023600|19.68|19.67|19.69|19.67|19.69|200|19.68
2022-05-31T15:01:00|1654023660|19.71|19.69|19.73|19.69|19.71|1800|19.714444
2022-05-31T15:02:00|1654023720|19.6525|19.65|19.655|19.65|19.655|200|19.6525
2022-05-31T15:03:00|1654023780|19.6|19.61|19.61|19.59|19.59|500|19.606
2022-05-31T15:04:00|1654023840|19.645000000000003|19.62|19.67|19.62|19.67|834|19.639736
2022-05-31T15:05:00|1654023900|19.67|19.67|19.67|19.67|19.67|300|19.67
2022-05-31T15:06:00|1654023960|19.6925|19.665|19.72|19.665|19.72|400|19.69625
2022-05-31T15:08:00|1654024080|19.72|19.72|19.75|19.69|19.75|1837|19.72252
2022-05-31T15:09:00|1654024140|19.795|19.79|19.8|19.79|19.8|681|19.798532
2022-05-31T15:10:00|1654024200|19.805|19.78|19.84|19.77|19.84|1000|19.786
2022-05-31T15:11:00|1654024260|19.825|19.825|19.825|19.825|19.825|100|19.825
2022-05-31T15:12:00|1654024320|19.795|19.78|19.81|19.78|19.81|1100|19.791364
2022-05-31T15:13:00|1654024380|19.84|19.84|19.84|19.84|19.84|100|19.84
2022-05-31T15:14:00|1654024440|19.9025|19.89|19.925|19.88|19.89|700|19.895
2022-05-31T15:15:00|1654024500|19.975|19.975|19.975|19.975|19.975|100|19.975
2022-05-31T15:16:00|1654024560|20.0|19.97|20.03|19.97|20.03|700|20.0
2022-05-31T15:17:00|1654024620|20.02|20.0|20.04|20.0|20.04|600|20.02
2022-05-31T15:18:00|1654024680|20.034999999999997|20.025|20.08|19.99|20.08|3155|20.009937
2022-05-31T15:19:00|1654024740|20.05|20.07|20.07|20.03|20.03|500|20.038
2022-05-31T15:21:00|1654024860|20.055|20.07|20.08|20.03|20.04|1000|20.056
2022-05-31T15:22:00|1654024920|20.03|20.04|20.04|20.02|20.02|1000|20.028
2022-05-31T15:24:00|1654025040|20.055|20.05|20.06|20.05|20.06|900|20.052222
2022-05-31T15:26:00|1654025160|20.015|20.05|20.05|19.98|20.01|2300|20.006522
2022-05-31T15:27:00|1654025220|20.005|20.015|20.02|19.99|19.99|1218|20.004253
2022-05-31T15:28:00|1654025280|20.0125|20.005|20.02|20.005|20.02|603|20.015025
2022-05-31T15:29:00|1654025340|20.020000000000003|20.03|20.03|20.01|20.03|1708|20.021522
2022-05-31T15:30:00|1654025400|20.03|20.05|20.05|20.01|20.01|300|20.036667
2022-05-31T15:31:00|1654025460|19.97495|20.0|20.0|19.9499|19.9499|1671|19.967691
2022-05-31T15:32:00|1654025520|19.93|19.95|19.95|19.91|19.91|800|19.9425
2022-05-31T15:33:00|1654025580|19.9125|19.91|19.92|19.905|19.92|2012|19.917018
2022-05-31T15:34:00|1654025640|19.932499999999997|19.91|19.955|19.91|19.955|2100|19.925476
2022-05-31T15:35:00|1654025700|19.955|19.955|19.955|19.955|19.955|200|19.955
2022-05-31T15:36:00|1654025760|19.91|19.93|19.93|19.89|19.89|918|19.923072
2022-05-31T15:37:00|1654025820|19.880000000000003|19.89|19.89|19.87|19.88|600|19.875
2022-05-31T15:38:00|1654025880|19.836|19.83|19.842|19.83|19.84|1300|19.834769
2022-05-31T15:39:00|1654025940|19.855|19.85|19.87|19.84|19.85|500|19.852
2022-05-31T15:40:00|1654026000|19.89|19.87|19.91|19.87|19.9|1264|19.890791
2022-05-31T15:41:00|1654026060|19.895|19.9|19.9|19.89|19.89|1100|19.897273
2022-05-31T15:42:00|1654026120|19.855|19.87|19.87|19.84|19.87|1600|19.8625
2022-05-31T15:43:00|1654026180|19.875|19.87|19.88|19.87|19.88|1299|19.876928
2022-05-31T15:44:00|1654026240|19.854999999999997|19.8525|19.88|19.83|19.83|1200|19.851875
2022-05-31T15:45:00|1654026300|19.85|19.84|19.88|19.82|19.88|2783|19.847086
2022-05-31T15:46:00|1654026360|19.92|19.89|19.95|19.89|19.95|1945|19.918252
2022-05-31T15:47:00|1654026420|19.943350000000002|19.9667|19.9667|19.92|19.92|1820|19.942502
2022-05-31T15:48:00|1654026480|19.915|19.91|19.92|19.91|19.92|800|19.91375
2022-05-31T15:49:00|1654026540|19.902500000000003|19.91|19.92|19.885|19.92|1818|19.904026
2022-05-31T15:50:00|1654026600|19.97|19.9|20.05|19.89|19.98|14124|20.028864
2022-05-31T15:51:00|1654026660|20.0275|19.99|20.1|19.955|20.1|1600|20.006875
2022-05-31T15:52:00|1654026720|20.16|20.16|20.16|20.16|20.16|217|20.16
2022-05-31T15:53:00|1654026780|20.15|20.2|20.23|20.07|20.13|4834|20.163684
2022-05-31T15:54:00|1654026840|20.03|20.15|20.15|19.91|19.91|3989|20.048303
2022-05-31T15:55:00|1654026900|20.02|19.96|20.08|19.96|20.03|4164|20.025384
2022-05-31T15:56:00|1654026960|20.0|20.03|20.03|19.97|20.01|2934|20.00591
2022-05-31T15:57:00|1654027020|20.02|20.025|20.05|19.99|20.05|4525|20.016992
2022-05-31T15:58:00|1654027080|19.994999999999997|20.04|20.04|19.95|19.98|7705|19.995125
2022-05-31T15:59:00|1654027140|19.939999999999998|20.0|20.0|19.88|19.88|10897|19.943799
2022-05-31T16:00:00|1654027200|19.88|19.88|19.88|19.88|19.88|213862|19.88
2022-05-31T16:01:00|1654027260|19.88|19.88|19.88|19.88|19.88|4220|19.88
2022-05-31T16:02:00|1654027320|20.0|20.0|20.0|20.0|20.0|100|20.0
2022-06-01T09:30:00|1654090200|20.285|20.02|20.55|20.02|20.48|6417|20.086037
2022-06-01T09:33:00|1654090380|20.38|20.38|20.38|20.38|20.38|100|20.38
2022-06-01T09:34:00|1654090440|20.485|20.47|20.5|20.47|20.5|500|20.476
2022-06-01T09:35:00|1654090500|20.585|20.68|20.68|20.49|20.49|700|20.63
2022-06-01T09:36:00|1654090560|20.200000000000003|20.19|20.21|20.19|20.21|300|20.196667
2022-06-01T09:37:00|1654090620|20.2175|20.175|20.26|20.175|20.26|500|20.237
2022-06-01T09:39:00|1654090740|20.32|20.32|20.32|20.32|20.32|100|20.32
2022-06-01T09:40:00|1654090800|20.21|20.21|20.21|20.21|20.21|100|20.21
2022-06-01T09:42:00|1654090920|20.27|20.25|20.29|20.25|20.29|500|20.264
2022-06-01T09:43:00|1654090980|20.175|20.21|20.21|20.14|20.145|800|20.1575
2022-06-01T09:46:00|1654091160|20.095|20.22|20.22|19.97|20.0|14278|20.106815
2022-06-01T09:47:00|1654091220|19.975|20.0|20.0|19.95|20.0|2400|19.993958
2022-06-01T09:48:00|1654091280|19.950000000000003|19.94|19.96|19.94|19.945|300|19.948333
2022-06-01T09:49:00|1654091340|19.905|19.92|19.92|19.89|19.89|200|19.905
2022-06-01T09:50:00|1654091400|19.915|19.95|19.95|19.88|19.88|1319|19.931804
2022-06-01T09:51:00|1654091460|19.86|19.86|19.86|19.86|19.86|200|19.86
2022-06-01T09:52:00|1654091520|19.810000000000002|19.86|19.86|19.76|19.76|639|19.794429
2022-06-01T09:53:00|1654091580|19.775|19.78|19.78|19.77|19.78|500|19.776
2022-06-01T09:54:00|1654091640|19.805|19.805|19.805|19.805|19.805|100|19.805
2022-06-01T09:55:00|1654091700|19.86|19.87|19.87|19.85|19.85|200|19.86
2022-06-01T09:56:00|1654091760|19.96|19.96|19.96|19.96|19.96|100|19.96
2022-06-01T09:57:00|1654091820|20.0|20.0|20.0|20.0|20.0|100|20.0
2022-06-01T09:58:00|1654091880|20.0|20.0|20.0|20.0|20.0|1000|20.0
2022-06-01T10:00:00|1654092000|19.765|19.81|19.81|19.72|19.74|1000|19.752
2022-06-01T10:01:00|1654092060|19.66|19.66|19.66|19.66|19.66|300|19.66
2022-06-01T10:02:00|1654092120|19.66|19.66|19.66|19.66|19.66|100|19.66
2022-06-01T10:05:00|1654092300|19.549999999999997|19.58|19.58|19.52|19.52|706|19.563003
2022-06-01T10:06:00|1654092360|19.5075|19.505|19.51|19.505|19.51|200|19.5075
2022-06-01T10:07:00|1654092420|19.490000000000002|19.47|19.51|19.47|19.51|500|19.499
2022-06-01T10:08:00|1654092480|19.57|19.5|19.64|19.5|19.6|1119|19.559875
2022-06-01T10:10:00|1654092600|19.665|19.66|19.67|19.66|19.67|200|19.665
2022-06-01T10:11:00|1654092660|19.7|19.7|19.7|19.7|19.7|200|19.7
2022-06-01T10:12:00|1654092720|19.66|19.7|19.7|19.62|19.62|500|19.674
2022-06-01T10:13:00|1654092780|19.615000000000002|19.61|19.64|19.59|19.59|700|19.6
2022-06-01T10:14:00|1654092840|19.610599999999998|19.59|19.65|19.5712|19.65|1600|19.5773
2022-06-01T10:15:00|1654092900|19.619999999999997|19.61|19.63|19.61|19.62|700|19.624286
2022-06-01T10:16:00|1654092960|19.6325|19.605|19.66|19.605|19.61|1300|19.633923
2022-06-01T10:17:00|1654093020|19.61|19.63|19.64|19.58|19.59|400|19.61
2022-06-01T10:18:00|1654093080|19.555|19.56|19.56|19.55|19.55|509|19.551965
2022-06-01T10:19:00|1654093140|19.509999999999998|19.51|19.52|19.5|19.51|600|19.511667
2022-06-01T10:20:00|1654093200|19.52|19.49|19.55|19.49|19.55|1023|19.515249
2022-06-01T10:22:00|1654093320|19.5985|19.602|19.602|19.595|19.595|300|19.599667
2022-06-01T10:23:00|1654093380|19.57|19.57|19.57|19.57|19.57|100|19.57
2022-06-01T10:24:00|1654093440|19.50625|19.5525|19.5525|19.46|19.49|1536|19.529876
2022-06-01T10:27:00|1654093620|19.495|19.5|19.51|19.48|19.486|884|19.50276
2022-06-01T10:28:00|1654093680|19.490000000000002|19.5|19.5|19.48|19.48|900|19.495556
2022-06-01T10:29:00|1654093740|19.53|19.51|19.55|19.51|19.55|605|19.530992
2022-06-01T10:30:00|1654093800|19.6|19.55|19.65|19.55|19.6|400|19.6
2022-06-01T10:32:00|1654093920|19.5355|19.54|19.55|19.521|19.521|549|19.535647
2022-06-01T10:33:00|1654093980|19.53|19.51|19.55|19.51|19.55|400|19.525
2022-06-01T10:35:00|1654094100|19.435000000000002|19.45|19.45|19.42|19.43|400|19.4375
2022-06-01T10:36:00|1654094160|19.42|19.42|19.42|19.42|19.42|100|19.42
2022-06-01T10:37:00|1654094220|19.46|19.48|19.48|19.44|19.44|300|19.453333
2022-06-01T10:39:00|1654094340|19.45|19.45|19.45|19.45|19.45|300|19.45
2022-06-01T10:40:00|1654094400|19.43|19.45|19.46|19.4|19.4|1457|19.444612
2022-06-01T10:41:00|1654094460|19.445|19.44|19.45|19.44|19.45|700|19.448571
2022-06-01T10:47:00|1654094820|19.475|19.45|19.5|19.45|19.5|400|19.4825
2022-06-01T10:48:00|1654094880|19.415|19.43|19.43|19.4|19.4|200|19.415
2022-06-01T10:49:00|1654094940|19.3625|19.375|19.375|19.35|19.35|400|19.35875
2022-06-01T10:50:00|1654095000|19.3325|19.325|19.34|19.325|19.34|200|19.3325
2022-06-01T10:51:00|1654095060|19.295|19.31|19.31|19.28|19.28|600|19.288333
2022-06-01T10:52:00|1654095120|19.32|19.3|19.35|19.29|19.35|730|19.31274
2022-06-01T10:54:00|1654095240|19.395|19.41|19.41|19.38|19.38|200|19.395
2022-06-01T10:55:00|1654095300|19.479999999999997|19.49|19.49|19.47|19.47|200|19.48
2022-06-01T10:56:00|1654095360|19.435000000000002|19.43|19.45|19.42|19.45|1100|19.429091
2022-06-01T10:59:00|1654095540|19.365000000000002|19.38|19.38|19.35|19.36|400|19.3625
2022-06-01T11:01:00|1654095660|19.29|19.3|19.3|19.28|19.28|803|19.285828
2022-06-01T11:02:00|1654095720|19.21|19.23|19.23|19.19|19.19|500|19.204
2022-06-01T11:03:00|1654095780|19.2425|19.24|19.3|19.185|19.3|900|19.259444
2022-06-01T11:07:00|1654096020|19.2304|19.24|19.24|19.2208|19.2208|1200|19.224
2022-06-01T11:08:00|1654096080|19.240000000000002|19.22|19.26|19.22|19.24|1008|19.244802
2022-06-01T11:10:00|1654096200|19.270000000000003|19.27|19.28|19.26|19.28|300|19.27
2022-06-01T11:12:00|1654096320|19.384999999999998|19.4|19.4|19.37|19.37|506|19.388024
2022-06-01T11:13:00|1654096380|19.335|19.34|19.34|19.33|19.33|400|19.3325
2022-06-01T11:16:00|1654096560|19.19625|19.2625|19.2625|19.13|19.16|1240|19.201411
2022-06-01T11:17:00|1654096620|19.205|19.19|19.22|19.19|19.22|200|19.205
2022-06-01T11:18:00|1654096680|19.235|19.22|19.25|19.22|19.25|1600|19.234063
2022-06-01T11:19:00|1654096740|19.23|19.23|19.23|19.23|19.23|100|19.23
2022-06-01T11:20:00|1654096800|19.1475|19.15|19.185|19.11|19.11|400|19.14625
2022-06-01T11:21:00|1654096860|19.16|19.11|19.21|19.11|19.21|300|19.143333
2022-06-01T11:22:00|1654096920|19.14|19.15|19.15|19.13|19.13|200|19.14
2022-06-01T11:25:00|1654097100|19.0925|19.09|19.11|19.075|19.11|929|19.099343
2022-06-01T11:27:00|1654097220|19.075|19.08|19.08|19.07|19.07|400|19.0775
2022-06-01T11:28:00|1654097280|19.12|19.13|19.14|19.1|19.14|500|19.122
2022-06-01T11:30:00|1654097400|19.075000000000003|19.06|19.1|19.05|19.1|1100|19.075455
2022-06-01T11:31:00|1654097460|19.060000000000002|19.09|19.09|19.03|19.03|202|19.059703
2022-06-01T11:32:00|1654097520|19.1|19.1|19.1|19.1|19.1|200|19.1
2022-06-01T11:33:00|1654097580|19.065|19.1|19.1|19.03|19.03|361|19.049391
2022-06-01T11:35:00|1654097700|18.975|18.99|18.99|18.96|18.98|900|18.98
2022-06-01T11:37:00|1654097820|18.990000000000002|18.97|19.01|18.97|19.01|300|18.986667
2022-06-01T11:38:00|1654097880|18.99|18.99|18.99|18.99|18.99|100|18.99
2022-06-01T11:39:00|1654097940|18.965|18.97|18.97|18.96|18.96|932|18.961073
2022-06-01T11:42:00|1654098120|18.8775|18.87|18.885|18.87|18.885|346|18.880665
2022-06-01T11:45:00|1654098300|18.939999999999998|18.95|18.95|18.93|18.93|801|18.943758
2022-06-01T11:46:00|1654098360|18.96|18.96|18.96|18.96|18.96|100|18.96
2022-06-01T11:47:00|1654098420|18.905|18.91|18.91|18.9|18.91|300|18.906667
2022-06-01T11:49:00|1654098540|18.95|18.95|18.95|18.95|18.95|400|18.95
2022-06-01T11:50:00|1654098600|18.86|18.87|18.87|18.85|18.85|500|18.858
2022-06-01T11:52:00|1654098720|18.84|18.84|18.84|18.84|18.84|200|18.84
2022-06-01T11:54:00|1654098840|18.7712|18.7712|18.7712|18.7712|18.7712|727|18.7712
2022-06-01T11:55:00|1654098900|18.8296|18.8296|18.8296|18.8296|18.8296|100|18.8296
2022-06-01T11:57:00|1654099020|18.785|18.79|18.79|18.78|18.78|200|18.785
2022-06-01T11:58:00|1654099080|18.73|18.73|18.73|18.73|18.73|100|18.73
2022-06-01T11:59:00|1654099140|18.75|18.745|18.78|18.72|18.78|701|18.753609
2022-06-01T12:00:00|1654099200|18.765|18.765|18.765|18.765|18.765|100|18.765
2022-06-01T12:01:00|1654099260|18.795|18.81|18.81|18.78|18.78|200|18.795
2022-06-01T12:02:00|1654099320|18.825|18.82|18.83|18.82|18.83|200|18.825
2022-06-01T12:04:00|1654099440|18.81|18.81|18.81|18.81|18.81|100|18.81
2022-06-01T12:05:00|1654099500|18.83|18.82|18.84|18.82|18.84|500|18.83
2022-06-01T12:07:00|1654099620|18.86|18.86|18.86|18.86|18.86|200|18.86
2022-06-01T12:08:00|1654099680|18.87995|18.87|18.8999|18.86|18.8999|800|18.886188
2022-06-01T12:10:00|1654099800|18.835|18.84|18.84|18.83|18.83|300|18.833333
2022-06-01T12:12:00|1654099920|18.76|18.76|18.76|18.76|18.76|100|18.76
2022-06-01T12:14:00|1654100040|18.740000000000002|18.72|18.76|18.72|18.76|300|18.733333
2022-06-01T12:15:00|1654100100|18.79|18.79|18.79|18.79|18.79|100|18.79
2022-06-01T12:16:00|1654100160|18.729999999999997|18.73|18.74|18.72|18.7277|6400|18.729484
2022-06-01T12:17:00|1654100220|18.82|18.82|18.84|18.8|18.84|800|18.83
2022-06-01T12:18:00|1654100280|18.79|18.81|18.81|18.77|18.77|200|18.79
2022-06-01T12:20:00|1654100400|18.835|18.83|18.84|18.83|18.84|600|18.836667
2022-06-01T12:22:00|1654100520|18.88|18.88|18.88|18.88|18.88|100|18.88
2022-06-01T12:23:00|1654100580|18.84|18.84|18.84|18.84|18.84|100|18.84
2022-06-01T12:25:00|1654100700|18.7725|18.79|18.795|18.75|18.795|500|18.767
2022-06-01T12:26:00|1654100760|18.715|18.73|18.73|18.7|18.7|700|18.705714
2022-06-01T12:27:00|1654100820|18.7|18.7|18.7|18.7|18.7|100|18.7
2022-06-01T12:28:00|1654100880|18.685000000000002|18.7|18.7|18.67|18.67|200|18.685
2022-06-01T12:29:00|1654100940|18.634999999999998|18.63|18.64|18.63|18.64|200|18.635
2022-06-01T12:30:00|1654101000|18.64|18.625|18.67|18.61|18.61|600|18.629167
2022-06-01T12:31:00|1654101060|18.68|18.68|18.68|18.68|18.68|100|18.68
2022-06-01T12:32:00|1654101120|18.677500000000002|18.69|18.7|18.655|18.7|400|18.68125
2022-06-01T12:33:00|1654101180|18.695|18.66|18.74|18.65|18.65|1200|18.675833
2022-06-01T12:34:00|1654101240|18.59|18.64|18.64|18.54|18.54|1000|18.559
2022-06-01T12:35:00|1654101300|18.557499999999997|18.54|18.625|18.49|18.5|11939|18.516836
2022-06-01T12:36:00|1654101360|18.490000000000002|18.48|18.5|18.48|18.5|1200|18.490833
2022-06-01T12:38:00|1654101480|18.475|18.475|18.475|18.475|18.475|100|18.475
2022-06-01T12:39:00|1654101540|18.490000000000002|18.5|18.5|18.48|18.48|636|18.486289
2022-06-01T12:40:00|1654101600|18.494999999999997|18.5|18.5|18.49|18.5|900|18.498889
2022-06-01T12:41:00|1654101660|18.485|18.5|18.5|18.47|18.47|500|18.488
2022-06-01T12:42:00|1654101720|18.4625|18.475|18.475|18.45|18.45|300|18.458333
2022-06-01T12:43:00|1654101780|18.31|18.4|18.4|18.22|18.25|10459|18.27488
2022-06-01T12:44:00|1654101840|18.225|18.24|18.24|18.21|18.21|501|18.23002
2022-06-01T12:46:00|1654101960|18.235|18.25|18.25|18.22|18.25|2200|18.248636
2022-06-01T12:47:00|1654102020|18.205|18.205|18.205|18.205|18.205|100|18.205
2022-06-01T12:48:00|1654102080|18.14|18.18|18.18|18.1|18.1|1800|18.116111
2022-06-01T12:49:00|1654102140|18.145|18.14|18.16|18.13|18.135|1094|18.142742
2022-06-01T12:51:00|1654102260|18.055|18.1|18.11|18.0|18.07|2700|18.041481
2022-06-01T12:52:00|1654102320|18.0475|18.05|18.095|18.0|18.075|5827|18.044841
2022-06-01T12:53:00|1654102380|18.1325|18.1|18.165|18.1|18.165|1000|18.1315
2022-06-01T12:55:00|1654102500|18.2|18.2|18.2|18.2|18.2|100|18.2
2022-06-01T12:57:00|1654102620|18.185|18.185|18.185|18.185|18.185|100|18.185
2022-06-01T12:58:00|1654102680|18.18|18.18|18.18|18.18|18.18|850|18.18
2022-06-01T12:59:00|1654102740|18.1475|18.15|18.15|18.145|18.145|200|18.1475
2022-06-01T13:00:00|1654102800|18.207500000000003|18.155|18.26|18.155|18.26|700|18.212857
2022-06-01T13:02:00|1654102920|18.34|18.34|18.34|18.34|18.34|100|18.34
2022-06-01T13:03:00|1654102980|18.36|18.36|18.36|18.36|18.36|100|18.36
2022-06-01T13:04:00|1654103040|18.36|18.36|18.36|18.36|18.36|100|18.36
2022-06-01T13:05:00|1654103100|18.32|18.32|18.32|18.32|18.32|100|18.32
2022-06-01T13:06:00|1654103160|18.395|18.36|18.43|18.36|18.43|300|18.403333
2022-06-01T13:07:00|1654103220|18.4628|18.4628|18.4628|18.4628|18.4628|100|18.4628
2022-06-01T13:08:00|1654103280|18.509999999999998|18.54|18.54|18.48|18.48|200|18.51
2022-06-01T13:09:00|1654103340|18.47|18.48|18.5|18.44|18.44|1000|18.4675
2022-06-01T13:10:00|1654103400|18.4075|18.44|18.44|18.375|18.375|450|18.405
2022-06-01T13:12:00|1654103520|18.435000000000002|18.39|18.48|18.39|18.48|300|18.45
2022-06-01T13:14:00|1654103640|18.435|18.435|18.435|18.435|18.435|100|18.435
2022-06-01T13:15:00|1654103700|18.48|18.48|18.48|18.48|18.48|100|18.48
2022-06-01T13:16:00|1654103760|18.475|18.47|18.49|18.46|18.465|400|18.47125
2022-06-01T13:17:00|1654103820|18.465|18.46|18.47|18.46|18.47|500|18.468
2022-06-01T13:18:00|1654103880|18.39|18.41|18.41|18.37|18.38|300|18.386667
2022-06-01T13:20:00|1654104000|18.355|18.36|18.36|18.35|18.36|653|18.353063
2022-06-01T13:21:00|1654104060|18.384999999999998|18.4|18.4|18.37|18.37|200|18.385
2022-06-01T13:22:00|1654104120|18.3275|18.34|18.34|18.315|18.315|200|18.3275
2022-06-01T13:23:00|1654104180|18.29|18.29|18.29|18.29|18.29|260|18.29
2022-06-01T13:24:00|1654104240|18.18|18.18|18.18|18.18|18.18|100|18.18
2022-06-01T13:25:00|1654104300|18.28|18.28|18.28|18.28|18.28|100|18.28
2022-06-01T13:26:00|1654104360|18.325|18.31|18.34|18.31|18.34|700|18.321429
2022-06-01T13:27:00|1654104420|18.32|18.32|18.32|18.32|18.32|100|18.32
2022-06-01T13:28:00|1654104480|18.365000000000002|18.36|18.37|18.36|18.36|353|18.364334
2022-06-01T13:29:00|1654104540|18.35|18.34|18.36|18.34|18.36|500|18.355
2022-06-01T13:31:00|1654104660|18.369999999999997|18.41|18.41|18.33|18.345|800|18.375625
2022-06-01T13:33:00|1654104780|18.380000000000003|18.37|18.39|18.37|18.39|200|18.38
2022-06-01T13:35:00|1654104900|18.4075|18.36|18.455|18.36|18.455|1487|18.408742
2022-06-01T13:36:00|1654104960|18.4731|18.4731|18.4731|18.4731|18.4731|400|18.4731
2022-06-01T13:37:00|1654105020|18.42|18.42|18.42|18.42|18.42|100|18.42
2022-06-01T13:38:00|1654105080|18.52|18.51|18.56|18.48|18.55|1100|18.519091
2022-06-01T13:40:00|1654105200|18.535|18.525|18.545|18.525|18.545|200|18.535
2022-06-01T13:41:00|1654105260|18.595|18.595|18.595|18.595|18.595|100|18.595
2022-06-01T13:42:00|1654105320|18.55|18.55|18.55|18.55|18.55|100|18.55
2022-06-01T13:43:00|1654105380|18.555|18.56|18.56|18.55|18.55|214|18.555327
2022-06-01T13:44:00|1654105440|18.549999999999997|18.52|18.58|18.52|18.54|700|18.56
2022-06-01T13:45:00|1654105500|18.6|18.58|18.62|18.58|18.6|500|18.6
2022-06-01T13:46:00|1654105560|18.5813|18.5626|18.6|18.5626|18.6|250|18.57756
2022-06-01T13:47:00|1654105620|18.6175|18.6|18.635|18.6|18.635|300|18.621667
2022-06-01T13:48:00|1654105680|18.6275|18.635|18.655|18.6|18.6|1236|18.626877
2022-06-01T13:49:00|1654105740|18.645|18.645|18.645|18.645|18.645|100|18.645
2022-06-01T13:51:00|1654105860|18.61|18.61|18.61|18.61|18.61|100|18.61
2022-06-01T13:52:00|1654105920|18.56|18.56|18.56|18.56|18.56|100|18.56
2022-06-01T13:54:00|1654106040|18.54|18.54|18.54|18.54|18.54|100|18.54
2022-06-01T13:55:00|1654106100|18.5475|18.535|18.56|18.535|18.56|200|18.5475
2022-06-01T13:56:00|1654106160|18.61|18.6|18.62|18.6|18.62|300|18.606667
2022-06-01T13:57:00|1654106220|18.645|18.65|18.65|18.64|18.64|200|18.645
2022-06-01T13:58:00|1654106280|18.630000000000003|18.66|18.66|18.6|18.6|700|18.625714
2022-06-01T13:59:00|1654106340|18.605|18.59|18.64|18.57|18.57|400|18.5975
2022-06-01T14:00:00|1654106400|18.63|18.65|18.65|18.61|18.62|500|18.628
2022-06-01T14:02:00|1654106520|18.564999999999998|18.54|18.59|18.54|18.59|400|18.5675
2022-06-01T14:03:00|1654106580|18.59|18.59|18.59|18.59|18.59|105|18.59
2022-06-01T14:04:00|1654106640|18.61|18.61|18.61|18.61|18.61|200|18.61
2022-06-01T14:05:00|1654106700|18.595|18.6|18.62|18.57|18.6|706|18.607252
2022-06-01T14:06:00|1654106760|18.5925|18.615|18.615|18.57|18.58|500|18.589
2022-06-01T14:07:00|1654106820|18.549999999999997|18.56|18.56|18.54|18.54|200|18.55
2022-06-01T14:09:00|1654106940|18.572499999999998|18.57|18.59|18.555|18.57|814|18.572457
2022-06-01T14:11:00|1654107060|18.555|18.57|18.57|18.54|18.54|208|18.555577
2022-06-01T14:12:00|1654107120|18.535|18.535|18.535|18.535|18.535|130|18.535
2022-06-01T14:13:00|1654107180|18.630000000000003|18.62|18.64|18.62|18.64|707|18.625856
2022-06-01T14:14:00|1654107240|18.655|18.65|18.67|18.64|18.64|300|18.653333
2022-06-01T14:15:00|1654107300|18.6405|18.6405|18.6405|18.6405|18.6405|276|18.6405
2022-06-01T14:17:00|1654107420|18.665|18.67|18.67|18.66|18.66|339|18.6641
2022-06-01T14:18:00|1654107480|18.6|18.61|18.61|18.59|18.59|200|18.6
2022-06-01T14:19:00|1654107540|18.5575|18.55|18.565|18.55|18.565|200|18.5575
2022-06-01T14:20:00|1654107600|18.56|18.56|18.56|18.56|18.56|100|18.56
2022-06-01T14:21:00|1654107660|18.56|18.56|18.56|18.56|18.56|100|18.56
2022-06-01T14:22:00|1654107720|18.585|18.6|18.6|18.57|18.57|200|18.585
2022-06-01T14:23:00|1654107780|18.645|18.64|18.66|18.63|18.63|700|18.638571
2022-06-01T14:25:00|1654107900|18.7|18.7|18.7|18.7|18.7|300|18.7
2022-06-01T14:26:00|1654107960|18.6875|18.665|18.71|18.665|18.7|1009|18.693152
2022-06-01T14:28:00|1654108080|18.705|18.71|18.72|18.69|18.69|970|18.715876
2022-06-01T14:29:00|1654108140|18.705|18.705|18.705|18.705|18.705|100|18.705
2022-06-01T14:30:00|1654108200|18.745|18.745|18.745|18.745|18.745|100|18.745
2022-06-01T14:31:00|1654108260|18.7875|18.76|18.815|18.76|18.815|900|18.768333
2022-06-01T14:32:00|1654108320|18.667499999999997|18.65|18.685|18.65|18.685|200|18.6675
2022-06-01T14:33:00|1654108380|18.705|18.7|18.71|18.7|18.705|500|18.705
2022-06-01T14:34:00|1654108440|18.705|18.71|18.71|18.7|18.7|300|18.706667
2022-06-01T14:35:00|1654108500|18.700000000000003|18.71|18.71|18.69|18.71|400|18.705
2022-06-01T14:36:00|1654108560|18.740000000000002|18.71|18.77|18.71|18.77|434|18.74235
2022-06-01T14:37:00|1654108620|18.814999999999998|18.79|18.84|18.79|18.84|200|18.815
2022-06-01T14:39:00|1654108740|18.85|18.85|18.85|18.85|18.85|926|18.85
2022-06-01T14:40:00|1654108800|18.855|18.86|18.86|18.85|18.85|300|18.856667
2022-06-01T14:42:00|1654108920|18.895|18.89|18.9|18.89|18.9|400|18.8925
2022-06-01T14:43:00|1654108980|18.94|18.92|18.96|18.92|18.96|932|18.935708
2022-06-01T14:44:00|1654109040|18.990000000000002|18.99|19.0|18.98|18.99|1100|18.993636
2022-06-01T14:45:00|1654109100|19.04|19.03|19.05|19.03|19.05|500|19.037
2022-06-01T14:46:00|1654109160|19.005000000000003|19.01|19.01|19.0|19.0|200|19.005
2022-06-01T14:47:00|1654109220|19.03|19.03|19.03|19.03|19.03|100|19.03
2022-06-01T14:48:00|1654109280|19.0075|19.025|19.025|18.99|18.99|600|19.0025
2022-06-01T14:50:00|1654109400|18.97|18.97|18.97|18.97|18.97|200|18.97
2022-06-01T14:51:00|1654109460|18.98|18.98|18.98|18.98|18.98|100|18.98
2022-06-01T14:52:00|1654109520|18.948300000000003|18.94|18.9566|18.94|18.9566|1823|18.955689
2022-06-01T14:55:00|1654109700|18.975|18.97|19.0|18.95|18.95|600|18.981667
2022-06-01T14:56:00|1654109760|18.97|19.0|19.0|18.94|18.94|300|18.96
2022-06-01T14:57:00|1654109820|18.831000000000003|18.847|18.847|18.815|18.815|400|18.8305
2022-06-01T14:58:00|1654109880|18.82|18.815|18.84|18.8|18.8|2100|18.822857
2022-06-01T14:59:00|1654109940|18.82|18.84|18.84|18.8|18.8|300|18.813333
2022-06-01T15:00:00|1654110000|18.78|18.81|18.81|18.75|18.75|1758|18.79969
2022-06-01T15:01:00|1654110060|18.755|18.755|18.755|18.755|18.755|100|18.755
2022-06-01T15:02:00|1654110120|18.7675|18.785|18.785|18.75|18.75|400|18.77
2022-06-01T15:03:00|1654110180|18.744999999999997|18.77|18.77|18.72|18.72|300|18.743333
2022-06-01T15:04:00|1654110240|18.715|18.72|18.73|18.7|18.72|1365|18.720733
2022-06-01T15:05:00|1654110300|18.747500000000002|18.74|18.77|18.725|18.77|597|18.747487
2022-06-01T15:06:00|1654110360|18.8125|18.815|18.815|18.81|18.81|400|18.81125
2022-06-01T15:07:00|1654110420|18.81|18.81|18.81|18.81|18.81|100|18.81
2022-06-01T15:08:00|1654110480|18.825000000000003|18.82|18.85|18.8|18.85|1224|18.836765
2022-06-01T15:09:00|1654110540|18.880000000000003|18.87|18.89|18.87|18.89|200|18.88
2022-06-01T15:11:00|1654110660|18.885|18.885|18.885|18.885|18.885|100|18.885
2022-06-01T15:12:00|1654110720|18.9125|18.9|18.925|18.9|18.925|497|18.90503
2022-06-01T15:13:00|1654110780|18.975|18.94|19.01|18.94|18.99|600|18.9775
2022-06-01T15:15:00|1654110900|18.975|18.99|18.99|18.96|18.96|705|18.981489
2022-06-01T15:17:00|1654111020|18.97|18.99|18.99|18.95|18.95|900|18.981111
2022-06-01T15:18:00|1654111080|18.935000000000002|18.94|18.95|18.92|18.95|800|18.940625
2022-06-01T15:19:00|1654111140|18.96|18.96|18.96|18.96|18.96|100|18.96
2022-06-01T15:20:00|1654111200|18.98|18.98|18.98|18.98|18.98|200|18.98
2022-06-01T15:21:00|1654111260|18.98|18.96|19.0|18.96|19.0|400|18.9825
2022-06-01T15:22:00|1654111320|19.01|19.01|19.01|19.01|19.01|200|19.01
2022-06-01T15:23:00|1654111380|19.045|19.07|19.08|19.01|19.02|5287|19.055415
2022-06-01T15:24:00|1654111440|19.005|19.005|19.005|19.005|19.005|100|19.005
2022-06-01T15:25:00|1654111500|18.9625|18.95|18.975|18.95|18.975|600|18.954167
2022-06-01T15:26:00|1654111560|18.98|18.98|18.98|18.98|18.98|100|18.98
2022-06-01T15:27:00|1654111620|18.960749999999997|18.9715|18.9715|18.95|18.95|624|18.961724
2022-06-01T15:28:00|1654111680|18.945|18.93|18.97|18.92|18.94|1589|18.950711
2022-06-01T15:29:00|1654111740|18.972499999999997|18.955|18.99|18.955|18.99|500|18.983
2022-06-01T15:31:00|1654111860|18.95|18.95|18.95|18.95|18.95|200|18.95
2022-06-01T15:32:00|1654111920|18.965|18.98|18.98|18.95|18.95|400|18.97
2022-06-01T15:34:00|1654112040|18.86|18.86|18.86|18.86|18.86|100|18.86
2022-06-01T15:35:00|1654112100|18.833750000000002|18.87|18.87|18.7975|18.7975|400|18.821875
2022-06-01T15:36:00|1654112160|18.814999999999998|18.83|18.84|18.79|18.79|500|18.818
2022-06-01T15:37:00|1654112220|18.77|18.77|18.77|18.77|18.77|100|18.77
2022-06-01T15:39:00|1654112340|18.74|18.74|18.74|18.74|18.74|400|18.74
2022-06-01T15:40:00|1654112400|18.762500000000003|18.75|18.78|18.745|18.78|700|18.757857
2022-06-01T15:41:00|1654112460|18.775|18.74|18.81|18.74|18.81|693|18.770101
2022-06-01T15:42:00|1654112520|18.83|18.83|18.83|18.83|18.83|100|18.83
2022-06-01T15:43:00|1654112580|18.82|18.85|18.85|18.79|18.79|600|18.815833
2022-06-01T15:45:00|1654112700|18.7455|18.77|18.77|18.721|18.77|400|18.7515
2022-06-01T15:46:00|1654112760|18.759999999999998|18.77|18.77|18.75|18.75|200|18.76
2022-06-01T15:47:00|1654112820|18.77|18.79|18.79|18.75|18.75|300|18.763333
2022-06-01T15:48:00|1654112880|18.759999999999998|18.76|18.78|18.74|18.74|900|18.761667
2022-06-01T15:49:00|1654112940|18.7225|18.735|18.735|18.71|18.71|300|18.725
2022-06-01T15:50:00|1654113000|18.67|18.7|18.72|18.62|18.66|2578|18.670908
2022-06-01T15:51:00|1654113060|18.6575|18.665|18.665|18.65|18.66|600|18.655833
2022-06-01T15:52:00|1654113120|18.6925|18.7|18.705|18.68|18.7|600|18.696667
2022-06-01T15:53:00|1654113180|18.665|18.7|18.7|18.63|18.63|600|18.6575
2022-06-01T15:54:00|1654113240|18.62|18.64|18.64|18.6|18.605|1400|18.623929
2022-06-01T15:55:00|1654113300|18.5885|18.59|18.63|18.547|18.55|5263|18.582689
2022-06-01T15:56:00|1654113360|18.557499999999997|18.575|18.575|18.54|18.54|2444|18.553703
2022-06-01T15:57:00|1654113420|18.48|18.52|18.52|18.44|18.47|4931|18.494833
2022-06-01T15:58:00|1654113480|18.45|18.47|18.49|18.41|18.44|20032|18.433182
2022-06-01T15:59:00|1654113540|18.435000000000002|18.45|18.48|18.39|18.4|13462|18.441291
2022-06-01T16:00:00|1654113600|18.395|18.4|18.4|18.39|18.39|131098|18.390022
2022-06-01T16:06:00|1654113960|18.174999999999997|18.15|18.2|18.15|18.2|200|18.175
2022-06-01T16:23:00|1654114980|18.35|18.35|18.35|18.35|18.35|100|18.35
2022-06-02T09:31:00|1654176660|18.12|18.12|18.12|18.12|18.12|200|18.12
2022-06-02T09:32:00|1654176720|18.225|18.15|18.3|18.15|18.3|400|18.235
2022-06-02T09:34:00|1654176840|18.4447|18.4494|18.4494|18.44|18.44|2000|18.44893
2022-06-02T09:35:00|1654176900|18.37|18.37|18.37|18.37|18.37|2058|18.37
2022-06-02T09:36:00|1654176960|18.5|18.5|18.5|18.5|18.5|190|18.5
2022-06-02T09:37:00|1654177020|18.5|18.5|18.5|18.5|18.5|700|18.5
2022-06-02T09:41:00|1654177260|18.509999999999998|18.49|18.53|18.49|18.53|300|18.516667
2022-06-02T09:42:00|1654177320|18.64|18.64|18.64|18.64|18.64|192|18.64
2022-06-02T09:45:00|1654177500|18.795|18.83|18.83|18.76|18.76|529|18.773233
2022-06-02T09:47:00|1654177620|18.810000000000002|18.84|18.85|18.77|18.77|400|18.81
2022-06-02T09:48:00|1654177680|18.68|18.68|18.68|18.68|18.68|100|18.68
2022-06-02T09:52:00|1654177920|18.6|18.69|18.69|18.51|18.51|863|18.623951
2022-06-02T09:53:00|1654177980|18.634999999999998|18.59|18.68|18.59|18.68|200|18.635
2022-06-02T09:54:00|1654178040|18.605|18.61|18.61|18.6|18.6|200|18.605
2022-06-02T09:55:00|1654178100|18.47|18.46|18.48|18.46|18.46|700|18.462857
2022-06-02T09:56:00|1654178160|18.54|18.49|18.59|18.49|18.58|1312|18.536646
2022-06-02T09:57:00|1654178220|18.515|18.57|18.57|18.46|18.46|429|18.513613
2022-06-02T09:58:00|1654178280|18.52|18.56|18.56|18.48|18.48|10727|18.500509
2022-06-02T10:00:00|1654178400|18.69|18.62|18.76|18.62|18.76|400|18.66875
2022-06-02T10:01:00|1654178460|18.82|18.82|18.82|18.82|18.82|200|18.82
2022-06-02T10:02:00|1654178520|18.810000000000002|18.77|18.87|18.75|18.87|15700|18.769197
2022-06-02T10:03:00|1654178580|18.8125|18.735|18.89|18.735|18.89|1877|18.81959
2022-06-02T10:04:00|1654178640|18.842599999999997|18.835|18.88|18.8052|18.84|715|18.844224
2022-06-02T10:05:00|1654178700|18.905|18.89|18.95|18.86|18.93|1581|18.890051
2022-06-02T10:06:00|1654178760|18.9542|18.93|19.05|18.8584|18.96|2100|18.982781
2022-06-02T10:07:00|1654178820|18.950000000000003|19.01|19.01|18.89|18.89|1300|18.938077
2022-06-02T10:08:00|1654178880|18.8425|18.83|18.87|18.815|18.835|600|18.841667
2022-06-02T10:09:00|1654178940|18.84|18.84|18.84|18.84|18.84|100|18.84
2022-06-02T10:10:00|1654179000|18.955|18.92|19.03|18.88|18.89|1500|18.964
2022-06-02T10:11:00|1654179060|18.91|18.91|18.91|18.91|18.91|100|18.91
2022-06-02T10:12:00|1654179120|18.9925|18.945|19.04|18.945|19.04|1200|18.954583
2022-06-02T10:13:00|1654179180|18.997500000000002|18.965|19.05|18.945|19.05|2140|18.990841
2022-06-02T10:14:00|1654179240|19.105|19.11|19.11|19.1|19.1|200|19.105
2022-06-02T10:15:00|1654179300|19.035|19.04|19.04|19.03|19.03|600|19.036667
2022-06-02T10:16:00|1654179360|19.09|19.06|19.12|19.06|19.065|600|19.075833
2022-06-02T10:17:00|1654179420|19.055|19.06|19.1|19.01|19.06|1700|19.037941
2022-06-02T10:18:00|1654179480|18.955|19.01|19.02|18.89|18.94|1600|18.964375
2022-06-02T10:19:00|1654179540|18.9725|18.875|19.07|18.875|18.98|1211|18.976837
2022-06-02T10:20:00|1654179600|18.905|18.89|18.95|18.86|18.95|508|18.897402
2022-06-02T10:21:00|1654179660|18.8175|18.85|18.895|18.74|18.795|1900|18.848158
2022-06-02T10:22:00|1654179720|18.795|18.74|18.85|18.74|18.82|1100|18.768545
2022-06-02T10:23:00|1654179780|18.86|18.8|18.92|18.8|18.92|700|18.871429
2022-06-02T10:24:00|1654179840|18.795|18.82|18.82|18.77|18.815|911|18.79506
2022-06-02T10:25:00|1654179900|18.795|18.78|18.81|18.78|18.81|400|18.7875
2022-06-02T10:26:00|1654179960|18.85|18.84|18.86|18.84|18.86|600|18.843333
2022-06-02T10:27:00|1654180020|18.825000000000003|18.83|18.855|18.795|18.855|400|18.8275
2022-06-02T10:28:00|1654180080|18.895|18.86|18.93|18.86|18.93|300|18.883333
2022-06-02T10:29:00|1654180140|18.96|18.93|18.99|18.93|18.99|257|18.966654
2022-06-02T10:30:00|1654180200|18.98|18.98|18.98|18.98|18.98|100|18.98
2022-06-02T10:31:00|1654180260|19.05|19.05|19.05|19.05|19.05|200|19.05
2022-06-02T10:32:00|1654180320|19.075000000000003|19.05|19.1|19.05|19.1|300|19.066667
2022-06-02T10:33:00|1654180380|19.03|19.02|19.06|19.0|19.02|810|19.033333
2022-06-02T10:34:00|1654180440|19.057499999999997|19.0575|19.06|19.055|19.055|460|19.05663
2022-06-02T10:35:00|1654180500|18.98|19.02|19.02|18.94|18.99|2802|18.98465
2022-06-02T10:36:00|1654180560|18.9725|18.995|18.995|18.95|18.95|200|18.9725
2022-06-02T10:37:00|1654180620|18.93|18.93|18.93|18.93|18.93|100|18.93
2022-06-02T10:38:00|1654180680|18.955|18.955|18.955|18.955|18.955|300|18.955
2022-06-02T10:39:00|1654180740|18.939999999999998|19.0|19.0|18.88|18.89|1190|18.937563
2022-06-02T10:41:00|1654180860|18.8875|18.915|18.915|18.86|18.865|400|18.8775
2022-06-02T10:42:00|1654180920|18.93|18.91|18.95|18.91|18.94|800|18.93125
2022-06-02T10:43:00|1654180980|18.86|18.91|18.93|18.79|18.79|3170|18.887886
2022-06-02T10:44:00|1654181040|18.86|18.84|18.88|18.84|18.84|800|18.85625
2022-06-02T10:45:00|1654181100|18.84|18.84|18.84|18.84|18.84|100|18.84
2022-06-02T10:47:00|1654181220|18.82|18.84|18.84|18.8|18.84|500|18.832
2022-06-02T10:48:00|1654181280|18.82|18.81|18.84|18.8|18.84|500|18.826
2022-06-02T10:49:00|1654181340|18.8354|18.84|18.8708|18.8|18.84|1200|18.849567
2022-06-02T10:50:00|1654181400|18.740000000000002|18.76|18.76|18.72|18.72|400|18.745
2022-06-02T10:51:00|1654181460|18.715|18.66|18.77|18.66|18.69|600|18.715833
2022-06-02T10:52:00|1654181520|18.677500000000002|18.69|18.7|18.655|18.655|700|18.686429
2022-06-02T10:53:00|1654181580|18.5925|18.62|18.62|18.565|18.565|500|18.593
2022-06-02T10:54:00|1654181640|18.52|18.54|18.54|18.5|18.5|628|18.533631
2022-06-02T10:58:00|1654181880|18.5625|18.59|18.595|18.53|18.53|1300|18.566154
2022-06-02T10:59:00|1654181940|18.515|18.53|18.53|18.5|18.5|400|18.5225
2022-06-02T11:00:00|1654182000|18.5075|18.525|18.525|18.49|18.49|200|18.5075
2022-06-02T11:01:00|1654182060|18.505|18.52|18.52|18.49|18.49|578|18.49519
2022-06-02T11:02:00|1654182120|18.479999999999997|18.49|18.49|18.47|18.47|300|18.476667
2022-06-02T11:03:00|1654182180|18.515|18.49|18.54|18.49|18.54|600|18.511667
2022-06-02T11:04:00|1654182240|18.509999999999998|18.56|18.56|18.46|18.46|1721|18.539024
2022-06-02T11:05:00|1654182300|18.465|18.47|18.48|18.45|18.45|628|18.468631
2022-06-02T11:06:00|1654182360|18.4|18.4|18.4|18.4|18.4|100|18.4
2022-06-02T11:07:00|1654182420|18.4|18.4|18.4|18.4|18.4|100|18.4
2022-06-02T11:08:00|1654182480|18.47|18.45|18.49|18.45|18.49|700|18.475714
2022-06-02T11:09:00|1654182540|18.485|18.49|18.5|18.47|18.484|1000|18.4804
2022-06-02T11:10:00|1654182600|18.490000000000002|18.5|18.52|18.46|18.46|752|18.501383
2022-06-02T11:11:00|1654182660|18.47|18.47|18.47|18.47|18.47|100|18.47
2022-06-02T11:12:00|1654182720|18.505|18.52|18.52|18.49|18.49|1590|18.514843
2022-06-02T11:13:00|1654182780|18.4875|18.515|18.515|18.46|18.46|700|18.489286
2022-06-02T11:14:00|1654182840|18.47|18.47|18.47|18.47|18.47|100|18.47
2022-06-02T11:15:00|1654182900|18.5071|18.5|18.5342|18.48|18.5342|1000|18.50426
2022-06-02T11:16:00|1654182960|18.5375|18.54|18.545|18.53|18.545|300|18.538333
2022-06-02T11:17:00|1654183020|18.490000000000002|18.5|18.5|18.48|18.48|600|18.496667
2022-06-02T11:18:00|1654183080|18.5275|18.53|18.53|18.525|18.525|300|18.526667
2022-06-02T11:19:00|1654183140|18.47|18.49|18.49|18.45|18.45|800|18.48375
2022-06-02T11:21:00|1654183260|18.502499999999998|18.49|18.525|18.48|18.48|900|18.492778
2022-06-02T11:22:00|1654183320|18.495|18.48|18.51|18.48|18.51|300|18.493333
2022-06-02T11:23:00|1654183380|18.45|18.45|18.45|18.45|18.45|100|18.45
2022-06-02T11:24:00|1654183440|18.5275|18.5|18.56|18.495|18.56|600|18.509167
2022-06-02T11:26:00|1654183560|18.6025|18.615|18.615|18.59|18.59|200|18.6025
2022-06-02T11:29:00|1654183740|18.645|18.665|18.68|18.61|18.61|1568|18.649694
2022-06-02T11:31:00|1654183860|18.61|18.635|18.64|18.58|18.58|1244|18.628344
2022-06-02T11:32:00|1654183920|18.56|18.56|18.56|18.56|18.56|100|18.56
2022-06-02T11:34:00|1654184040|18.63|18.58|18.68|18.58|18.68|400|18.62375
2022-06-02T11:36:00|1654184160|18.585|18.62|18.62|18.55|18.59|1300|18.587692
2022-06-02T11:37:00|1654184220|18.619999999999997|18.6|18.65|18.59|18.65|300|18.613333
2022-06-02T11:38:00|1654184280|18.605|18.61|18.61|18.6|18.6|300|18.606667
2022-06-02T11:39:00|1654184340|18.67|18.67|18.68|18.66|18.68|403|18.672556
2022-06-02T11:40:00|1654184400|18.715|18.71|18.72|18.71|18.72|200|18.715
2022-06-02T11:41:00|1654184460|18.775|18.78|18.78|18.77|18.77|500|18.772
2022-06-02T11:44:00|1654184640|18.74|18.74|18.74|18.74|18.74|300|18.74
2022-06-02T11:46:00|1654184760|18.765|18.785|18.81|18.72|18.72|800|18.7725
2022-06-02T11:47:00|1654184820|18.735|18.735|18.735|18.735|18.735|200|18.735
2022-06-02T11:48:00|1654184880|18.685000000000002|18.71|18.71|18.66|18.66|300|18.693333
2022-06-02T11:50:00|1654185000|18.68|18.68|18.68|18.68|18.68|300|18.68
2022-06-02T11:51:00|1654185060|18.665|18.64|18.69|18.64|18.69|442|18.673937
2022-06-02T11:52:00|1654185120|18.66|18.65|18.67|18.65|18.65|400|18.655
2022-06-02T11:53:00|1654185180|18.68|18.68|18.68|18.68|18.68|200|18.68
2022-06-02T11:54:00|1654185240|18.68|18.69|18.69|18.67|18.67|500|18.686
2022-06-02T11:57:00|1654185420|18.695|18.67|18.72|18.67|18.72|600|18.688333
2022-06-02T11:58:00|1654185480|18.7175|18.71|18.73|18.705|18.73|500|18.713
2022-06-02T11:59:00|1654185540|18.705|18.7|18.71|18.7|18.71|200|18.705
2022-06-02T12:00:00|1654185600|18.67|18.67|18.67|18.67|18.67|200|18.67
2022-06-02T12:01:00|1654185660|18.63|18.63|18.65|18.61|18.61|300|18.63
2022-06-02T12:02:00|1654185720|18.725|18.67|18.78|18.67|18.75|400|18.7375
2022-06-02T12:03:00|1654185780|18.75|18.75|18.75|18.75|18.75|100|18.75
2022-06-02T12:04:00|1654185840|18.74|18.74|18.74|18.74|18.74|100|18.74
2022-06-02T12:05:00|1654185900|18.73|18.75|18.75|18.71|18.715|600|18.7225
2022-06-02T12:06:00|1654185960|18.755000000000003|18.75|18.78|18.73|18.78|800|18.753375
2022-06-02T12:07:00|1654186020|18.76|18.76|18.76|18.76|18.76|200|18.76
2022-06-02T12:10:00|1654186200|18.84|18.82|18.86|18.82|18.86|400|18.84
2022-06-02T12:13:00|1654186380|18.9|18.9|18.9|18.9|18.9|200|18.9
2022-06-02T12:14:00|1654186440|18.875|18.84|18.92|18.83|18.91|3654|18.861721
2022-06-02T12:15:00|1654186500|18.915|18.915|18.915|18.915|18.915|106|18.915
2022-06-02T12:18:00|1654186680|18.975|18.99|19.01|18.94|18.94|1904|18.986423
2022-06-02T12:19:00|1654186740|18.97|18.97|18.97|18.97|18.97|630|18.97
2022-06-02T12:20:00|1654186800|18.9825|18.965|19.0|18.965|18.97|1026|18.97231
2022-06-02T12:21:00|1654186860|18.987499999999997|18.98|19.005|18.97|18.985|900|18.989544
2022-06-02T12:22:00|1654186920|18.985|18.985|18.985|18.985|18.985|200|18.985
2022-06-02T12:23:00|1654186980|18.98|18.98|18.98|18.98|18.98|200|18.98
2022-06-02T12:25:00|1654187100|19.0425|19.02|19.065|19.02|19.065|910|19.042857
2022-06-02T12:26:00|1654187160|19.1|19.1|19.1|19.1|19.1|680|19.1
2022-06-02T12:27:00|1654187220|19.12|19.14|19.14|19.1|19.1|200|19.12
2022-06-02T12:28:00|1654187280|19.1375|19.14|19.18|19.095|19.11|2280|19.139728
2022-06-02T12:29:00|1654187340|19.115000000000002|19.14|19.14|19.09|19.09|200|19.115
2022-06-02T12:30:00|1654187400|19.0425|19.03|19.055|19.03|19.055|303|19.046749
2022-06-02T12:31:00|1654187460|19.049999999999997|19.08|19.08|19.02|19.02|200|19.05
2022-06-02T12:32:00|1654187520|19.07|19.07|19.07|19.07|19.07|100|19.07
2022-06-02T12:34:00|1654187640|19.075000000000003|19.08|19.1|19.05|19.1|734|19.074523
2022-06-02T12:35:00|1654187700|19.085|19.09|19.09|19.08|19.09|600|19.083333
2022-06-02T12:36:00|1654187760|19.064999999999998|19.08|19.08|19.05|19.06|800|19.06625
2022-06-02T12:37:00|1654187820|19.03|19.02|19.05|19.01|19.05|300|19.026667
2022-06-02T12:38:00|1654187880|19.02|19.02|19.02|19.02|19.02|200|19.02
2022-06-02T12:39:00|1654187940|19.035|19.04|19.05|19.02|19.05|500|19.04
2022-06-02T12:40:00|1654188000|19.105|19.07|19.14|19.07|19.14|600|19.103333
2022-06-02T12:41:00|1654188060|19.07|19.07|19.07|19.07|19.07|100|19.07
2022-06-02T12:42:00|1654188120|19.04|19.07|19.07|19.01|19.03|1145|19.037424
2022-06-02T12:43:00|1654188180|19.015|19.025|19.04|18.99|19.03|2386|19.005407
2022-06-02T12:44:00|1654188240|19.0225|19.005|19.04|19.005|19.04|200|19.0225
2022-06-02T12:45:00|1654188300|19.064999999999998|19.06|19.07|19.06|19.06|915|19.065464
2022-06-02T12:46:00|1654188360|19.05|19.04|19.07|19.03|19.07|300|19.046667
2022-06-02T12:47:00|1654188420|19.0125|19.0|19.025|19.0|19.025|300|19.008333
2022-06-02T12:48:00|1654188480|19.0475|19.06|19.06|19.035|19.035|200|19.0475
2022-06-02T12:49:00|1654188540|19.035|19.02|19.05|19.02|19.04|400|19.04
2022-06-02T12:51:00|1654188660|19.02|19.02|19.02|19.02|19.02|100|19.02
2022-06-02T12:52:00|1654188720|19.0875|19.07|19.105|19.07|19.1|300|19.091667
2022-06-02T12:53:00|1654188780|19.14|19.14|19.14|19.14|19.14|100|19.14
2022-06-02T12:55:00|1654188900|19.095|19.07|19.12|19.07|19.07|2400|19.08875
2022-06-02T12:56:00|1654188960|19.0575|19.065|19.065|19.05|19.05|200|19.0575
2022-06-02T12:57:00|1654189020|19.0675|19.08|19.08|19.055|19.055|200|19.0675
2022-06-02T12:58:00|1654189080|19.04|19.055|19.07|19.01|19.02|600|19.036667
2022-06-02T12:59:00|1654189140|18.96|18.99|18.99|18.93|18.93|1817|18.967523
2022-06-02T13:00:00|1654189200|18.935000000000002|18.92|18.95|18.92|18.93|760|18.925263
2022-06-02T13:01:00|1654189260|18.884999999999998|18.89|18.89|18.88|18.88|200|18.885
2022-06-02T13:02:00|1654189320|18.895000000000003|18.915|18.94|18.85|18.86|800|18.89375
2022-06-02T13:03:00|1654189380|18.89|18.88|18.9|18.88|18.895|999|18.890511
2022-06-02T13:04:00|1654189440|18.905|18.905|18.905|18.905|18.905|100|18.905
2022-06-02T13:05:00|1654189500|18.8825|18.87|18.895|18.87|18.895|600|18.87875
2022-06-02T13:06:00|1654189560|18.8825|18.8909|18.895|18.87|18.87|400|18.883975
2022-06-02T13:07:00|1654189620|18.8675|18.895|18.895|18.84|18.86|600|18.864167
2022-06-02T13:09:00|1654189740|18.8125|18.84|18.84|18.785|18.785|390|18.813205
2022-06-02T13:10:00|1654189800|18.77|18.75|18.79|18.75|18.78|400|18.7775
2022-06-02T13:12:00|1654189920|18.729999999999997|18.72|18.74|18.72|18.73|1083|18.726464
2022-06-02T13:14:00|1654190040|18.6975|18.725|18.725|18.67|18.67|500|18.704
2022-06-02T13:15:00|1654190100|18.69|18.71|18.71|18.67|18.67|400|18.7
2022-06-02T13:16:00|1654190160|18.69|18.69|18.69|18.69|18.69|200|18.69
2022-06-02T13:17:00|1654190220|18.735|18.71|18.76|18.71|18.75|800|18.7325
2022-06-02T13:18:00|1654190280|18.744999999999997|18.75|18.75|18.74|18.75|627|18.745582
2022-06-02T13:19:00|1654190340|18.75|18.75|18.75|18.75|18.75|100|18.75
2022-06-02T13:20:00|1654190400|18.725|18.73|18.73|18.72|18.72|200|18.725
2022-06-02T13:22:00|1654190520|18.735|18.72|18.75|18.72|18.75|600|18.738333
2022-06-02T13:23:00|1654190580|18.744999999999997|18.75|18.75|18.74|18.75|400|18.7475
2022-06-02T13:24:00|1654190640|18.81|18.81|18.81|18.81|18.81|100|18.81
2022-06-02T13:25:00|1654190700|18.85|18.85|18.85|18.85|18.85|200|18.85
2022-06-02T13:27:00|1654190820|18.822499999999998|18.82|18.825|18.82|18.825|200|18.8225
2022-06-02T13:28:00|1654190880|18.822499999999998|18.8|18.855|18.79|18.85|1000|18.8325
2022-06-02T13:30:00|1654191000|18.855|18.86|18.86|18.85|18.85|300|18.853333
2022-06-02T13:31:00|1654191060|18.884999999999998|18.89|18.89|18.88|18.88|309|18.886764
2022-06-02T13:33:00|1654191180|18.99|18.99|18.99|18.99|18.99|200|18.99
2022-06-02T13:34:00|1654191240|19.0|19.0|19.0|19.0|19.0|300|19.0
2022-06-02T13:35:00|1654191300|19.02|19.02|19.02|19.02|19.02|100|19.02
2022-06-02T13:36:00|1654191360|19.01|19.01|19.01|19.01|19.01|400|19.01
2022-06-02T13:37:00|1654191420|18.975|18.98|18.99|18.96|18.96|800|18.976875
2022-06-02T13:38:00|1654191480|18.955|18.955|18.955|18.955|18.955|100|18.955
2022-06-02T13:39:00|1654191540|18.955|18.955|18.955|18.955|18.955|200|18.955
2022-06-02T13:40:00|1654191600|18.9125|18.955|18.955|18.87|18.87|1000|18.922
2022-06-02T13:41:00|1654191660|18.88425|18.8585|18.91|18.8585|18.91|500|18.8874
2022-06-02T13:42:00|1654191720|18.915|18.92|18.92|18.91|18.91|931|18.917852
2022-06-02T13:43:00|1654191780|18.885|18.885|18.885|18.885|18.885|100|18.885
2022-06-02T13:45:00|1654191900|18.88|18.88|18.88|18.88|18.88|200|18.88
2022-06-02T13:46:00|1654191960|18.88|18.88|18.88|18.88|18.88|100|18.88
2022-06-02T13:47:00|1654192020|18.875|18.88|18.88|18.87|18.87|500|18.876
2022-06-02T13:48:00|1654192080|18.84|18.84|18.84|18.84|18.84|100|18.84
2022-06-02T13:49:00|1654192140|18.89|18.89|18.89|18.89|18.89|300|18.89
2022-06-02T13:51:00|1654192260|18.91|18.91|18.91|18.91|18.91|100|18.91
2022-06-02T13:52:00|1654192320|18.9|18.89|18.91|18.89|18.89|900|18.894444
2022-06-02T13:53:00|1654192380|18.87|18.87|18.87|18.87|18.87|100|18.87
2022-06-02T13:54:00|1654192440|18.93|18.91|18.95|18.91|18.95|1000|18.923
2022-06-02T13:55:00|1654192500|18.9|18.9|18.9|18.9|18.9|500|18.9
2022-06-02T13:56:00|1654192560|18.86|18.86|18.86|18.86|18.86|100|18.86
2022-06-02T13:57:00|1654192620|18.84|18.84|18.84|18.84|18.84|100|18.84
2022-06-02T14:00:00|1654192800|18.8925|18.9|18.9|18.885|18.885|200|18.8925
2022-06-02T14:01:00|1654192860|18.947499999999998|18.91|18.985|18.91|18.985|600|18.931667
2022-06-02T14:02:00|1654192920|18.99|18.99|18.99|18.99|18.99|100|18.99
2022-06-02T14:03:00|1654192980|18.995|19.0|19.01|18.98|18.995|700|18.995714
2022-06-02T14:04:00|1654193040|18.9825|18.98|18.995|18.97|18.98|1400|18.980893
2022-06-02T14:06:00|1654193160|18.9875|18.995|18.995|18.98|18.995|400|18.9875
2022-06-02T14:07:00|1654193220|18.955|18.98|18.98|18.93|18.97|600|18.966667
2022-06-02T14:08:00|1654193280|18.99|18.99|18.99|18.99|18.99|100|18.99
2022-06-02T14:10:00|1654193400|19.035|19.02|19.05|19.02|19.02|669|19.034768
2022-06-02T14:11:00|1654193460|19.002499999999998|19.02|19.02|18.985|18.985|800|19.011875
2022-06-02T14:12:00|1654193520|18.96|18.96|18.96|18.96|18.96|100|18.96
2022-06-02T14:13:00|1654193580|18.985|18.985|18.985|18.985|18.985|100|18.985
2022-06-02T14:15:00|1654193700|18.96|18.96|18.96|18.96|18.96|500|18.96
2022-06-02T14:16:00|1654193760|18.950000000000003|18.96|18.96|18.94|18.94|400|18.95
2022-06-02T14:17:00|1654193820|18.9375|18.935|18.94|18.935|18.94|200|18.9375
2022-06-02T14:18:00|1654193880|18.92|18.95|18.95|18.89|18.905|643|18.926998
2022-06-02T14:19:00|1654193940|18.925|18.91|18.94|18.91|18.94|1145|18.93214
2022-06-02T14:20:00|1654194000|18.91|18.93|18.93|18.89|18.915|1000|18.9185
2022-06-02T14:21:00|1654194060|18.9|18.9|18.9|18.9|18.9|100|18.9
2022-06-02T14:22:00|1654194120|18.93|18.93|18.94|18.92|18.94|600|18.933333
2022-06-02T14:24:00|1654194240|18.9279|18.93|18.93|18.9258|18.9258|796|18.928966
2022-06-02T14:25:00|1654194300|18.96|18.94|18.98|18.94|18.98|500|18.948
2022-06-02T14:26:00|1654194360|18.950000000000003|18.94|18.96|18.94|18.94|900|18.942222
2022-06-02T14:27:00|1654194420|18.947499999999998|18.94|18.955|18.94|18.955|300|18.95
2022-06-02T14:28:00|1654194480|18.8875|18.93|18.93|18.845|18.845|1100|18.897727
2022-06-02T14:29:00|1654194540|18.875|18.85|18.9|18.85|18.9|1023|18.876882
2022-06-02T14:30:00|1654194600|18.83|18.83|18.83|18.83|18.83|100|18.83
2022-06-02T14:31:00|1654194660|18.884999999999998|18.89|18.89|18.88|18.88|200|18.885
2022-06-02T14:32:00|1654194720|18.85|18.86|18.86|18.84|18.84|200|18.85
2022-06-02T14:34:00|1654194840|18.835|18.85|18.85|18.82|18.83|600|18.84
2022-06-02T14:35:00|1654194900|18.82|18.82|18.82|18.82|18.82|100|18.82
2022-06-02T14:36:00|1654194960|18.87|18.87|18.87|18.87|18.87|900|18.87
2022-06-02T14:37:00|1654195020|18.875|18.875|18.875|18.875|18.875|100|18.875
2022-06-02T14:38:00|1654195080|18.9075|18.875|18.94|18.875|18.94|1100|18.895
2022-06-02T14:39:00|1654195140|18.880000000000003|18.89|18.89|18.87|18.87|800|18.88125
2022-06-02T14:40:00|1654195200|18.8525|18.85|18.855|18.85|18.855|200|18.8525
2022-06-02T14:41:00|1654195260|18.865|18.83|18.9|18.83|18.9|400|18.87
2022-06-02T14:43:00|1654195380|18.905|18.905|18.905|18.905|18.905|200|18.905
2022-06-02T14:44:00|1654195440|18.89|18.89|18.89|18.89|18.89|200|18.89
2022-06-02T14:45:00|1654195500|18.93|18.91|18.95|18.91|18.95|300|18.923333
2022-06-02T14:46:00|1654195560|18.965|18.95|18.98|18.95|18.96|500|18.962
2022-06-02T14:47:00|1654195620|18.94|18.95|18.96|18.92|18.96|1600|18.949688
2022-06-02T14:48:00|1654195680|18.97|18.97|18.97|18.97|18.97|100|18.97
2022-06-02T14:49:00|1654195740|18.97|18.97|18.97|18.97|18.97|100|18.97
2022-06-02T14:50:00|1654195800|18.985|18.99|19.0|18.97|18.97|400|18.9825
2022-06-02T14:51:00|1654195860|18.98|18.98|18.98|18.98|18.98|200|18.98
2022-06-02T14:52:00|1654195920|19.025|19.0|19.05|19.0|19.05|800|19.01375
2022-06-02T14:53:00|1654195980|19.05375|19.06|19.0625|19.045|19.045|900|19.058611
2022-06-02T14:55:00|1654196100|19.0275|19.02|19.035|19.02|19.02|800|19.021875
2022-06-02T14:56:00|1654196160|18.9775|18.995|19.0|18.955|18.955|700|18.975
2022-06-02T14:57:00|1654196220|18.9055|18.921|18.921|18.89|18.89|500|18.9022
2022-06-02T14:58:00|1654196280|18.825|18.84|18.84|18.81|18.84|300|18.83
2022-06-02T15:00:00|1654196400|18.7875|18.795|18.795|18.78|18.78|500|18.788
2022-06-02T15:01:00|1654196460|18.75|18.76|18.76|18.74|18.74|216|18.750741
2022-06-02T15:02:00|1654196520|18.73|18.73|18.73|18.73|18.73|100|18.73
2022-06-02T15:03:00|1654196580|18.72|18.76|18.76|18.68|18.7|700|18.714286
2022-06-02T15:05:00|1654196700|18.65|18.65|18.65|18.65|18.65|300|18.65
2022-06-02T15:06:00|1654196760|18.655|18.655|18.655|18.655|18.655|100|18.655
2022-06-02T15:07:00|1654196820|18.64|18.64|18.64|18.64|18.64|200|18.64
2022-06-02T15:10:00|1654197000|18.62|18.64|18.64|18.6|18.6|1300|18.63
2022-06-02T15:11:00|1654197060|18.6|18.59|18.61|18.59|18.6|1314|18.600959
2022-06-02T15:12:00|1654197120|18.59|18.6|18.6|18.58|18.58|500|18.594
2022-06-02T15:13:00|1654197180|18.595|18.595|18.595|18.595|18.595|105|18.595
2022-06-02T15:14:00|1654197240|18.6075|18.595|18.62|18.595|18.62|700|18.607857
2022-06-02T15:15:00|1654197300|18.60565|18.6113|18.6113|18.6|18.6|950|18.6097
2022-06-02T15:17:00|1654197420|18.595|18.57|18.62|18.57|18.62|800|18.60875
2022-06-02T15:19:00|1654197540|18.6|18.59|18.61|18.59|18.595|805|18.595621
2022-06-02T15:20:00|1654197600|18.6025|18.595|18.61|18.595|18.61|200|18.6025
2022-06-02T15:21:00|1654197660|18.59|18.58|18.6|18.58|18.6|300|18.593333
2022-06-02T15:22:00|1654197720|18.5975|18.61|18.61|18.585|18.585|400|18.60375
2022-06-02T15:23:00|1654197780|18.57|18.585|18.59|18.55|18.55|400|18.57375
2022-06-02T15:24:00|1654197840|18.564999999999998|18.55|18.58|18.55|18.58|600|18.575
2022-06-02T15:25:00|1654197900|18.572499999999998|18.575|18.575|18.57|18.57|200|18.5725
2022-06-02T15:26:00|1654197960|18.505000000000003|18.57|18.57|18.44|18.44|1200|18.4925
2022-06-02T15:27:00|1654198020|18.411|18.411|18.411|18.411|18.411|100|18.411
2022-06-02T15:28:00|1654198080|18.43|18.44|18.44|18.42|18.42|1753|18.43223
2022-06-02T15:29:00|1654198140|18.42|18.44|18.44|18.4|18.4|200|18.42
2022-06-02T15:30:00|1654198200|18.41|18.39|18.43|18.39|18.41|836|18.407608
2022-06-02T15:31:00|1654198260|18.4|18.4|18.4|18.4|18.4|100|18.4
2022-06-02T15:32:00|1654198320|18.4075|18.4|18.415|18.4|18.415|711|18.40211
2022-06-02T15:33:00|1654198380|18.41|18.4|18.42|18.4|18.42|500|18.41
2022-06-02T15:34:00|1654198440|18.455|18.42|18.51|18.4|18.48|4253|18.448827
2022-06-02T15:35:00|1654198500|18.52|18.49|18.55|18.49|18.55|1579|18.51464
2022-06-02T15:36:00|1654198560|18.604999999999997|18.58|18.63|18.58|18.63|400|18.6175
2022-06-02T15:37:00|1654198620|18.65|18.68|18.68|18.62|18.62|200|18.65
2022-06-02T15:38:00|1654198680|18.674999999999997|18.69|18.7|18.65|18.68|2702|18.678505
2022-06-02T15:39:00|1654198740|18.6625|18.67|18.675|18.65|18.67|420|18.666667
2022-06-02T15:40:00|1654198800|18.69|18.68|18.71|18.67|18.71|1100|18.680909
2022-06-02T15:41:00|1654198860|18.67|18.73|18.74|18.6|18.62|2900|18.654707
2022-06-02T15:42:00|1654198920|18.625|18.63|18.65|18.6|18.6|705|18.621489
2022-06-02T15:43:00|1654198980|18.604999999999997|18.58|18.63|18.58|18.6|1012|18.600988
2022-06-02T15:44:00|1654199040|18.6475|18.6|18.695|18.6|18.695|1500|18.638
2022-06-02T15:45:00|1654199100|18.66|18.66|18.67|18.65|18.67|1572|18.660407
2022-06-02T15:46:00|1654199160|18.693800000000003|18.67|18.7176|18.67|18.7|1819|18.702194
2022-06-02T15:47:00|1654199220|18.66|18.7|18.7|18.62|18.62|2900|18.657586
2022-06-02T15:48:00|1654199280|18.630000000000003|18.62|18.64|18.62|18.64|700|18.637143
2022-06-02T15:49:00|1654199340|18.64|18.63|18.65|18.63|18.63|1487|18.643275
2022-06-02T15:50:00|1654199400|18.7225|18.66|18.785|18.66|18.78|3142|18.713418
2022-06-02T15:51:00|1654199460|18.79|18.81|18.81|18.77|18.79|2100|18.784286
2022-06-02T15:52:00|1654199520|18.810000000000002|18.78|18.84|18.78|18.84|1610|18.803168
2022-06-02T15:53:00|1654199580|18.855|18.82|18.89|18.82|18.84|3711|18.84512
2022-06-02T15:54:00|1654199640|18.854999999999997|18.83|18.88|18.83|18.85|1412|18.858045
2022-06-02T15:55:00|1654199700|18.86|18.84|18.88|18.84|18.86|4311|18.862438
2022-06-02T15:56:00|1654199760|18.848999999999997|18.86|18.868|18.83|18.84|4247|18.849496
2022-06-02T15:57:00|1654199820|18.854999999999997|18.83|18.88|18.83|18.87|6616|18.853341
2022-06-02T15:58:00|1654199880|18.8375|18.885|18.885|18.79|18.83|18067|18.848492
2022-06-02T15:59:00|1654199940|18.795|18.82|18.83|18.76|18.77|27097|18.79429
2022-06-02T16:00:00|1654200000|18.785|18.77|18.8|18.77|18.8|127500|18.799976
2022-06-03T09:30:00|1654263000|18.37|18.44|18.44|18.3|18.3|6180|18.437735
2022-06-03T09:32:00|1654263120|18.485|18.46|18.51|18.46|18.51|1040|18.474038
2022-06-03T09:33:00|1654263180|18.52|18.49|18.59|18.45|18.59|7243|18.470344
2022-06-03T09:34:00|1654263240|18.455|18.6|18.6|18.31|18.31|7373|18.440227
2022-06-03T09:35:00|1654263300|18.415|18.36|18.47|18.36|18.43|800|18.41125
2022-06-03T09:36:00|1654263360|18.4|18.41|18.41|18.39|18.41|400|18.4
2022-06-03T09:37:00|1654263420|18.424999999999997|18.38|18.49|18.36|18.48|3200|18.416406
2022-06-03T09:38:00|1654263480|18.494999999999997|18.5|18.5|18.49|18.5|700|18.498571
2022-06-03T09:39:00|1654263540|18.67|18.67|18.67|18.67|18.67|100|18.67
2022-06-03T09:40:00|1654263600|18.7|18.7|18.7|18.7|18.7|100|18.7
2022-06-03T09:41:00|1654263660|18.86|18.92|18.925|18.795|18.795|300|18.88
2022-06-03T09:42:00|1654263720|18.7975|18.76|18.835|18.76|18.79|900|18.792222
2022-06-03T09:43:00|1654263780|18.84505|18.7501|18.94|18.7501|18.94|2100|18.768186
2022-06-03T09:44:00|1654263840|19.02|18.94|19.11|18.93|19.11|2358|18.983557
2022-06-03T09:45:00|1654263900|18.932499999999997|19.005|19.005|18.86|18.93|1551|18.912721
2022-06-03T09:47:00|1654264020|19.03|18.95|19.11|18.95|19.11|1300|19.053077
2022-06-03T09:48:00|1654264080|19.015|19.07|19.08|18.95|18.99|600|19.009167
2022-06-03T09:49:00|1654264140|19.174999999999997|19.06|19.29|19.06|19.29|1400|19.16375
2022-06-03T09:50:00|1654264200|19.2|19.14|19.27|19.13|19.2|1500|19.179333
2022-06-03T09:51:00|1654264260|19.2|19.26|19.27|19.13|19.13|500|19.212
2022-06-03T09:52:00|1654264320|19.21|19.2|19.22|19.2|19.2075|701|19.203923
2022-06-03T09:53:00|1654264380|19.295|19.29|19.31|19.28|19.3|1308|19.293884
2022-06-03T09:54:00|1654264440|19.27|19.27|19.32|19.22|19.25|1700|19.279412
2022-06-03T09:55:00|1654264500|19.35|19.33|19.4|19.3|19.3|1439|19.352933
2022-06-03T09:56:00|1654264560|19.305|19.305|19.305|19.305|19.305|500|19.305
2022-06-03T09:57:00|1654264620|19.457500000000003|19.39|19.545|19.37|19.47|1300|19.416538
2022-06-03T09:59:00|1654264740|19.3|19.3|19.3|19.3|19.3|100|19.3
2022-06-03T10:00:00|1654264800|19.43|19.38|19.49|19.37|19.46|1206|19.45058
2022-06-03T10:01:00|1654264860|19.494999999999997|19.415|19.58|19.41|19.58|1162|19.496248
2022-06-03T10:02:00|1654264920|19.490000000000002|19.55|19.55|19.43|19.44|1451|19.477905
2022-06-03T10:03:00|1654264980|19.425|19.37|19.48|19.37|19.41|3169|19.412127
2022-06-03T10:04:00|1654265040|19.408|19.476|19.476|19.34|19.34|1210|19.425669
2022-06-03T10:05:00|1654265100|19.244999999999997|19.31|19.33|19.16|19.16|2100|19.268
2022-06-03T10:06:00|1654265160|19.41|19.31|19.52|19.3|19.52|3483|19.350557
2022-06-03T10:07:00|1654265220|19.45|19.5|19.5|19.4|19.43|2603|19.450765
2022-06-03T10:08:00|1654265280|19.37|19.37|19.37|19.37|19.37|400|19.37
2022-06-03T10:09:00|1654265340|19.4825|19.405|19.56|19.405|19.48|1400|19.472143
2022-06-03T10:10:00|1654265400|19.450000000000003|19.4|19.51|19.39|19.48|700|19.452143
2022-06-03T10:11:00|1654265460|19.365000000000002|19.42|19.42|19.31|19.35|600|19.39
2022-06-03T10:12:00|1654265520|19.387500000000003|19.4|19.42|19.355|19.42|1272|19.401352
2022-06-03T10:13:00|1654265580|19.445|19.44|19.52|19.37|19.37|1100|19.436364
2022-06-03T10:14:00|1654265640|19.465|19.44|19.49|19.44|19.48|1510|19.470927
2022-06-03T10:15:00|1654265700|19.4775|19.405|19.55|19.405|19.5|1300|19.493846
2022-06-03T10:16:00|1654265760|19.33|19.42|19.42|19.24|19.24|500|19.346
2022-06-03T10:17:00|1654265820|19.29|19.24|19.34|19.24|19.34|1226|19.26876
2022-06-03T10:18:00|1654265880|19.269|19.3|19.3|19.238|19.238|1200|19.244167
2022-06-03T10:19:00|1654265940|19.235|19.235|19.235|19.235|19.235|200|19.235
2022-06-03T10:20:00|1654266000|19.200000000000003|19.235|19.28|19.12|19.12|1900|19.196579
2022-06-03T10:21:00|1654266060|19.09975|19.19|19.19|19.0095|19.05|2025|19.065183
2022-06-03T10:22:00|1654266120|19.134999999999998|19.12|19.15|19.12|19.15|623|19.134687
2022-06-03T10:23:00|1654266180|19.23|19.27|19.27|19.19|19.21|900|19.224444
2022-06-03T10:24:00|1654266240|19.255|19.22|19.29|19.22|19.265|740|19.259595
2022-06-03T10:25:00|1654266300|19.29|19.3|19.3|19.28|19.28|408|19.295098
2022-06-03T10:26:00|1654266360|19.305|19.3|19.32|19.29|19.29|527|19.306584
2022-06-03T10:27:00|1654266420|19.355|19.35|19.39|19.32|19.32|1000|19.339
2022-06-03T10:28:00|1654266480|19.354999999999997|19.33|19.38|19.33|19.38|500|19.356
2022-06-03T10:29:00|1654266540|19.435000000000002|19.39|19.48|19.39|19.47|1066|19.43349
2022-06-03T10:30:00|1654266600|19.380000000000003|19.46|19.46|19.3|19.3|1700|19.407206
2022-06-03T10:31:00|1654266660|19.354999999999997|19.33|19.38|19.33|19.38|1506|19.35741
2022-06-03T10:32:00|1654266720|19.34|19.34|19.34|19.34|19.34|1000|19.34
2022-06-03T10:33:00|1654266780|19.33|19.35|19.36|19.3|19.3|1628|19.325393
2022-06-03T10:34:00|1654266840|19.36|19.35|19.37|19.35|19.35|400|19.355
2022-06-03T10:35:00|1654266900|19.345|19.35|19.35|19.34|19.35|900|19.348889
2022-06-03T10:36:00|1654266960|19.322499999999998|19.335|19.345|19.3|19.3|1400|19.324286
2022-06-03T10:37:00|1654267020|19.2775|19.325|19.325|19.23|19.255|3400|19.304118
2022-06-03T10:38:00|1654267080|19.295|19.2799|19.32|19.27|19.28|2180|19.289112
2022-06-03T10:39:00|1654267140|19.275|19.26|19.29|19.26|19.29|400|19.2725
2022-06-03T10:40:00|1654267200|19.2625|19.285|19.285|19.24|19.25|2345|19.26322
2022-06-03T10:41:00|1654267260|19.227400000000003|19.1898|19.265|19.1898|19.265|500|19.21688
2022-06-03T10:42:00|1654267320|19.314999999999998|19.3|19.33|19.3|19.33|646|19.314768
2022-06-03T10:43:00|1654267380|19.372500000000002|19.35|19.395|19.35|19.35|1089|19.369339
2022-06-03T10:44:00|1654267440|19.3386|19.3386|19.3386|19.3386|19.3386|2551|19.3386
2022-06-03T10:45:00|1654267500|19.302500000000002|19.32|19.345|19.26|19.2675|1300|19.306346
2022-06-03T10:46:00|1654267560|19.365000000000002|19.31|19.42|19.31|19.42|2058|19.347809
2022-06-03T10:47:00|1654267620|19.375|19.4|19.4|19.35|19.35|528|19.39053
2022-06-03T10:48:00|1654267680|19.345|19.35|19.35|19.34|19.35|401|19.344988
2022-06-03T10:49:00|1654267740|19.35|19.35|19.35|19.35|19.35|100|19.35
2022-06-03T10:50:00|1654267800|19.36|19.39|19.39|19.33|19.35|1300|19.357692
2022-06-03T10:51:00|1654267860|19.31|19.33|19.33|19.29|19.29|1032|19.309031
2022-06-03T10:52:00|1654267920|19.25|19.25|19.25|19.25|19.25|100|19.25
2022-06-03T10:54:00|1654268040|19.2975|19.2994|19.305|19.29|19.3|2000|19.29419
2022-06-03T10:55:00|1654268100|19.34|19.32|19.36|19.32|19.36|408|19.33348
2022-06-03T10:56:00|1654268160|19.345|19.34|19.35|19.34|19.35|1600|19.340625
2022-06-03T10:57:00|1654268220|19.4|19.38|19.42|19.38|19.42|1077|19.400873
2022-06-03T10:59:00|1654268340|19.380000000000003|19.41|19.41|19.35|19.35|700|19.384286
2022-06-03T11:00:00|1654268400|19.255000000000003|19.3|19.3|19.21|19.26|400|19.265
2022-06-03T11:02:00|1654268520|19.1875|19.2|19.2|19.175|19.175|1100|19.197727
2022-06-03T11:03:00|1654268580|19.055|19.09|19.09|19.02|19.02|1620|19.077037
2022-06-03T11:04:00|1654268640|18.9525|18.9652|18.975|18.93|18.93|957|18.952936
2022-06-03T11:06:00|1654268760|18.925|18.96|18.96|18.89|18.89|1000|18.941
2022-06-03T11:09:00|1654268940|18.924999999999997|18.91|18.99|18.86|18.97|2445|18.918712
2022-06-03T11:10:00|1654269000|19.0|19.0|19.0|19.0|19.0|100|19.0
2022-06-03T11:12:00|1654269120|18.948500000000003|18.96|18.96|18.937|18.937|900|18.957444
2022-06-03T11:13:00|1654269180|19.015|19.0|19.03|19.0|19.03|900|19.021111
2022-06-03T11:14:00|1654269240|18.993000000000002|18.986|19.0|18.986|19.0|300|18.993667
2022-06-03T11:15:00|1654269300|18.98|18.98|19.01|18.95|18.955|1763|18.990431
2022-06-03T11:16:00|1654269360|18.92|18.9|18.94|18.9|18.94|200|18.92
2022-06-03T11:17:00|1654269420|18.915|18.92|18.92|18.91|18.91|600|18.911667
2022-06-03T11:18:00|1654269480|18.905|18.91|18.91|18.9|18.9|1519|18.908025
2022-06-03T11:19:00|1654269540|18.925|18.91|18.94|18.91|18.94|959|18.915214
2022-06-03T11:20:00|1654269600|18.87|18.89|18.89|18.85|18.85|1287|18.872533
2022-06-03T11:21:00|1654269660|18.785|18.785|18.785|18.785|18.785|100|18.785
2022-06-03T11:22:00|1654269720|18.75|18.75|18.75|18.75|18.75|100|18.75
2022-06-03T11:25:00|1654269900|18.78|18.78|18.78|18.78|18.78|100|18.78
2022-06-03T11:26:00|1654269960|18.81005|18.79|18.85|18.7701|18.7701|2191|18.801045
2022-06-03T11:27:00|1654270020|18.77|18.77|18.77|18.77|18.77|100|18.77
2022-06-03T11:28:00|1654270080|18.75|18.75|18.75|18.75|18.75|200|18.75
2022-06-03T11:29:00|1654270140|18.76|18.76|18.76|18.76|18.76|912|18.76
2022-06-03T11:30:00|1654270200|18.795|18.79|18.81|18.78|18.79|1500|18.790667
2022-06-03T11:31:00|1654270260|18.82|18.82|18.82|18.82|18.82|100|18.82
2022-06-03T11:32:00|1654270320|18.835|18.83|18.84|18.83|18.84|947|18.831056
2022-06-03T11:33:00|1654270380|18.82|18.82|18.82|18.82|18.82|700|18.82
2022-06-03T11:34:00|1654270440|18.7725|18.805|18.805|18.74|18.78|2451|18.77
2022-06-03T11:36:00|1654270560|18.81|18.81|18.81|18.81|18.81|124|18.81
2022-06-03T11:37:00|1654270620|18.82|18.83|18.83|18.81|18.83|366|18.824536
2022-06-03T11:38:00|1654270680|18.825000000000003|18.83|18.85|18.8|18.85|1637|18.821222
2022-06-03T11:39:00|1654270740|18.8|18.8|18.8|18.8|18.8|600|18.8
2022-06-03T11:40:00|1654270800|18.854999999999997|18.83|18.88|18.83|18.88|600|18.848333
2022-06-03T11:41:00|1654270860|18.84995|18.86|18.8799|18.82|18.82|2100|18.86469
2022-06-03T11:42:00|1654270920|18.834899999999998|18.84|18.84|18.8298|18.8298|590|18.831529
2022-06-03T11:43:00|1654270980|18.86715|18.88|18.88|18.8543|18.8543|2690|18.856211
2022-06-03T11:44:00|1654271040|18.9|18.89|18.91|18.89|18.89|519|18.898439
2022-06-03T11:45:00|1654271100|18.93|18.93|18.93|18.93|18.93|100|18.93
2022-06-03T11:47:00|1654271220|18.91|18.91|18.94|18.88|18.9|1800|18.907778
2022-06-03T11:48:00|1654271280|18.8425|18.88|18.88|18.805|18.83|400|18.83625
2022-06-03T11:49:00|1654271340|18.744999999999997|18.77|18.77|18.72|18.72|400|18.735
2022-06-03T11:50:00|1654271400|18.68|18.68|18.68|18.68|18.68|100|18.68
2022-06-03T11:51:00|1654271460|18.735|18.73|18.74|18.73|18.74|300|18.733333
2022-06-03T11:52:00|1654271520|18.7725|18.76|18.795|18.75|18.75|1907|18.767472
2022-06-03T11:53:00|1654271580|18.73|18.71|18.75|18.71|18.75|2342|18.732989
2022-06-03T11:54:00|1654271640|18.84|18.84|18.84|18.84|18.84|100|18.84
2022-06-03T11:55:00|1654271700|18.83|18.81|18.85|18.81|18.85|400|18.83
2022-06-03T11:57:00|1654271820|18.86|18.86|18.86|18.86|18.86|203|18.86
2022-06-03T11:58:00|1654271880|18.875|18.91|18.91|18.84|18.86|2200|18.860864
2022-06-03T11:59:00|1654271940|18.86|18.86|18.86|18.86|18.86|200|18.86
2022-06-03T12:00:00|1654272000|18.875|18.89|18.89|18.86|18.88|1300|18.88
2022-06-03T12:01:00|1654272060|18.880000000000003|18.86|18.91|18.85|18.91|935|18.880053
2022-06-03T12:02:00|1654272120|18.9|18.92|18.92|18.88|18.88|800|18.90375
2022-06-03T12:03:00|1654272180|18.935000000000002|18.92|18.95|18.92|18.95|639|18.926808
2022-06-03T12:04:00|1654272240|19.009999999999998|18.98|19.04|18.98|19.01|400|19.01
2022-06-03T12:05:00|1654272300|19.025|19.025|19.025|19.025|19.025|100|19.025
2022-06-03T12:06:00|1654272360|18.97|18.97|18.97|18.97|18.97|200|18.97
2022-06-03T12:07:00|1654272420|18.94|18.94|18.94|18.94|18.94|300|18.94
2022-06-03T12:08:00|1654272480|18.9|18.9|18.9|18.9|18.9|100|18.9
2022-06-03T12:10:00|1654272600|18.81|18.81|18.81|18.81|18.81|200|18.81
2022-06-03T12:11:00|1654272660|18.79|18.77|18.81|18.77|18.81|300|18.783333
2022-06-03T12:12:00|1654272720|18.78|18.8|18.8|18.76|18.76|673|18.776345
2022-06-03T12:13:00|1654272780|18.770000000000003|18.76|18.78|18.76|18.78|700|18.774286
2022-06-03T12:14:00|1654272840|18.79|18.79|18.79|18.79|18.79|100|18.79
2022-06-03T12:15:00|1654272900|18.825|18.79|18.86|18.79|18.86|1600|18.804063
2022-06-03T12:16:00|1654272960|18.87|18.87|18.87|18.87|18.87|200|18.87
2022-06-03T12:17:00|1654273020|18.895|18.88|18.91|18.88|18.89|791|18.895209
2022-06-03T12:18:00|1654273080|18.8975|18.915|18.915|18.88|18.915|1500|18.898333
2022-06-03T12:19:00|1654273140|18.84|18.86|18.86|18.82|18.82|200|18.84
2022-06-03T12:20:00|1654273200|18.74795|18.79|18.79|18.7059|18.785|1200|18.747875
2022-06-03T12:21:00|1654273260|18.814999999999998|18.785|18.845|18.785|18.83|1201|18.813322
2022-06-03T12:22:00|1654273320|18.8675|18.885|18.885|18.85|18.85|227|18.869581
2022-06-03T12:23:00|1654273380|18.91|18.91|18.91|18.91|18.91|100|18.91
2022-06-03T12:24:00|1654273440|19.005|18.99|19.02|18.99|19.02|200|19.005
2022-06-03T12:25:00|1654273500|19.035|19.02|19.05|19.02|19.05|300|19.03
2022-06-03T12:27:00|1654273620|18.98|19.0|19.0|18.96|18.96|600|18.981667
2022-06-03T12:28:00|1654273680|18.975|18.96|18.99|18.96|18.99|500|18.966
2022-06-03T12:29:00|1654273740|18.97|18.97|18.97|18.97|18.97|100|18.97
2022-06-03T12:30:00|1654273800|19.049999999999997|19.06|19.06|19.04|19.04|600|19.046667
2022-06-03T12:31:00|1654273860|19.0075|18.99|19.025|18.99|19.025|200|19.0075
2022-06-03T12:33:00|1654273980|18.98|18.98|18.98|18.98|18.98|100|18.98
2022-06-03T12:36:00|1654274160|19.04|19.02|19.07|19.01|19.01|1649|19.050752
2022-06-03T12:37:00|1654274220|19.07|19.07|19.07|19.07|19.07|100|19.07
2022-06-03T12:38:00|1654274280|19.104999999999997|19.08|19.13|19.08|19.12|830|19.11
2022-06-03T12:40:00|1654274400|19.105|19.105|19.105|19.105|19.105|100|19.105
2022-06-03T12:41:00|1654274460|19.08|19.08|19.08|19.08|19.08|387|19.08
2022-06-03T12:42:00|1654274520|19.08|19.06|19.1|19.06|19.1|200|19.08
2022-06-03T12:43:00|1654274580|19.075000000000003|19.1|19.1|19.05|19.05|300|19.07
2022-06-03T12:45:00|1654274700|19.0575|19.045|19.07|19.045|19.07|600|19.064167
2022-06-03T12:46:00|1654274760|19.08|19.09|19.09|19.07|19.07|800|19.085
2022-06-03T12:48:00|1654274880|19.09|19.09|19.09|19.09|19.09|200|19.09
2022-06-03T12:49:00|1654274940|19.12|19.1|19.14|19.1|19.14|821|19.114531
2022-06-03T12:50:00|1654275000|19.11|19.13|19.13|19.09|19.09|500|19.098
2022-06-03T12:51:00|1654275060|19.085|19.06|19.12|19.05|19.12|921|19.094799
2022-06-03T12:52:00|1654275120|19.14|19.14|19.14|19.14|19.14|100|19.14
2022-06-03T12:53:00|1654275180|19.16|19.16|19.16|19.16|19.16|100|19.16
2022-06-03T12:54:00|1654275240|19.182499999999997|19.165|19.2|19.165|19.18|1053|19.188063
2022-06-03T12:55:00|1654275300|19.200000000000003|19.19|19.21|19.19|19.21|850|19.192353
2022-06-03T12:56:00|1654275360|19.244999999999997|19.24|19.25|19.24|19.25|1108|19.249025
2022-06-03T12:57:00|1654275420|19.310000000000002|19.32|19.32|19.3|19.3|200|19.31
2022-06-03T12:58:00|1654275480|19.28|19.31|19.31|19.25|19.25|1000|19.274
2022-06-03T12:59:00|1654275540|19.255000000000003|19.25|19.26|19.25|19.26|200|19.255
2022-06-03T13:00:00|1654275600|19.305|19.2884|19.33|19.28|19.33|3932|19.291974
2022-06-03T13:01:00|1654275660|19.3425|19.33|19.385|19.3|19.385|900|19.342222
2022-06-03T13:02:00|1654275720|19.41|19.41|19.41|19.41|19.41|140|19.41
2022-06-03T13:03:00|1654275780|19.439999999999998|19.42|19.47|19.41|19.46|1015|19.429852
2022-06-03T13:05:00|1654275900|19.43|19.43|19.43|19.43|19.43|200|19.43
2022-06-03T13:07:00|1654276020|19.46|19.48|19.48|19.44|19.44|465|19.454194
2022-06-03T13:08:00|1654276080|19.4|19.4|19.4|19.4|19.4|200|19.4
2022-06-03T13:10:00|1654276200|19.47|19.45|19.49|19.45|19.49|601|19.468336
2022-06-03T13:11:00|1654276260|19.455|19.46|19.46|19.45|19.46|600|19.458333
2022-06-03T13:13:00|1654276380|19.4675|19.455|19.48|19.455|19.48|700|19.462143
2022-06-03T13:15:00|1654276500|19.427500000000002|19.445|19.445|19.41|19.41|1400|19.420143
2022-06-03T13:16:00|1654276560|19.445|19.44|19.46|19.43|19.43|500|19.439
2022-06-03T13:17:00|1654276620|19.43|19.43|19.43|19.43|19.43|100|19.43
2022-06-03T13:18:00|1654276680|19.41505|19.4001|19.43|19.4001|19.43|302|19.412285
2022-06-03T13:19:00|1654276740|19.405|19.3976|19.43|19.38|19.41|950|19.406737
2022-06-03T13:20:00|1654276800|19.435000000000002|19.44|19.46|19.41|19.41|2400|19.443083
2022-06-03T13:21:00|1654276860|19.44625|19.43|19.47|19.4225|19.47|930|19.445538
2022-06-03T13:22:00|1654276920|19.51|19.51|19.51|19.51|19.51|100|19.51
2022-06-03T13:23:00|1654276980|19.55|19.55|19.55|19.55|19.55|218|19.55
2022-06-03T13:24:00|1654277040|19.53|19.5|19.57|19.49|19.55|1429|19.515395
2022-06-03T13:26:00|1654277160|19.55|19.55|19.55|19.55|19.55|100|19.55
2022-06-03T13:27:00|1654277220|19.53|19.53|19.53|19.53|19.53|100|19.53
2022-06-03T13:28:00|1654277280|19.52|19.49|19.55|19.49|19.55|1115|19.53565
2022-06-03T13:31:00|1654277460|19.57|19.57|19.57|19.57|19.57|100|19.57
2022-06-03T13:33:00|1654277580|19.5875|19.59|19.61|19.565|19.565|1000|19.5855
2022-06-03T13:34:00|1654277640|19.59|19.59|19.59|19.59|19.59|100|19.59
2022-06-03T13:37:00|1654277820|19.605|19.57|19.64|19.57|19.64|1230|19.60187
2022-06-03T13:38:00|1654277880|19.6|19.61|19.61|19.59|19.59|350|19.604286
2022-06-03T13:40:00|1654278000|19.645|19.645|19.645|19.645|19.645|100|19.645
2022-06-03T13:41:00|1654278060|19.634999999999998|19.64|19.64|19.63|19.635|300|19.635
2022-06-03T13:42:00|1654278120|19.5605|19.6|19.6|19.521|19.521|507|19.580335
2022-06-03T13:43:00|1654278180|19.52|19.52|19.52|19.52|19.52|200|19.52
2022-06-03T13:44:00|1654278240|19.549999999999997|19.55|19.58|19.52|19.58|1026|19.550975
2022-06-03T13:46:00|1654278360|19.61955|19.63|19.63|19.6091|19.61|441|19.614043
2022-06-03T13:47:00|1654278420|19.625|19.61|19.65|19.6|19.6|1303|19.621128
2022-06-03T13:48:00|1654278480|19.64|19.64|19.64|19.64|19.64|100|19.64
2022-06-03T13:49:00|1654278540|19.62|19.61|19.64|19.6|19.64|500|19.614
2022-06-03T13:50:00|1654278600|19.66|19.66|19.66|19.66|19.66|100|19.66
2022-06-03T13:51:00|1654278660|19.6425|19.66|19.67|19.615|19.615|1635|19.647523
2022-06-03T13:52:00|1654278720|19.64|19.64|19.64|19.64|19.64|100|19.64
2022-06-03T13:53:00|1654278780|19.665|19.66|19.67|19.66|19.66|400|19.6625
2022-06-03T13:54:00|1654278840|19.616|19.61|19.622|19.61|19.622|500|19.6124
2022-06-03T13:56:00|1654278960|19.63|19.63|19.63|19.63|19.63|100|19.63
2022-06-03T13:57:00|1654279020|19.605|19.605|19.605|19.605|19.605|100|19.605
2022-06-03T13:59:00|1654279140|19.655|19.64|19.67|19.64|19.67|444|19.64973
2022-06-03T14:00:00|1654279200|19.61|19.62|19.62|19.6|19.6|1200|19.615
2022-06-03T14:01:00|1654279260|19.555|19.56|19.56|19.55|19.55|500|19.558
2022-06-03T14:02:00|1654279320|19.575|19.57|19.58|19.57|19.58|300|19.576667
2022-06-03T14:03:00|1654279380|19.61|19.59|19.645|19.575|19.645|1285|19.602934
2022-06-03T14:04:00|1654279440|19.64|19.64|19.65|19.63|19.63|800|19.64
2022-06-03T14:05:00|1654279500|19.605|19.605|19.605|19.605|19.605|100|19.605
2022-06-03T14:06:00|1654279560|19.66|19.65|19.67|19.65|19.66|445|19.663258
2022-06-03T14:07:00|1654279620|19.67|19.67|19.68|19.66|19.68|800|19.66525
2022-06-03T14:09:00|1654279740|19.69|19.71|19.71|19.67|19.67|400|19.68
2022-06-03T14:10:00|1654279800|19.65|19.65|19.65|19.65|19.65|100|19.65
2022-06-03T14:11:00|1654279860|19.62|19.62|19.62|19.62|19.62|390|19.62
2022-06-03T14:12:00|1654279920|19.615|19.615|19.615|19.615|19.615|200|19.615
2022-06-03T14:13:00|1654279980|19.58|19.58|19.58|19.58|19.58|200|19.58
2022-06-03T14:15:00|1654280100|19.549999999999997|19.575|19.58|19.52|19.52|600|19.564167
2022-06-03T14:17:00|1654280220|19.585|19.58|19.59|19.58|19.59|500|19.582
2022-06-03T14:19:00|1654280340|19.6325|19.6|19.665|19.6|19.6349|1480|19.619605
2022-06-03T14:20:00|1654280400|19.61|19.62|19.62|19.6|19.6|300|19.606667
2022-06-03T14:21:00|1654280460|19.625|19.6|19.65|19.6|19.65|200|19.625
2022-06-03T14:23:00|1654280580|19.645|19.64|19.65|19.64|19.65|300|19.646667
2022-06-03T14:24:00|1654280640|19.62|19.62|19.62|19.62|19.62|300|19.62
2022-06-03T14:26:00|1654280760|19.65|19.65|19.65|19.65|19.65|3300|19.65
2022-06-03T14:27:00|1654280820|19.66225|19.6545|19.67|19.6545|19.66|1700|19.659706
2022-06-03T14:28:00|1654280880|19.685000000000002|19.68|19.69|19.68|19.69|402|19.685025
2022-06-03T14:29:00|1654280940|19.705|19.69|19.72|19.69|19.72|400|19.7075
2022-06-03T14:30:00|1654281000|19.715|19.72|19.72|19.71|19.71|300|19.716667
2022-06-03T14:31:00|1654281060|19.700000000000003|19.69|19.71|19.69|19.71|500|19.694
2022-06-03T14:32:00|1654281120|19.655|19.67|19.67|19.64|19.67|661|19.65941
2022-06-03T14:33:00|1654281180|19.6575|19.65|19.665|19.65|19.65|400|19.6575
2022-06-03T14:34:00|1654281240|19.685|19.685|19.685|19.685|19.685|100|19.685
2022-06-03T14:35:00|1654281300|19.68|19.69|19.7|19.66|19.7|600|19.681667
2022-06-03T14:36:00|1654281360|19.7075|19.685|19.73|19.685|19.73|1639|19.721897
2022-06-03T14:37:00|1654281420|19.695|19.7|19.7|19.69|19.69|400|19.6975
2022-06-03T14:38:00|1654281480|19.605|19.62|19.62|19.59|19.59|400|19.605
2022-06-03T14:39:00|1654281540|19.62|19.62|19.62|19.62|19.62|100|19.62
2022-06-03T14:40:00|1654281600|19.619999999999997|19.63|19.63|19.61|19.61|500|19.616
2022-06-03T14:42:00|1654281720|19.6325|19.605|19.66|19.605|19.66|300|19.635
2022-06-03T14:43:00|1654281780|19.66|19.66|19.66|19.66|19.66|100|19.66
2022-06-03T14:44:00|1654281840|19.675|19.67|19.68|19.67|19.68|300|19.673333
2022-06-03T14:45:00|1654281900|19.689999999999998|19.7|19.7|19.68|19.69|700|19.694286
2022-06-03T14:46:00|1654281960|19.69|19.67|19.71|19.67|19.71|400|19.6925
2022-06-03T14:48:00|1654282080|19.71|19.71|19.71|19.71|19.71|253|19.71
2022-06-03T14:49:00|1654282140|19.7425|19.77|19.77|19.715|19.74|500|19.746
2022-06-03T14:50:00|1654282200|19.715|19.74|19.77|19.66|19.66|1100|19.713636
2022-06-03T14:51:00|1654282260|19.6675|19.66|19.68|19.655|19.68|435|19.669655
2022-06-03T14:52:00|1654282320|19.68|19.68|19.695|19.665|19.695|800|19.68125
2022-06-03T14:53:00|1654282380|19.685|19.685|19.685|19.685|19.685|100|19.685
2022-06-03T14:54:00|1654282440|19.645|19.645|19.645|19.645|19.645|100|19.645
2022-06-03T14:55:00|1654282500|19.71|19.71|19.71|19.71|19.71|286|19.71
2022-06-03T14:56:00|1654282560|19.71|19.71|19.71|19.71|19.71|329|19.71
2022-06-03T14:57:00|1654282620|19.72|19.74|19.75|19.69|19.71|1552|19.720979
2022-06-03T14:58:00|1654282680|19.71|19.71|19.71|19.71|19.71|100|19.71
2022-06-03T14:59:00|1654282740|19.68|19.7|19.7|19.66|19.68|600|19.68
2022-06-03T15:01:00|1654282860|19.64|19.66|19.66|19.62|19.65|500|19.642
2022-06-03T15:02:00|1654282920|19.5925|19.58|19.605|19.58|19.5882|650|19.590846
2022-06-03T15:03:00|1654282980|19.5675|19.555|19.58|19.555|19.58|1217|19.576302
2022-06-03T15:04:00|1654283040|19.564999999999998|19.58|19.58|19.55|19.55|1000|19.573
2022-06-03T15:05:00|1654283100|19.57|19.55|19.59|19.55|19.59|500|19.57
2022-06-03T15:06:00|1654283160|19.53235|19.56|19.5747|19.49|19.49|1500|19.519647
2022-06-03T15:07:00|1654283220|19.475|19.48|19.48|19.47|19.47|200|19.475
2022-06-03T15:08:00|1654283280|19.3935|19.37|19.43|19.357|19.43|1647|19.408539
2022-06-03T15:09:00|1654283340|19.385|19.385|19.385|19.385|19.385|100|19.385
2022-06-03T15:10:00|1654283400|19.455|19.44|19.47|19.44|19.44|1267|19.456582
2022-06-03T15:11:00|1654283460|19.42|19.44|19.44|19.4|19.4|500|19.42
2022-06-03T15:12:00|1654283520|19.355|19.34|19.37|19.34|19.37|208|19.355577
2022-06-03T15:14:00|1654283640|19.38|19.37|19.4|19.36|19.4|615|19.373252
2022-06-03T15:15:00|1654283700|19.355|19.37|19.37|19.34|19.37|300|19.36
2022-06-03T15:16:00|1654283760|19.385|19.385|19.385|19.385|19.385|100|19.385
2022-06-03T15:17:00|1654283820|19.43|19.43|19.43|19.43|19.43|100|19.43
2022-06-03T15:18:00|1654283880|19.43|19.43|19.43|19.43|19.43|100|19.43
2022-06-03T15:19:00|1654283940|19.47|19.47|19.49|19.45|19.45|2519|19.465534
2022-06-03T15:20:00|1654284000|19.479999999999997|19.48|19.49|19.47|19.47|1005|19.479005
2022-06-03T15:21:00|1654284060|19.445|19.445|19.445|19.445|19.445|100|19.445
2022-06-03T15:22:00|1654284120|19.475|19.475|19.475|19.475|19.475|100|19.475
2022-06-03T15:24:00|1654284240|19.4775|19.455|19.5|19.455|19.5|200|19.4775
2022-06-03T15:25:00|1654284300|19.475|19.45|19.5|19.45|19.5|1361|19.48604
2022-06-03T15:27:00|1654284420|19.495|19.495|19.495|19.495|19.495|100|19.495
2022-06-03T15:28:00|1654284480|19.46|19.47|19.47|19.45|19.45|800|19.4625
2022-06-03T15:29:00|1654284540|19.47|19.47|19.47|19.47|19.47|810|19.47
2022-06-03T15:30:00|1654284600|19.47|19.49|19.49|19.45|19.46|900|19.472778
2022-06-03T15:32:00|1654284720|19.475|19.5|19.5|19.45|19.47|1652|19.472724
2022-06-03T15:33:00|1654284780|19.46|19.46|19.46|19.46|19.46|100|19.46
2022-06-03T15:35:00|1654284900|19.494999999999997|19.475|19.52|19.47|19.505|1100|19.499091
2022-06-03T15:36:00|1654284960|19.53|19.51|19.55|19.51|19.53|500|19.534
2022-06-03T15:37:00|1654285020|19.58|19.55|19.62|19.54|19.62|1025|19.555854
2022-06-03T15:38:00|1654285080|19.5975|19.625|19.625|19.57|19.61|2460|19.609106
2022-06-03T15:39:00|1654285140|19.58|19.6|19.6|19.56|19.56|600|19.578333
2022-06-03T15:40:00|1654285200|19.575|19.58|19.61|19.54|19.6|1637|19.580067
2022-06-03T15:41:00|1654285260|19.6075|19.61|19.625|19.59|19.625|1100|19.609091
2022-06-03T15:42:00|1654285320|19.625|19.625|19.625|19.625|19.625|200|19.625
2022-06-03T15:43:00|1654285380|19.55|19.6|19.6|19.5|19.5|1603|19.544972
2022-06-03T15:44:00|1654285440|19.505000000000003|19.5|19.51|19.5|19.5|1100|19.506364
2022-06-03T15:45:00|1654285500|19.4925|19.5|19.5|19.485|19.485|500|19.495
2022-06-03T15:46:00|1654285560|19.515|19.49|19.54|19.49|19.52|1542|19.515292
2022-06-03T15:47:00|1654285620|19.545|19.53|19.56|19.53|19.53|700|19.534286
2022-06-03T15:48:00|1654285680|19.54|19.53|19.55|19.53|19.55|200|19.54
2022-06-03T15:49:00|1654285740|19.525|19.55|19.55|19.5|19.54|3089|19.531259
2022-06-03T15:50:00|1654285800|19.6025|19.53|19.68|19.525|19.68|2204|19.584864
2022-06-03T15:51:00|1654285860|19.75495|19.73|19.7799|19.73|19.7799|1100|19.7409
2022-06-03T15:52:00|1654285920|19.7875|19.755|19.82|19.755|19.82|13631|19.801208
2022-06-03T15:53:00|1654285980|19.8475|19.835|19.86|19.835|19.845|869|19.847699
2022-06-03T15:54:00|1654286040|19.8925|19.86|19.955|19.83|19.93|4787|19.900156
2022-06-03T15:55:00|1654286100|19.945|19.97|19.99|19.9|19.935|8627|19.939801
2022-06-03T15:56:00|1654286160|19.92|19.95|19.95|19.89|19.93|4837|19.915384
2022-06-03T15:57:00|1654286220|19.945|19.935|19.96|19.93|19.95|4715|19.942296
2022-06-03T15:58:00|1654286280|19.939999999999998|19.94|19.95|19.93|19.945|8839|19.942489
2022-06-03T15:59:00|1654286340|19.97|19.95|20.0|19.94|19.98|28699|19.974332
2022-06-03T16:00:00|1654286400|19.98|19.98|19.98|19.98|19.98|151190|19.98
