Time|TimeStamp|Price|Open|High|Low|Close|Volume|Volume Weight Avg Price
2022-05-31T09:30:00|1654003800|3.98|3.98|3.98|3.98|3.98|302|3.98
2022-05-31T09:32:00|1654003920|3.9453|3.9622|3.9622|3.9284|3.96|860|3.940293
2022-05-31T09:43:00|1654004580|3.85|3.85|3.85|3.85|3.85|100|3.85
2022-05-31T09:52:00|1654005120|3.865|3.85|3.88|3.85|3.88|3700|3.855405
2022-05-31T09:58:00|1654005480|3.885|3.88|3.89|3.88|3.89|800|3.883125
2022-05-31T10:09:00|1654006140|3.81|3.81|3.81|3.81|3.81|100|3.81
2022-05-31T10:11:00|1654006260|3.8449999999999998|3.835|3.86|3.83|3.86|1400|3.844643
2022-05-31T10:14:00|1654006440|3.86|3.86|3.86|3.86|3.86|200|3.86
2022-05-31T10:20:00|1654006800|3.875|3.86|3.89|3.86|3.86|614|3.874658
2022-05-31T10:21:00|1654006860|3.8449999999999998|3.85|3.85|3.84|3.84|200|3.845
2022-05-31T10:22:00|1654006920|3.87|3.87|3.87|3.87|3.87|100|3.87
2022-05-31T10:25:00|1654007100|3.8449999999999998|3.84|3.85|3.84|3.85|300|3.846667
2022-05-31T10:26:00|1654007160|3.835|3.83|3.85|3.82|3.83|2100|3.835714
2022-05-31T10:27:00|1654007220|3.84|3.84|3.84|3.84|3.84|400|3.84
2022-05-31T10:29:00|1654007340|3.8425000000000002|3.84|3.85|3.835|3.835|400|3.84125
2022-05-31T10:30:00|1654007400|3.84|3.84|3.84|3.84|3.84|200|3.84
2022-05-31T10:34:00|1654007640|3.85|3.85|3.85|3.85|3.85|100|3.85
2022-05-31T10:35:00|1654007700|3.83|3.83|3.83|3.83|3.83|100|3.83
2022-05-31T10:36:00|1654007760|3.84|3.84|3.84|3.84|3.84|100|3.84
2022-05-31T10:37:00|1654007820|3.84|3.84|3.84|3.84|3.84|100|3.84
2022-05-31T10:38:00|1654007880|3.8377999999999997|3.8356|3.84|3.8356|3.84|746|3.837959
2022-05-31T10:39:00|1654007940|3.835|3.83|3.84|3.83|3.84|200|3.835
2022-05-31T10:40:00|1654008000|3.835|3.84|3.84|3.83|3.83|400|3.835
2022-05-31T10:42:00|1654008120|3.855|3.85|3.86|3.85|3.86|1000|3.85175
2022-05-31T10:43:00|1654008180|3.8725|3.88|3.88|3.865|3.88|300|3.875
2022-05-31T10:45:00|1654008300|3.865|3.865|3.865|3.865|3.865|100|3.865
2022-05-31T10:46:00|1654008360|3.88|3.88|3.88|3.88|3.88|234|3.88
2022-05-31T10:47:00|1654008420|3.845|3.845|3.845|3.845|3.845|100|3.845
2022-05-31T10:53:00|1654008780|3.865|3.86|3.87|3.86|3.87|200|3.865
2022-05-31T10:54:00|1654008840|3.855|3.84|3.87|3.84|3.84|1200|3.850583
2022-05-31T10:55:00|1654008900|3.84|3.84|3.84|3.84|3.84|100|3.84
2022-05-31T10:56:00|1654008960|3.8449999999999998|3.84|3.85|3.84|3.84|900|3.842222
2022-05-31T10:58:00|1654009080|3.85|3.85|3.85|3.85|3.85|100|3.85
2022-05-31T10:59:00|1654009140|3.85|3.85|3.85|3.85|3.85|100|3.85
2022-05-31T11:01:00|1654009260|3.8575|3.86|3.86|3.855|3.86|500|3.858
2022-05-31T11:02:00|1654009320|3.855|3.85|3.86|3.85|3.85|800|3.854375
2022-05-31T11:06:00|1654009560|3.8525|3.855|3.855|3.85|3.85|400|3.85125
2022-05-31T11:07:00|1654009620|3.8475|3.85|3.855|3.84|3.84|3710|3.848652
2022-05-31T11:08:00|1654009680|3.8099999999999996|3.82|3.82|3.8|3.8|552|3.809058
2022-05-31T11:09:00|1654009740|3.815|3.815|3.815|3.815|3.815|100|3.815
2022-05-31T11:12:00|1654009920|3.79|3.8|3.8|3.78|3.78|300|3.793333
2022-05-31T11:14:00|1654010040|3.76|3.76|3.76|3.76|3.76|100|3.76
2022-05-31T11:15:00|1654010100|3.7649999999999997|3.77|3.77|3.76|3.76|200|3.765
2022-05-31T11:16:00|1654010160|3.8|3.8|3.8|3.8|3.8|300|3.8
2022-05-31T11:18:00|1654010280|3.79|3.79|3.79|3.79|3.79|100|3.79
2022-05-31T11:19:00|1654010340|3.785|3.78|3.79|3.78|3.79|800|3.7875
2022-05-31T11:21:00|1654010460|3.79|3.8|3.8|3.78|3.78|200|3.79
2022-05-31T11:22:00|1654010520|3.79|3.8|3.8|3.78|3.78|300|3.79
2022-05-31T11:23:00|1654010580|3.8|3.8|3.8|3.8|3.8|200|3.8
2022-05-31T11:24:00|1654010640|3.79845|3.7969|3.8|3.7969|3.8|750|3.79814
2022-05-31T11:26:00|1654010760|3.795|3.795|3.795|3.795|3.795|100|3.795
2022-05-31T11:28:00|1654010880|3.795|3.79|3.8|3.79|3.8|200|3.795
2022-05-31T11:29:00|1654010940|3.8|3.8|3.8|3.8|3.8|400|3.8
2022-05-31T11:30:00|1654011000|3.82|3.82|3.82|3.82|3.82|100|3.82
2022-05-31T11:34:00|1654011240|3.78|3.8|3.8|3.76|3.8|4976|3.781141
2022-05-31T11:37:00|1654011420|3.755|3.75|3.76|3.75|3.76|400|3.7525
2022-05-31T11:39:00|1654011540|3.775|3.76|3.79|3.76|3.79|500|3.768
2022-05-31T11:43:00|1654011780|3.775|3.79|3.79|3.76|3.76|349|3.768596
2022-05-31T11:49:00|1654012140|3.79|3.79|3.79|3.79|3.79|100|3.79
2022-05-31T11:51:00|1654012260|3.75|3.76|3.76|3.74|3.74|200|3.75
2022-05-31T11:53:00|1654012380|3.785|3.7999|3.8|3.77|3.795|4900|3.798388
2022-05-31T11:54:00|1654012440|3.8|3.8|3.8|3.8|3.8|300|3.8
2022-05-31T11:55:00|1654012500|3.83|3.8|3.86|3.8|3.86|7175|3.826655
2022-05-31T11:56:00|1654012560|3.835|3.835|3.835|3.835|3.835|100|3.835
2022-05-31T11:57:00|1654012620|3.835|3.835|3.835|3.835|3.835|100|3.835
2022-05-31T12:04:00|1654013040|3.835|3.835|3.835|3.835|3.835|100|3.835
2022-05-31T12:05:00|1654013100|3.8|3.81|3.82|3.78|3.78|3611|3.801936
2022-05-31T12:06:00|1654013160|3.815|3.81|3.82|3.81|3.82|500|3.818
2022-05-31T12:07:00|1654013220|3.82|3.82|3.82|3.82|3.82|368|3.82
2022-05-31T12:09:00|1654013340|3.835|3.83|3.84|3.83|3.84|200|3.835
2022-05-31T12:10:00|1654013400|3.84|3.82|3.86|3.82|3.82|4952|3.823231
2022-05-31T12:12:00|1654013520|3.81|3.81|3.81|3.81|3.81|100|3.81
2022-05-31T12:14:00|1654013640|3.825|3.825|3.825|3.825|3.825|100|3.825
2022-05-31T12:17:00|1654013820|3.795|3.8|3.8|3.79|3.79|200|3.795
2022-05-31T12:20:00|1654014000|3.825|3.825|3.825|3.825|3.825|100|3.825
2022-05-31T12:21:00|1654014060|3.8075|3.825|3.825|3.79|3.825|600|3.809167
2022-05-31T12:23:00|1654014180|3.8|3.8|3.8|3.8|3.8|100|3.8
2022-05-31T12:24:00|1654014240|3.8|3.8|3.8|3.8|3.8|100|3.8
2022-05-31T12:26:00|1654014360|3.82|3.82|3.82|3.82|3.82|1300|3.82
2022-05-31T12:27:00|1654014420|3.82|3.82|3.82|3.82|3.82|100|3.82
2022-05-31T12:28:00|1654014480|3.7925|3.795|3.795|3.79|3.79|400|3.79125
2022-05-31T12:29:00|1654014540|3.81525|3.82|3.82|3.8105|3.8105|400|3.81525
2022-05-31T12:32:00|1654014720|3.8049999999999997|3.8|3.82|3.79|3.8105|400|3.805125
2022-05-31T12:34:00|1654014840|3.79|3.79|3.79|3.79|3.79|100|3.79
2022-05-31T12:35:00|1654014900|3.8049999999999997|3.82|3.82|3.79|3.79|200|3.805
2022-05-31T12:38:00|1654015080|3.79|3.79|3.79|3.79|3.79|200|3.79
2022-05-31T12:39:00|1654015140|3.8125999999999998|3.815|3.815|3.8102|3.8102|200|3.8126
2022-05-31T12:41:00|1654015260|3.795|3.8|3.8|3.79|3.79|200|3.795
2022-05-31T12:43:00|1654015380|3.815|3.815|3.815|3.815|3.815|100|3.815
2022-05-31T12:44:00|1654015440|3.825|3.822|3.83|3.82|3.82|962|3.823119
2022-05-31T12:45:00|1654015500|3.82|3.82|3.82|3.82|3.82|100|3.82
2022-05-31T12:49:00|1654015740|3.83|3.83|3.83|3.83|3.83|100|3.83
2022-05-31T12:51:00|1654015860|3.825|3.83|3.83|3.82|3.82|300|3.823333
2022-05-31T12:55:00|1654016100|3.825|3.82|3.83|3.82|3.83|3418|3.82117
2022-05-31T12:56:00|1654016160|3.825|3.82|3.83|3.82|3.83|200|3.825
2022-05-31T13:00:00|1654016400|3.82|3.82|3.82|3.82|3.82|400|3.82
2022-05-31T13:04:00|1654016640|3.82|3.82|3.82|3.82|3.82|100|3.82
2022-05-31T13:05:00|1654016700|3.84|3.84|3.84|3.84|3.84|1000|3.84
2022-05-31T13:07:00|1654016820|3.8025|3.805|3.805|3.8|3.8|400|3.80125
2022-05-31T13:08:00|1654016880|3.8|3.8|3.8|3.8|3.8|100|3.8
2022-05-31T13:10:00|1654017000|3.815|3.82|3.82|3.81|3.82|2400|3.819583
2022-05-31T13:11:00|1654017060|3.82|3.82|3.82|3.82|3.82|100|3.82
2022-05-31T13:14:00|1654017240|3.8099999999999996|3.8|3.82|3.8|3.8105|400|3.807625
2022-05-31T13:15:00|1654017300|3.8|3.8|3.8|3.8|3.8|100|3.8
2022-05-31T13:16:00|1654017360|3.8|3.8|3.8|3.8|3.8|225|3.8
2022-05-31T13:17:00|1654017420|3.8|3.8|3.8|3.8|3.8|375|3.8
2022-05-31T13:18:00|1654017480|3.81|3.81|3.81|3.81|3.81|100|3.81
2022-05-31T13:19:00|1654017540|3.8049999999999997|3.81|3.81|3.8|3.8|300|3.803333
2022-05-31T13:20:00|1654017600|3.8|3.8|3.8|3.8|3.8|100|3.8
2022-05-31T13:22:00|1654017720|3.8|3.8|3.8|3.8|3.8|100|3.8
2022-05-31T13:27:00|1654018020|3.81|3.81|3.81|3.81|3.81|100|3.81
2022-05-31T13:28:00|1654018080|3.795|3.8|3.8|3.79|3.79|500|3.798
2022-05-31T13:31:00|1654018260|3.78|3.78|3.78|3.78|3.78|100|3.78
2022-05-31T13:32:00|1654018320|3.76|3.76|3.76|3.76|3.76|300|3.76
2022-05-31T13:35:00|1654018500|3.7725|3.785|3.785|3.76|3.76|300|3.768333
2022-05-31T13:36:00|1654018560|3.7725|3.785|3.785|3.76|3.785|1300|3.783077
2022-05-31T13:39:00|1654018740|3.76|3.76|3.76|3.76|3.76|100|3.76
2022-05-31T13:40:00|1654018800|3.7826|3.785|3.785|3.7802|3.7802|200|3.7826
2022-05-31T13:41:00|1654018860|3.785|3.785|3.785|3.785|3.785|111|3.785
2022-05-31T13:43:00|1654018980|3.7725|3.785|3.785|3.76|3.785|1300|3.778492
2022-05-31T13:45:00|1654019100|3.76|3.76|3.76|3.76|3.76|100|3.76
2022-05-31T13:46:00|1654019160|3.7826|3.785|3.785|3.7802|3.7802|200|3.7826
2022-05-31T13:49:00|1654019340|3.785|3.81|3.81|3.76|3.7802|1003|3.795563
2022-05-31T13:51:00|1654019460|3.7725|3.76|3.785|3.76|3.7802|600|3.767533
2022-05-31T13:52:00|1654019520|3.785|3.785|3.81|3.76|3.81|2315|3.790605
2022-05-31T13:53:00|1654019580|3.7625|3.76|3.785|3.74|3.74|5898|3.760878
2022-05-31T13:54:00|1654019640|3.73|3.73|3.73|3.73|3.73|100|3.73
2022-05-31T13:57:00|1654019820|3.73|3.73|3.73|3.73|3.73|700|3.73
2022-05-31T13:59:00|1654019940|3.7347|3.73|3.7394|3.73|3.73|2200|3.732346
2022-05-31T14:00:00|1654020000|3.74|3.74|3.74|3.74|3.74|100|3.74
2022-05-31T14:03:00|1654020180|3.74|3.74|3.74|3.74|3.74|100|3.74
2022-05-31T14:05:00|1654020300|3.73|3.73|3.73|3.73|3.73|100|3.73
2022-05-31T14:07:00|1654020420|3.7350000000000003|3.74|3.74|3.73|3.73|300|3.736667
2022-05-31T14:09:00|1654020540|3.74|3.74|3.74|3.74|3.74|100|3.74
2022-05-31T14:13:00|1654020780|3.7350000000000003|3.74|3.74|3.73|3.73|300|3.733333
2022-05-31T14:16:00|1654020960|3.73|3.73|3.73|3.73|3.73|100|3.73
2022-05-31T14:17:00|1654021020|3.7350000000000003|3.74|3.74|3.73|3.73|405|3.732469
2022-05-31T14:18:00|1654021080|3.74|3.74|3.74|3.74|3.74|100|3.74
2022-05-31T14:22:00|1654021320|3.7350000000000003|3.74|3.74|3.73|3.74|1300|3.735385
2022-05-31T14:25:00|1654021500|3.74|3.74|3.74|3.74|3.74|100|3.74
2022-05-31T14:26:00|1654021560|3.7350000000000003|3.73|3.74|3.73|3.73|300|3.733333
2022-05-31T14:28:00|1654021680|3.73|3.73|3.73|3.73|3.73|1046|3.73
2022-05-31T14:29:00|1654021740|3.73|3.73|3.73|3.73|3.73|100|3.73
2022-05-31T14:31:00|1654021860|3.72|3.72|3.72|3.72|3.72|115|3.72
2022-05-31T14:33:00|1654021980|3.73|3.73|3.73|3.73|3.73|100|3.73
2022-05-31T14:35:00|1654022100|3.72|3.72|3.72|3.72|3.72|300|3.72
2022-05-31T14:37:00|1654022220|3.725|3.72|3.73|3.72|3.73|300|3.726667
2022-05-31T14:39:00|1654022340|3.72|3.72|3.72|3.72|3.72|1000|3.72
2022-05-31T14:40:00|1654022400|3.7151|3.72|3.72|3.7102|3.7102|800|3.711425
2022-05-31T14:42:00|1654022520|3.72|3.72|3.72|3.72|3.72|200|3.72
2022-05-31T14:43:00|1654022580|3.72|3.72|3.72|3.72|3.72|500|3.72
2022-05-31T14:46:00|1654022760|3.71|3.71|3.71|3.71|3.71|498|3.71
2022-05-31T14:52:00|1654023120|3.6950000000000003|3.7|3.7|3.69|3.69|969|3.691548
2022-05-31T14:54:00|1654023240|3.6759500000000003|3.685|3.685|3.6669|3.68|597|3.675158
2022-05-31T14:55:00|1654023300|3.66|3.66|3.66|3.66|3.66|200|3.66
2022-05-31T14:57:00|1654023420|3.65|3.65|3.65|3.65|3.65|100|3.65
2022-05-31T14:59:00|1654023540|3.6550000000000002|3.65|3.66|3.65|3.66|300|3.656667
2022-05-31T15:01:00|1654023660|3.66|3.66|3.66|3.66|3.66|100|3.66
2022-05-31T15:03:00|1654023780|3.645|3.65|3.65|3.64|3.64|699|3.647153
2022-05-31T15:06:00|1654023960|3.645|3.65|3.65|3.64|3.64|200|3.645
2022-05-31T15:07:00|1654024020|3.6550000000000002|3.65|3.66|3.65|3.65|1800|3.650556
2022-05-31T15:08:00|1654024080|3.6550000000000002|3.66|3.66|3.65|3.655|1802|3.652508
2022-05-31T15:09:00|1654024140|3.65|3.65|3.65|3.65|3.65|500|3.65
2022-05-31T15:13:00|1654024380|3.65|3.65|3.65|3.65|3.65|100|3.65
2022-05-31T15:14:00|1654024440|3.6550000000000002|3.66|3.66|3.65|3.65|1400|3.653571
2022-05-31T15:15:00|1654024500|3.64|3.64|3.64|3.64|3.64|100|3.64
2022-05-31T15:17:00|1654024620|3.645|3.65|3.65|3.64|3.65|1600|3.645625
2022-05-31T15:18:00|1654024680|3.65|3.65|3.65|3.65|3.65|100|3.65
2022-05-31T15:20:00|1654024800|3.6525|3.65|3.655|3.65|3.65|700|3.651429
2022-05-31T15:21:00|1654024860|3.6525|3.65|3.655|3.65|3.65|500|3.651
2022-05-31T15:22:00|1654024920|3.65|3.65|3.65|3.65|3.65|100|3.65
2022-05-31T15:23:00|1654024980|3.6525|3.65|3.655|3.65|3.655|400|3.65125
2022-05-31T15:24:00|1654025040|3.65|3.65|3.65|3.65|3.65|300|3.65
2022-05-31T15:26:00|1654025160|3.65|3.65|3.65|3.65|3.65|900|3.65
2022-05-31T15:27:00|1654025220|3.65|3.65|3.65|3.65|3.65|100|3.65
2022-05-31T15:28:00|1654025280|3.645|3.64|3.65|3.64|3.65|300|3.646667
2022-05-31T15:30:00|1654025400|3.645|3.64|3.65|3.64|3.65|200|3.645
2022-05-31T15:31:00|1654025460|3.65|3.65|3.65|3.65|3.65|100|3.65
2022-05-31T15:32:00|1654025520|3.65|3.65|3.65|3.65|3.65|600|3.65
2022-05-31T15:33:00|1654025580|3.65|3.65|3.65|3.65|3.65|200|3.65
2022-05-31T15:34:00|1654025640|3.65|3.65|3.65|3.65|3.65|100|3.65
2022-05-31T15:35:00|1654025700|3.6550000000000002|3.65|3.66|3.65|3.65|400|3.655
2022-05-31T15:36:00|1654025760|3.6500000000000004|3.64|3.66|3.64|3.65|300|3.65
2022-05-31T15:37:00|1654025820|3.65|3.65|3.65|3.65|3.65|207|3.65
2022-05-31T15:38:00|1654025880|3.65|3.65|3.65|3.65|3.65|2100|3.65
2022-05-31T15:39:00|1654025940|3.6525|3.65|3.655|3.65|3.655|1949|3.65077
2022-05-31T15:40:00|1654026000|3.6593|3.6593|3.6593|3.6593|3.6593|142|3.6593
2022-05-31T15:41:00|1654026060|3.6525|3.65|3.655|3.65|3.655|500|3.653
2022-05-31T15:42:00|1654026120|3.655|3.655|3.655|3.655|3.655|200|3.655
2022-05-31T15:43:00|1654026180|3.655|3.655|3.655|3.655|3.655|200|3.655
2022-05-31T15:44:00|1654026240|3.6525|3.655|3.655|3.65|3.655|779|3.653209
2022-05-31T15:45:00|1654026300|3.6624999999999996|3.65|3.675|3.65|3.675|2200|3.660227
2022-05-31T15:46:00|1654026360|3.68|3.67|3.7|3.66|3.68|2200|3.670455
2022-05-31T15:47:00|1654026420|3.68|3.68|3.68|3.68|3.68|200|3.68
2022-05-31T15:48:00|1654026480|3.675|3.68|3.68|3.67|3.67|600|3.678333
2022-05-31T15:49:00|1654026540|3.68|3.7|3.7|3.66|3.67|1100|3.673636
2022-05-31T15:50:00|1654026600|3.67|3.67|3.68|3.66|3.67|2900|3.665103
2022-05-31T15:51:00|1654026660|3.66|3.66|3.66|3.66|3.66|700|3.66
2022-05-31T15:52:00|1654026720|3.65915|3.66|3.6683|3.65|3.66|1350|3.656613
2022-05-31T15:53:00|1654026780|3.6550000000000002|3.66|3.66|3.65|3.65|990|3.65101
2022-05-31T15:54:00|1654026840|3.6500000000000004|3.65|3.66|3.64|3.65|4900|3.647347
2022-05-31T15:55:00|1654026900|3.6399999999999997|3.65|3.65|3.63|3.63|2177|3.64006
2022-05-31T15:56:00|1654026960|3.6399999999999997|3.64|3.65|3.63|3.63|2709|3.640151
2022-05-31T15:57:00|1654027020|3.63|3.63|3.63|3.63|3.63|951|3.63
2022-05-31T15:58:00|1654027080|3.625|3.63|3.63|3.62|3.62|2738|3.622626
2022-05-31T15:59:00|1654027140|3.63|3.62|3.64|3.62|3.62|2927|3.625217
2022-05-31T16:00:00|1654027200|3.62|3.62|3.62|3.62|3.62|11973|3.62
2022-06-01T09:30:00|1654090200|3.55|3.55|3.55|3.55|3.55|197|3.55
2022-06-01T09:34:00|1654090440|3.55|3.55|3.55|3.55|3.55|100|3.55
2022-06-01T09:37:00|1654090620|3.5157|3.5157|3.5157|3.5157|3.5157|160|3.5157
2022-06-01T09:40:00|1654090800|3.5149999999999997|3.52|3.52|3.51|3.51|700|3.514286
2022-06-01T09:42:00|1654090920|3.525|3.53|3.54|3.51|3.54|800|3.528125
2022-06-01T09:58:00|1654091880|3.5092|3.5092|3.5092|3.5092|3.5092|100|3.5092
2022-06-01T10:00:00|1654092000|3.4699999999999998|3.48|3.48|3.46|3.47|400|3.4725
2022-06-01T10:02:00|1654092120|3.47|3.47|3.47|3.47|3.47|550|3.47
2022-06-01T10:04:00|1654092240|3.4372|3.45|3.45|3.4244|3.4244|5600|3.427143
2022-06-01T10:05:00|1654092300|3.4105499999999997|3.41|3.4111|3.41|3.4103|1920|3.410574
2022-06-01T10:07:00|1654092420|3.41065|3.42|3.42|3.4013|3.4013|299|3.407554
2022-06-01T10:10:00|1654092600|3.41|3.41|3.41|3.41|3.41|600|3.41
2022-06-01T10:11:00|1654092660|3.41|3.41|3.41|3.41|3.41|984|3.41
2022-06-01T10:12:00|1654092720|3.435|3.44|3.44|3.43|3.43|500|3.436
2022-06-01T10:13:00|1654092780|3.4325|3.44|3.44|3.425|3.425|2100|3.425714
2022-06-01T10:15:00|1654092900|3.4450000000000003|3.44|3.45|3.44|3.45|2000|3.446
2022-06-01T10:16:00|1654092960|3.445|3.445|3.445|3.445|3.445|100|3.445
2022-06-01T10:18:00|1654093080|3.4450000000000003|3.45|3.45|3.44|3.44|600|3.445
2022-06-01T10:19:00|1654093140|3.4450000000000003|3.455|3.46|3.43|3.43|700|3.437857
2022-06-01T10:20:00|1654093200|3.415|3.43|3.43|3.4|3.4|3734|3.414505
2022-06-01T10:21:00|1654093260|3.4|3.4|3.4|3.4|3.4|100|3.4
2022-06-01T10:28:00|1654093680|3.385|3.37|3.4|3.37|3.4|200|3.385
2022-06-01T10:32:00|1654093920|3.41|3.41|3.41|3.41|3.41|200|3.41
2022-06-01T10:35:00|1654094100|3.39|3.39|3.39|3.39|3.39|100|3.39
2022-06-01T10:38:00|1654094280|3.4|3.4|3.4|3.4|3.4|100|3.4
2022-06-01T10:39:00|1654094340|3.38|3.38|3.38|3.38|3.38|100|3.38
2022-06-01T10:40:00|1654094400|3.3899999999999997|3.395|3.395|3.385|3.39|600|3.3875
2022-06-01T10:42:00|1654094520|3.395|3.4|3.4|3.39|3.39|200|3.395
2022-06-01T10:44:00|1654094640|3.3899999999999997|3.4|3.4|3.38|3.38|900|3.393333
2022-06-01T10:46:00|1654094760|3.395|3.395|3.395|3.395|3.395|100|3.395
2022-06-01T10:47:00|1654094820|3.39|3.39|3.39|3.39|3.39|100|3.39
2022-06-01T10:48:00|1654094880|3.3825000000000003|3.37|3.395|3.37|3.395|200|3.3825
2022-06-01T10:49:00|1654094940|3.39|3.39|3.39|3.39|3.39|100|3.39
2022-06-01T10:52:00|1654095120|3.4|3.4|3.4|3.4|3.4|100|3.4
2022-06-01T10:56:00|1654095360|3.3975|3.4|3.4|3.395|3.395|700|3.398571
2022-06-01T10:57:00|1654095420|3.383|3.383|3.383|3.383|3.383|200|3.383
2022-06-01T10:59:00|1654095540|3.395|3.41|3.41|3.38|3.38|200|3.395
2022-06-01T11:00:00|1654095600|3.3800499999999998|3.38|3.3801|3.38|3.38|444|3.380023
2022-06-01T11:01:00|1654095660|3.39|3.39|3.39|3.39|3.39|100|3.39
2022-06-01T11:09:00|1654096140|3.36|3.36|3.36|3.36|3.36|788|3.36
2022-06-01T11:10:00|1654096200|3.37|3.37|3.37|3.37|3.37|100|3.37
2022-06-01T11:11:00|1654096260|3.35|3.35|3.35|3.35|3.35|100|3.35
2022-06-01T11:16:00|1654096560|3.36|3.36|3.36|3.36|3.36|100|3.36
2022-06-01T11:17:00|1654096620|3.37|3.37|3.37|3.37|3.37|100|3.37
2022-06-01T11:18:00|1654096680|3.35|3.35|3.35|3.35|3.35|600|3.35
2022-06-01T11:20:00|1654096800|3.33|3.33|3.33|3.33|3.33|100|3.33
2022-06-01T11:22:00|1654096920|3.315|3.33|3.33|3.3|3.3|7100|3.302254
2022-06-01T11:24:00|1654097040|3.3|3.3|3.3|3.3|3.3|300|3.3
2022-06-01T11:26:00|1654097160|3.33|3.32|3.34|3.32|3.32|500|3.33
2022-06-01T11:27:00|1654097220|3.32|3.32|3.32|3.32|3.32|100|3.32
2022-06-01T11:28:00|1654097280|3.32|3.32|3.32|3.32|3.32|4862|3.32
2022-06-01T11:29:00|1654097340|3.31|3.31|3.31|3.31|3.31|100|3.31
2022-06-01T11:36:00|1654097760|3.31|3.31|3.31|3.31|3.31|100|3.31
2022-06-01T11:38:00|1654097880|3.28|3.28|3.28|3.28|3.28|100|3.28
2022-06-01T11:43:00|1654098180|3.295|3.295|3.295|3.295|3.295|144|3.295
2022-06-01T11:45:00|1654098300|3.28|3.28|3.28|3.28|3.28|100|3.28
2022-06-01T11:50:00|1654098600|3.31|3.31|3.31|3.31|3.31|100|3.31
2022-06-01T11:52:00|1654098720|3.28|3.28|3.28|3.28|3.28|100|3.28
2022-06-01T11:53:00|1654098780|3.2874999999999996|3.28|3.295|3.28|3.295|200|3.2875
2022-06-01T11:56:00|1654098960|3.31|3.31|3.31|3.31|3.31|100|3.31
2022-06-01T12:00:00|1654099200|3.2800000000000002|3.29|3.29|3.27|3.27|1870|3.280535
2022-06-01T12:02:00|1654099320|3.2699|3.2699|3.2699|3.2699|3.2699|200|3.2699
2022-06-01T12:04:00|1654099440|3.25|3.25|3.25|3.25|3.25|100|3.25
2022-06-01T12:07:00|1654099620|3.25|3.25|3.25|3.25|3.25|100|3.25
2022-06-01T12:13:00|1654099980|3.26|3.26|3.26|3.26|3.26|500|3.26
2022-06-01T12:14:00|1654100040|3.26|3.26|3.26|3.26|3.26|300|3.26
2022-06-01T12:17:00|1654100220|3.27|3.27|3.27|3.27|3.27|100|3.27
2022-06-01T12:19:00|1654100340|3.2686|3.2672|3.27|3.2672|3.27|685|3.268835
2022-06-01T12:20:00|1654100400|3.27|3.27|3.27|3.27|3.27|100|3.27
2022-06-01T12:22:00|1654100520|3.27|3.27|3.27|3.27|3.27|100|3.27
2022-06-01T12:25:00|1654100700|3.27|3.27|3.27|3.27|3.27|100|3.27
2022-06-01T12:31:00|1654101060|3.27|3.27|3.27|3.27|3.27|170|3.27
2022-06-01T12:33:00|1654101180|3.2725|3.2654|3.28|3.265|3.28|300|3.270133
2022-06-01T12:34:00|1654101240|3.28|3.28|3.28|3.28|3.28|100|3.28
2022-06-01T12:37:00|1654101420|3.28|3.28|3.28|3.28|3.28|200|3.28
2022-06-01T12:41:00|1654101660|3.28|3.28|3.28|3.28|3.28|100|3.28
2022-06-01T12:42:00|1654101720|3.265|3.265|3.265|3.265|3.265|100|3.265
2022-06-01T12:44:00|1654101840|3.265|3.265|3.265|3.265|3.265|100|3.265
2022-06-01T12:45:00|1654101900|3.265|3.265|3.265|3.265|3.265|100|3.265
2022-06-01T12:49:00|1654102140|3.2612|3.2612|3.2612|3.2612|3.2612|1000|3.2612
2022-06-01T12:51:00|1654102260|3.28|3.28|3.28|3.28|3.28|100|3.28
2022-06-01T12:52:00|1654102320|3.26|3.26|3.26|3.26|3.26|200|3.26
2022-06-01T12:53:00|1654102380|3.26|3.26|3.26|3.26|3.26|100|3.26
2022-06-01T12:57:00|1654102620|3.26|3.26|3.26|3.26|3.26|100|3.26
2022-06-01T13:01:00|1654102860|3.2601|3.2502|3.27|3.2502|3.27|1300|3.265431
2022-06-01T13:07:00|1654103220|3.26|3.26|3.26|3.26|3.26|100|3.26
2022-06-01T13:11:00|1654103460|3.2528|3.2528|3.2528|3.2528|3.2528|400|3.2528
2022-06-01T13:14:00|1654103640|3.26|3.26|3.26|3.26|3.26|200|3.26
2022-06-01T13:19:00|1654103940|3.26|3.26|3.26|3.26|3.26|100|3.26
2022-06-01T13:21:00|1654104060|3.26|3.26|3.26|3.26|3.26|100|3.26
2022-06-01T13:24:00|1654104240|3.26|3.26|3.26|3.26|3.26|100|3.26
2022-06-01T13:25:00|1654104300|3.2599|3.2599|3.2599|3.2599|3.2599|100|3.2599
2022-06-01T13:26:00|1654104360|3.26|3.26|3.26|3.26|3.26|100|3.26
2022-06-01T13:39:00|1654105140|3.2553|3.255|3.2556|3.255|3.2556|207|3.25531
2022-06-01T13:41:00|1654105260|3.26|3.26|3.26|3.26|3.26|100|3.26
2022-06-01T13:51:00|1654105860|3.26|3.26|3.26|3.26|3.26|100|3.26
2022-06-01T13:56:00|1654106160|3.25865|3.26|3.26|3.2573|3.2573|900|3.2576
2022-06-01T14:01:00|1654106460|3.26|3.26|3.26|3.26|3.26|100|3.26
2022-06-01T14:06:00|1654106760|3.26|3.26|3.26|3.26|3.26|100|3.26
2022-06-01T14:07:00|1654106820|3.26|3.26|3.26|3.26|3.26|100|3.26
2022-06-01T14:17:00|1654107420|3.26|3.26|3.26|3.26|3.26|100|3.26
2022-06-01T14:20:00|1654107600|3.26|3.26|3.26|3.26|3.26|100|3.26
2022-06-01T14:22:00|1654107720|3.26|3.26|3.26|3.26|3.26|100|3.26
2022-06-01T14:23:00|1654107780|3.26|3.26|3.26|3.26|3.26|100|3.26
2022-06-01T14:25:00|1654107900|3.26|3.26|3.26|3.26|3.26|100|3.26
2022-06-01T14:28:00|1654108080|3.255|3.255|3.255|3.255|3.255|100|3.255
2022-06-01T14:33:00|1654108380|3.2575|3.26|3.26|3.255|3.26|300|3.258333
2022-06-01T14:34:00|1654108440|3.255|3.255|3.255|3.255|3.255|100|3.255
2022-06-01T14:35:00|1654108500|3.26|3.26|3.26|3.26|3.26|100|3.26
2022-06-01T14:36:00|1654108560|3.26|3.26|3.26|3.26|3.26|700|3.26
2022-06-01T14:41:00|1654108860|3.26|3.26|3.26|3.26|3.26|100|3.26
2022-06-01T14:45:00|1654109100|3.26|3.26|3.26|3.26|3.26|100|3.26
2022-06-01T14:46:00|1654109160|3.26|3.26|3.26|3.26|3.26|100|3.26
2022-06-01T14:49:00|1654109340|3.27|3.27|3.27|3.27|3.27|100|3.27
2022-06-01T14:52:00|1654109520|3.265|3.265|3.265|3.265|3.265|100|3.265
2022-06-01T14:53:00|1654109580|3.2625|3.26|3.265|3.26|3.265|631|3.263415
2022-06-01T14:54:00|1654109640|3.26|3.26|3.26|3.26|3.26|100|3.26
2022-06-01T15:02:00|1654110120|3.26|3.26|3.26|3.26|3.26|200|3.26
2022-06-01T15:03:00|1654110180|3.26|3.26|3.26|3.26|3.26|1400|3.26
2022-06-01T15:08:00|1654110480|3.26|3.26|3.26|3.26|3.26|900|3.26
2022-06-01T15:09:00|1654110540|3.26|3.26|3.26|3.26|3.26|100|3.26
2022-06-01T15:10:00|1654110600|3.26|3.26|3.26|3.26|3.26|300|3.26
2022-06-01T15:12:00|1654110720|3.27|3.27|3.27|3.27|3.27|100|3.27
2022-06-01T15:13:00|1654110780|3.2577999999999996|3.26|3.26|3.2556|3.2556|1147|3.257518
2022-06-01T15:15:00|1654110900|3.26|3.26|3.26|3.26|3.26|100|3.26
2022-06-01T15:17:00|1654111020|3.26|3.26|3.26|3.26|3.26|100|3.26
2022-06-01T15:24:00|1654111440|3.26|3.26|3.26|3.26|3.26|100|3.26
2022-06-01T15:26:00|1654111560|3.26|3.26|3.26|3.26|3.26|100|3.26
2022-06-01T15:28:00|1654111680|3.26|3.26|3.26|3.26|3.26|100|3.26
2022-06-01T15:31:00|1654111860|3.26|3.26|3.26|3.26|3.26|100|3.26
2022-06-01T15:38:00|1654112280|3.26|3.26|3.26|3.26|3.26|100|3.26
2022-06-01T15:41:00|1654112460|3.26|3.26|3.26|3.26|3.26|100|3.26
2022-06-01T15:47:00|1654112820|3.25745|3.2599|3.2599|3.255|3.255|314|3.258339
2022-06-01T15:48:00|1654112880|3.26|3.26|3.26|3.26|3.26|100|3.26
2022-06-01T15:50:00|1654113000|3.255|3.255|3.255|3.255|3.255|100|3.255
2022-06-01T15:51:00|1654113060|3.2591|3.26|3.26|3.2582|3.2582|200|3.2591
2022-06-01T15:52:00|1654113120|3.2575|3.26|3.26|3.255|3.255|400|3.25625
2022-06-01T15:54:00|1654113240|3.26|3.26|3.26|3.26|3.26|100|3.26
2022-06-01T15:56:00|1654113360|3.26|3.26|3.26|3.26|3.26|755|3.26
2022-06-01T15:57:00|1654113420|3.26|3.26|3.26|3.26|3.26|100|3.26
2022-06-01T15:59:00|1654113540|3.255|3.255|3.26|3.25|3.25|644|3.255963
2022-06-01T16:00:00|1654113600|3.25|3.25|3.25|3.25|3.25|637|3.25
2022-06-02T09:31:00|1654176660|3.2|3.2|3.2|3.2|3.2|200|3.2
2022-06-02T09:33:00|1654176780|3.185|3.185|3.185|3.185|3.185|500|3.185
2022-06-02T09:36:00|1654176960|3.185|3.19|3.19|3.18|3.18|364|3.185495
2022-06-02T09:40:00|1654177200|3.17535|3.1707|3.18|3.1707|3.18|562|3.174754
2022-06-02T09:43:00|1654177380|3.1950000000000003|3.19|3.21|3.18|3.205|1249|3.197006
2022-06-02T09:46:00|1654177560|3.2350000000000003|3.22|3.25|3.22|3.25|2030|3.235567
2022-06-02T09:48:00|1654177680|3.245|3.245|3.245|3.245|3.245|300|3.245
2022-06-02T09:50:00|1654177800|3.245|3.245|3.245|3.245|3.245|100|3.245
2022-06-02T09:52:00|1654177920|3.245|3.245|3.245|3.245|3.245|200|3.245
2022-06-02T10:02:00|1654178520|3.2475|3.245|3.25|3.245|3.25|7388|3.249526
2022-06-02T10:05:00|1654178700|3.2427|3.2427|3.2427|3.2427|3.2427|2500|3.2427
2022-06-02T10:06:00|1654178760|3.26|3.26|3.26|3.26|3.26|300|3.26
2022-06-02T10:07:00|1654178820|3.25|3.26|3.26|3.24|3.24|2709|3.243691
2022-06-02T10:15:00|1654179300|3.25|3.25|3.27|3.23|3.27|4037|3.23811
2022-06-02T10:16:00|1654179360|3.25|3.25|3.25|3.25|3.25|2500|3.25
2022-06-02T10:19:00|1654179540|3.26|3.26|3.26|3.26|3.26|100|3.26
2022-06-02T10:20:00|1654179600|3.24|3.24|3.24|3.24|3.24|100|3.24
2022-06-02T10:21:00|1654179660|3.24|3.24|3.24|3.24|3.24|100|3.24
2022-06-02T10:22:00|1654179720|3.2375|3.235|3.24|3.235|3.24|1500|3.239067
2022-06-02T10:23:00|1654179780|3.255|3.24|3.27|3.24|3.27|618|3.246472
2022-06-02T10:30:00|1654180200|3.27|3.27|3.27|3.27|3.27|100|3.27
2022-06-02T10:34:00|1654180440|3.29|3.29|3.29|3.29|3.29|300|3.29
2022-06-02T10:39:00|1654180740|3.32|3.32|3.32|3.32|3.32|100|3.32
2022-06-02T10:40:00|1654180800|3.3435|3.3435|3.3435|3.3435|3.3435|164|3.3435
2022-06-02T10:46:00|1654181160|3.335|3.34|3.35|3.32|3.35|1713|3.345102
2022-06-02T10:48:00|1654181280|3.365|3.37|3.37|3.36|3.36|200|3.365
2022-06-02T10:50:00|1654181400|3.35|3.35|3.35|3.35|3.35|100|3.35
2022-06-02T11:01:00|1654182060|3.36|3.36|3.36|3.36|3.36|300|3.36
2022-06-02T11:03:00|1654182180|3.36|3.36|3.36|3.36|3.36|100|3.36
2022-06-02T11:06:00|1654182360|3.355|3.355|3.355|3.355|3.355|2400|3.355
2022-06-02T11:12:00|1654182720|3.3586|3.3586|3.3586|3.3586|3.3586|567|3.3586
2022-06-02T11:15:00|1654182900|3.36|3.36|3.36|3.36|3.36|100|3.36
2022-06-02T11:16:00|1654182960|3.36|3.36|3.36|3.36|3.36|100|3.36
2022-06-02T11:17:00|1654183020|3.355|3.355|3.355|3.355|3.355|300|3.355
2022-06-02T11:27:00|1654183620|3.36|3.36|3.36|3.36|3.36|100|3.36
2022-06-02T11:32:00|1654183920|3.3125|3.35|3.355|3.27|3.27|4042|3.327241
2022-06-02T11:33:00|1654183980|3.26|3.26|3.26|3.26|3.26|1700|3.26
2022-06-02T11:37:00|1654184220|3.275|3.26|3.29|3.26|3.29|600|3.273333
2022-06-02T11:38:00|1654184280|3.3|3.3|3.3|3.3|3.3|200|3.3
2022-06-02T11:39:00|1654184340|3.3274999999999997|3.32|3.335|3.32|3.335|350|3.326429
2022-06-02T11:40:00|1654184400|3.3449999999999998|3.34|3.35|3.34|3.34|1100|3.341818
2022-06-02T11:51:00|1654185060|3.345|3.345|3.345|3.345|3.345|100|3.345
2022-06-02T12:02:00|1654185720|3.345|3.345|3.345|3.345|3.345|100|3.345
2022-06-02T12:07:00|1654186020|3.35|3.35|3.35|3.35|3.35|100|3.35
2022-06-02T12:13:00|1654186380|3.335|3.34|3.34|3.33|3.33|1000|3.339
2022-06-02T12:14:00|1654186440|3.325|3.325|3.325|3.325|3.325|100|3.325
2022-06-02T12:44:00|1654188240|3.32675|3.325|3.3285|3.325|3.3285|310|3.327371
2022-06-02T12:56:00|1654188960|3.33|3.33|3.33|3.33|3.33|100|3.33
2022-06-02T13:01:00|1654189260|3.3296|3.3296|3.3296|3.3296|3.3296|1000|3.3296
2022-06-02T13:02:00|1654189320|3.33|3.33|3.33|3.33|3.33|100|3.33
2022-06-02T13:07:00|1654189620|3.33|3.33|3.33|3.33|3.33|100|3.33
2022-06-02T13:18:00|1654190280|3.3286|3.3286|3.3286|3.3286|3.3286|500|3.3286
2022-06-02T13:22:00|1654190520|3.33|3.33|3.33|3.33|3.33|300|3.33
2022-06-02T13:24:00|1654190640|3.33|3.33|3.33|3.33|3.33|100|3.33
2022-06-02T13:26:00|1654190760|3.3363|3.3363|3.3363|3.3363|3.3363|120|3.3363
2022-06-02T13:31:00|1654191060|3.33|3.33|3.33|3.33|3.33|200|3.33
2022-06-02T13:35:00|1654191300|3.32255|3.3201|3.325|3.3201|3.325|600|3.320917
2022-06-02T13:40:00|1654191600|3.325|3.325|3.325|3.325|3.325|200|3.325
2022-06-02T13:49:00|1654192140|3.325|3.325|3.325|3.325|3.325|100|3.325
2022-06-02T13:58:00|1654192680|3.325|3.325|3.325|3.325|3.325|100|3.325
2022-06-02T14:07:00|1654193220|3.325|3.325|3.325|3.325|3.325|100|3.325
2022-06-02T14:08:00|1654193280|3.325|3.325|3.325|3.325|3.325|400|3.325
2022-06-02T14:09:00|1654193340|3.3275|3.325|3.33|3.325|3.33|200|3.3275
2022-06-02T14:10:00|1654193400|3.33|3.33|3.33|3.33|3.33|1127|3.33
2022-06-02T14:12:00|1654193520|3.33|3.33|3.33|3.33|3.33|1300|3.33
2022-06-02T14:13:00|1654193580|3.33|3.33|3.33|3.33|3.33|100|3.33
2022-06-02T14:14:00|1654193640|3.33|3.33|3.33|3.33|3.33|200|3.33
2022-06-02T14:15:00|1654193700|3.33|3.33|3.33|3.33|3.33|100|3.33
2022-06-02T14:16:00|1654193760|3.33|3.33|3.33|3.33|3.33|100|3.33
2022-06-02T14:25:00|1654194300|3.325|3.32|3.33|3.32|3.33|200|3.325
2022-06-02T14:27:00|1654194420|3.33|3.33|3.33|3.33|3.33|100|3.33
2022-06-02T14:28:00|1654194480|3.32|3.32|3.32|3.32|3.32|710|3.32
2022-06-02T14:29:00|1654194540|3.32|3.32|3.32|3.32|3.32|100|3.32
2022-06-02T14:35:00|1654194900|3.32|3.32|3.32|3.32|3.32|400|3.32
2022-06-02T14:53:00|1654195980|3.3175|3.32|3.32|3.315|3.315|316|3.318418
2022-06-02T15:08:00|1654196880|3.32|3.32|3.32|3.32|3.32|100|3.32
2022-06-02T15:12:00|1654197120|3.315|3.315|3.315|3.315|3.315|100|3.315
2022-06-02T15:13:00|1654197180|3.3125|3.315|3.315|3.31|3.315|1200|3.31125
2022-06-02T15:18:00|1654197480|3.3|3.3|3.3|3.3|3.3|100|3.3
2022-06-02T15:19:00|1654197540|3.2999|3.2999|3.2999|3.2999|3.2999|400|3.2999
2022-06-02T15:20:00|1654197600|3.3|3.3|3.3|3.3|3.3|427|3.3
2022-06-02T15:21:00|1654197660|3.295|3.295|3.295|3.295|3.295|100|3.295
2022-06-02T15:22:00|1654197720|3.295|3.295|3.295|3.295|3.295|100|3.295
2022-06-02T15:24:00|1654197840|3.295|3.295|3.295|3.295|3.295|300|3.295
2022-06-02T15:26:00|1654197960|3.295|3.295|3.295|3.295|3.295|200|3.295
2022-06-02T15:29:00|1654198140|3.295|3.295|3.295|3.295|3.295|100|3.295
2022-06-02T15:34:00|1654198440|3.295|3.295|3.295|3.295|3.295|100|3.295
2022-06-02T15:39:00|1654198740|3.2975|3.295|3.3|3.295|3.3|1500|3.295333
2022-06-02T15:40:00|1654198800|3.3|3.3|3.3|3.3|3.3|100|3.3
2022-06-02T15:42:00|1654198920|3.2982|3.2982|3.2982|3.2982|3.2982|110|3.2982
2022-06-02T15:46:00|1654199160|3.295|3.295|3.295|3.295|3.295|100|3.295
2022-06-02T15:47:00|1654199220|3.3|3.3|3.3|3.3|3.3|100|3.3
2022-06-02T15:48:00|1654199280|3.295|3.295|3.295|3.295|3.295|100|3.295
2022-06-02T15:49:00|1654199340|3.295|3.295|3.295|3.295|3.295|200|3.295
2022-06-02T15:50:00|1654199400|3.2975|3.295|3.3|3.295|3.295|400|3.29625
2022-06-02T15:51:00|1654199460|3.2975|3.3|3.3|3.295|3.3|1392|3.298204
2022-06-02T15:52:00|1654199520|3.295|3.295|3.295|3.295|3.295|860|3.295
2022-06-02T15:55:00|1654199700|3.295|3.295|3.295|3.295|3.295|300|3.295
2022-06-02T15:56:00|1654199760|3.295|3.295|3.295|3.295|3.295|100|3.295
2022-06-02T15:58:00|1654199880|3.2975|3.295|3.3|3.295|3.295|400|3.29625
2022-06-02T15:59:00|1654199940|3.2975|3.295|3.3|3.295|3.3|1027|3.299513
2022-06-02T16:00:00|1654200000|3.3|3.3|3.3|3.3|3.3|390|3.3
2022-06-03T09:25:00|1654262700|3.23|3.23|3.23|3.23|3.23|100|3.23
2022-06-03T09:30:00|1654263000|3.225|3.22|3.23|3.22|3.22|1411|3.223147
2022-06-03T09:31:00|1654263060|3.2075|3.21|3.22|3.195|3.22|1986|3.206979
2022-06-03T09:32:00|1654263120|3.1925|3.2|3.2|3.185|3.185|1400|3.198929
2022-06-03T09:33:00|1654263180|3.1809|3.1809|3.1809|3.1809|3.1809|160|3.1809
2022-06-03T09:34:00|1654263240|3.195|3.195|3.195|3.195|3.195|100|3.195
2022-06-03T09:35:00|1654263300|3.195|3.195|3.195|3.195|3.195|100|3.195
2022-06-03T09:36:00|1654263360|3.2|3.2|3.2|3.2|3.2|200|3.2
2022-06-03T09:37:00|1654263420|3.19|3.19|3.19|3.19|3.19|100|3.19
2022-06-03T09:38:00|1654263480|3.165|3.165|3.165|3.165|3.165|100|3.165
2022-06-03T09:40:00|1654263600|3.1775|3.19|3.19|3.165|3.165|200|3.1775
2022-06-03T09:42:00|1654263720|3.1950000000000003|3.19|3.2|3.19|3.2|300|3.196667
2022-06-03T09:43:00|1654263780|3.1950000000000003|3.18|3.21|3.18|3.21|1500|3.199333
2022-06-03T09:47:00|1654264020|3.2350000000000003|3.23|3.24|3.23|3.24|200|3.235
2022-06-03T09:48:00|1654264080|3.24|3.24|3.24|3.24|3.24|100|3.24
2022-06-03T09:56:00|1654264560|3.27|3.27|3.27|3.27|3.27|200|3.27
2022-06-03T09:57:00|1654264620|3.285|3.27|3.3|3.27|3.3|4831|3.280271
2022-06-03T09:58:00|1654264680|3.31|3.31|3.31|3.31|3.31|100|3.31
2022-06-03T10:00:00|1654264800|3.32|3.32|3.32|3.32|3.32|100|3.32
2022-06-03T10:02:00|1654264920|3.32|3.32|3.32|3.32|3.32|300|3.32
2022-06-03T10:04:00|1654265040|3.32|3.32|3.32|3.32|3.32|300|3.32
2022-06-03T10:05:00|1654265100|3.29|3.29|3.29|3.29|3.29|500|3.29
2022-06-03T10:07:00|1654265220|3.28155|3.29|3.29|3.2731|3.2731|789|3.282542
2022-06-03T10:08:00|1654265280|3.29|3.29|3.29|3.29|3.29|200|3.29
2022-06-03T10:12:00|1654265520|3.3|3.29|3.31|3.29|3.29|400|3.295
2022-06-03T10:20:00|1654266000|3.2925|3.3|3.3|3.285|3.285|1100|3.293182
2022-06-03T10:28:00|1654266480|3.26|3.26|3.26|3.26|3.26|200|3.26
2022-06-03T10:30:00|1654266600|3.23|3.23|3.23|3.23|3.23|400|3.23
2022-06-03T10:34:00|1654266840|3.2699999999999996|3.26|3.28|3.26|3.27|700|3.265714
2022-06-03T10:35:00|1654266900|3.28|3.28|3.28|3.28|3.28|200|3.28
2022-06-03T10:41:00|1654267260|3.28|3.28|3.28|3.28|3.28|100|3.28
2022-06-03T10:43:00|1654267380|3.27|3.27|3.27|3.27|3.27|100|3.27
2022-06-03T10:53:00|1654267980|3.29|3.29|3.29|3.29|3.29|300|3.29
2022-06-03T10:58:00|1654268280|3.295|3.3|3.3|3.29|3.29|700|3.297143
2022-06-03T10:59:00|1654268340|3.3|3.3|3.3|3.3|3.3|600|3.3
2022-06-03T11:00:00|1654268400|3.3|3.3|3.3|3.3|3.3|300|3.3
2022-06-03T11:01:00|1654268460|3.2925|3.3|3.3|3.285|3.285|4435|3.299324
2022-06-03T11:02:00|1654268520|3.2925|3.3|3.3|3.285|3.285|2300|3.291522
2022-06-03T11:03:00|1654268580|3.2925|3.2925|3.2925|3.2925|3.2925|100|3.2925
2022-06-03T11:04:00|1654268640|3.3|3.3|3.3|3.3|3.3|300|3.3
2022-06-03T11:09:00|1654268940|3.3|3.3|3.31|3.29|3.31|1160|3.3
2022-06-03T11:10:00|1654269000|3.31|3.31|3.31|3.31|3.31|700|3.31
2022-06-03T11:11:00|1654269060|3.3049999999999997|3.31|3.31|3.3|3.31|2201|3.309541
2022-06-03T11:15:00|1654269300|3.32|3.32|3.32|3.32|3.32|100|3.32
2022-06-03T11:16:00|1654269360|3.31|3.31|3.31|3.31|3.31|100|3.31
2022-06-03T11:17:00|1654269420|3.31|3.31|3.31|3.31|3.31|200|3.31
2022-06-03T11:18:00|1654269480|3.31|3.31|3.31|3.31|3.31|100|3.31
2022-06-03T11:19:00|1654269540|3.31|3.31|3.31|3.31|3.31|2100|3.31
2022-06-03T11:20:00|1654269600|3.3099999999999996|3.3|3.32|3.3|3.32|5813|3.310344
2022-06-03T11:21:00|1654269660|3.32|3.32|3.32|3.32|3.32|100|3.32
2022-06-03T11:22:00|1654269720|3.31|3.31|3.31|3.31|3.31|100|3.31
2022-06-03T11:24:00|1654269840|3.3049999999999997|3.3|3.31|3.3|3.31|200|3.305
2022-06-03T11:25:00|1654269900|3.3099999999999996|3.31|3.32|3.3|3.3|300|3.31
2022-06-03T11:27:00|1654270020|3.295|3.29|3.3|3.29|3.29|300|3.293333
2022-06-03T11:32:00|1654270320|3.3049999999999997|3.29|3.32|3.29|3.32|709|3.312243
2022-06-03T11:39:00|1654270740|3.32|3.32|3.32|3.32|3.32|100|3.32
2022-06-03T11:42:00|1654270920|3.33|3.34|3.34|3.32|3.32|200|3.33
2022-06-03T11:46:00|1654271160|3.325|3.32|3.33|3.32|3.33|200|3.325
2022-06-03T11:48:00|1654271280|3.33|3.33|3.33|3.33|3.33|200|3.33
2022-06-03T11:55:00|1654271700|3.3175|3.315|3.32|3.315|3.32|200|3.3175
2022-06-03T11:57:00|1654271820|3.36|3.36|3.36|3.36|3.36|200|3.36
2022-06-03T11:58:00|1654271880|3.33|3.33|3.33|3.33|3.33|200|3.33
2022-06-03T12:00:00|1654272000|3.355|3.355|3.355|3.355|3.355|100|3.355
2022-06-03T12:03:00|1654272180|3.335|3.33|3.34|3.33|3.34|200|3.335
2022-06-03T12:04:00|1654272240|3.36|3.36|3.36|3.36|3.36|1000|3.36
2022-06-03T12:06:00|1654272360|3.36|3.36|3.36|3.36|3.36|1445|3.36
2022-06-03T12:07:00|1654272420|3.36|3.36|3.36|3.36|3.36|1455|3.36
2022-06-03T12:10:00|1654272600|3.33|3.33|3.33|3.33|3.33|100|3.33
2022-06-03T12:12:00|1654272720|3.33|3.33|3.33|3.33|3.33|100|3.33
2022-06-03T12:17:00|1654273020|3.2725|3.3|3.3|3.245|3.245|500|3.289
2022-06-03T12:18:00|1654273080|3.255|3.24|3.27|3.24|3.27|200|3.255
2022-06-03T12:28:00|1654273680|3.3|3.3|3.3|3.3|3.3|100|3.3
2022-06-03T12:29:00|1654273740|3.26|3.26|3.26|3.26|3.26|200|3.26
2022-06-03T12:34:00|1654274040|3.3|3.3|3.3|3.3|3.3|100|3.3
2022-06-03T12:38:00|1654274280|3.2775|3.285|3.285|3.27|3.27|985|3.281447
2022-06-03T12:40:00|1654274400|3.295|3.295|3.295|3.295|3.295|200|3.295
2022-06-03T12:43:00|1654274580|3.295|3.295|3.295|3.295|3.295|500|3.295
2022-06-03T12:45:00|1654274700|3.295|3.295|3.295|3.295|3.295|100|3.295
2022-06-03T12:47:00|1654274820|3.27|3.27|3.27|3.27|3.27|200|3.27
2022-06-03T12:48:00|1654274880|3.295|3.295|3.295|3.295|3.295|100|3.295
2022-06-03T12:51:00|1654275060|3.295|3.295|3.295|3.295|3.295|100|3.295
2022-06-03T12:56:00|1654275360|3.2725|3.275|3.275|3.27|3.27|200|3.2725
2022-06-03T13:01:00|1654275660|3.295|3.295|3.295|3.295|3.295|100|3.295
2022-06-03T13:05:00|1654275900|3.275|3.27|3.28|3.27|3.28|200|3.275
2022-06-03T13:12:00|1654276320|3.32|3.32|3.32|3.32|3.32|100|3.32
2022-06-03T13:14:00|1654276440|3.28|3.28|3.28|3.28|3.28|200|3.28
2022-06-03T13:15:00|1654276500|3.28|3.28|3.28|3.28|3.28|100|3.28
2022-06-03T13:16:00|1654276560|3.3|3.3|3.3|3.3|3.3|100|3.3
2022-06-03T13:19:00|1654276740|3.3|3.3|3.3|3.3|3.3|100|3.3
2022-06-03T13:23:00|1654276980|3.28|3.28|3.28|3.28|3.28|200|3.28
2022-06-03T13:26:00|1654277160|3.285|3.29|3.29|3.28|3.28|200|3.285
2022-06-03T13:31:00|1654277460|3.28|3.28|3.28|3.28|3.28|200|3.28
2022-06-03T13:39:00|1654277940|3.28|3.28|3.28|3.28|3.28|100|3.28
2022-06-03T13:41:00|1654278060|3.2969|3.3138|3.3138|3.28|3.28|1300|3.306769
2022-06-03T13:43:00|1654278180|3.29|3.28|3.3|3.28|3.3|200|3.29
2022-06-03T13:46:00|1654278360|3.3|3.3|3.3|3.3|3.3|100|3.3
2022-06-03T13:50:00|1654278600|3.28|3.28|3.28|3.28|3.28|100|3.28
2022-06-03T13:51:00|1654278660|3.28|3.28|3.28|3.28|3.28|100|3.28
2022-06-03T13:54:00|1654278840|3.3|3.3|3.3|3.3|3.3|100|3.3
2022-06-03T13:57:00|1654279020|3.295|3.295|3.295|3.295|3.295|100|3.295
2022-06-03T13:58:00|1654279080|3.27|3.27|3.27|3.27|3.27|100|3.27
2022-06-03T14:01:00|1654279260|3.27|3.27|3.27|3.27|3.27|200|3.27
2022-06-03T14:07:00|1654279620|3.27|3.27|3.27|3.27|3.27|200|3.27
2022-06-03T14:08:00|1654279680|3.295|3.295|3.295|3.295|3.295|100|3.295
2022-06-03T14:13:00|1654279980|3.27|3.27|3.27|3.27|3.27|100|3.27
2022-06-03T14:15:00|1654280100|3.29|3.29|3.29|3.29|3.29|100|3.29
2022-06-03T14:16:00|1654280160|3.275|3.27|3.28|3.27|3.28|200|3.275
2022-06-03T14:18:00|1654280280|3.29|3.29|3.29|3.29|3.29|100|3.29
2022-06-03T14:22:00|1654280520|3.27|3.27|3.27|3.27|3.27|200|3.27
2022-06-03T14:28:00|1654280880|3.26|3.26|3.26|3.26|3.26|100|3.26
2022-06-03T14:30:00|1654281000|3.285|3.285|3.285|3.285|3.285|118|3.285
2022-06-03T14:35:00|1654281300|3.285|3.285|3.285|3.285|3.285|320|3.285
2022-06-03T14:41:00|1654281660|3.3|3.3|3.3|3.3|3.3|100|3.3
2022-06-03T14:47:00|1654282020|3.29|3.3|3.3|3.28|3.28|200|3.29
2022-06-03T14:53:00|1654282380|3.3|3.3|3.3|3.3|3.3|100|3.3
2022-06-03T14:56:00|1654282560|3.2802|3.2802|3.2802|3.2802|3.2802|120|3.2802
2022-06-03T15:06:00|1654283160|3.27|3.27|3.27|3.27|3.27|100|3.27
2022-06-03T15:09:00|1654283340|3.29|3.29|3.29|3.29|3.29|100|3.29
2022-06-03T15:13:00|1654283580|3.27|3.27|3.27|3.27|3.27|100|3.27
2022-06-03T15:16:00|1654283760|3.31|3.31|3.31|3.31|3.31|100|3.31
2022-06-03T15:17:00|1654283820|3.29|3.29|3.29|3.29|3.29|400|3.29
2022-06-03T15:19:00|1654283940|3.2800000000000002|3.27|3.29|3.27|3.272|1500|3.276
2022-06-03T15:23:00|1654284180|3.26|3.26|3.26|3.26|3.26|300|3.26
2022-06-03T15:25:00|1654284300|3.275|3.275|3.275|3.275|3.275|100|3.275
2022-06-03T15:28:00|1654284480|3.275|3.275|3.275|3.275|3.275|100|3.275
2022-06-03T15:30:00|1654284600|3.275|3.26|3.29|3.26|3.26|700|3.27
2022-06-03T15:32:00|1654284720|3.275|3.275|3.275|3.275|3.275|700|3.275
2022-06-03T15:33:00|1654284780|3.275|3.275|3.275|3.275|3.275|100|3.275
2022-06-03T15:35:00|1654284900|3.2649999999999997|3.27|3.27|3.26|3.26|300|3.266667
2022-06-03T15:37:00|1654285020|3.275|3.28|3.28|3.27|3.27|500|3.278
2022-06-03T15:38:00|1654285080|3.27|3.27|3.27|3.27|3.27|400|3.27
2022-06-03T15:39:00|1654285140|3.26|3.26|3.26|3.26|3.26|100|3.26
2022-06-03T15:40:00|1654285200|3.27|3.27|3.27|3.27|3.27|526|3.27
2022-06-03T15:41:00|1654285260|3.26|3.26|3.26|3.26|3.26|100|3.26
2022-06-03T15:42:00|1654285320|3.2691|3.2682|3.27|3.2682|3.27|1200|3.2685
2022-06-03T15:43:00|1654285380|3.2699999999999996|3.26|3.28|3.26|3.27|1000|3.269
2022-06-03T15:45:00|1654285500|3.2649999999999997|3.27|3.27|3.26|3.26|1100|3.262192
2022-06-03T15:46:00|1654285560|3.255|3.2599|3.26|3.25|3.26|1470|3.252364
2022-06-03T15:47:00|1654285620|3.2475|3.24|3.255|3.24|3.255|200|3.2475
2022-06-03T15:49:00|1654285740|3.2550499999999998|3.255|3.27|3.2401|3.26|2100|3.253143
2022-06-03T15:51:00|1654285860|3.275|3.27|3.29|3.26|3.29|1400|3.277857
2022-06-03T15:52:00|1654285920|3.2927|3.2927|3.2927|3.2927|3.2927|160|3.2927
2022-06-03T15:53:00|1654285980|3.2800000000000002|3.285|3.285|3.275|3.275|300|3.281667
2022-06-03T15:54:00|1654286040|3.279|3.28|3.285|3.273|3.285|1000|3.2798
2022-06-03T15:55:00|1654286100|3.2999|3.2999|3.2999|3.2999|3.2999|300|3.2999
2022-06-03T15:56:00|1654286160|3.275|3.28|3.28|3.27|3.27|200|3.275
2022-06-03T15:57:00|1654286220|3.285|3.28|3.3|3.27|3.285|1100|3.283182
2022-06-03T15:59:00|1654286340|3.275|3.28|3.29|3.26|3.28|1100|3.272091
2022-06-03T16:00:00|1654286400|3.28|3.28|3.28|3.28|3.28|650|3.28
