Time|TimeStamp|Price|Open|High|Low|Close|Volume|Volume Weight Avg Price
2022-05-31T04:29:00|1653985740|107.85|107.85|107.85|107.85|107.85|100|107.85
2022-05-31T07:15:00|1653995700|107.83|107.83|107.83|107.83|107.83|100|107.83
2022-05-31T09:30:00|1654003800|107.9871|107.9|108.37|107.6042|107.6042|3868|108.01688
2022-05-31T09:31:00|1654003860|107.465|107.6|107.6|107.33|107.51|580|107.417931
2022-05-31T09:34:00|1654004040|106.285|106.41|106.41|106.16|106.37|1100|106.344091
2022-05-31T09:35:00|1654004100|106.52000000000001|106.36|106.68|106.36|106.4|1454|106.413755
2022-05-31T09:37:00|1654004220|106.32|106.5|106.5|106.14|106.14|400|106.3125
2022-05-31T09:40:00|1654004400|105.97005|106.01|106.14|105.8001|105.81|900|105.877833
2022-05-31T09:42:00|1654004520|105.51505|105.45|105.5801|105.45|105.5801|475|105.511095
2022-05-31T09:45:00|1654004700|105.81|105.81|105.81|105.81|105.81|100|105.81
2022-05-31T09:46:00|1654004760|105.8506|105.8506|105.8506|105.8506|105.8506|120|105.8506
2022-05-31T09:48:00|1654004880|105.69|105.69|105.69|105.69|105.69|100|105.69
2022-05-31T09:53:00|1654005180|105.2|105.15|105.25|105.15|105.25|200|105.2
2022-05-31T09:55:00|1654005300|105.235|105.22|105.25|105.22|105.25|400|105.235
2022-05-31T09:56:00|1654005360|105.19|105.19|105.19|105.19|105.19|100|105.19
2022-05-31T09:57:00|1654005420|105.305|105.42|105.42|105.19|105.19|400|105.36
2022-05-31T09:59:00|1654005540|105.18|105.18|105.18|105.18|105.18|100|105.18
2022-05-31T10:01:00|1654005660|104.89750000000001|105.145|105.145|104.65|104.65|200|104.8975
2022-05-31T10:02:00|1654005720|104.82|104.82|104.82|104.82|104.82|100|104.82
2022-05-31T10:03:00|1654005780|104.64|104.64|104.64|104.64|104.64|484|104.64
2022-05-31T10:04:00|1654005840|104.4|104.4|104.4|104.4|104.4|100|104.4
2022-05-31T10:05:00|1654005900|104.365|104.37|104.38|104.35|104.38|400|104.37
2022-05-31T10:07:00|1654006020|104.3925|104.35|104.45|104.335|104.45|700|104.393571
2022-05-31T10:08:00|1654006080|104.185|104.2|104.2|104.17|104.17|200|104.185
2022-05-31T10:10:00|1654006200|103.945|103.89|104.0|103.89|104.0|691|103.959465
2022-05-31T10:11:00|1654006260|104.15|104.14|104.16|104.14|104.16|200|104.15
2022-05-31T10:12:00|1654006320|104.08500000000001|104.1|104.11|104.06|104.09|500|104.086
2022-05-31T10:13:00|1654006380|104.15|104.12|104.18|104.12|104.18|800|104.14875
2022-05-31T10:14:00|1654006440|104.375|104.11|104.64|104.11|104.64|400|104.41
2022-05-31T10:16:00|1654006560|104.655|104.76|104.76|104.55|104.55|300|104.69
2022-05-31T10:25:00|1654007100|105.315|105.42|105.44|105.19|105.19|400|105.37
2022-05-31T10:26:00|1654007160|105.78|105.58|105.98|105.58|105.98|300|105.713333
2022-05-31T10:31:00|1654007460|106.185|106.14|106.23|106.14|106.23|453|106.196887
2022-05-31T10:35:00|1654007700|106.25|106.25|106.25|106.25|106.25|100|106.25
2022-05-31T10:36:00|1654007760|106.225|106.21|106.24|106.21|106.24|200|106.225
2022-05-31T10:40:00|1654008000|106.15|106.15|106.15|106.15|106.15|100|106.15
2022-05-31T10:41:00|1654008060|106.205|106.2|106.21|106.2|106.21|400|106.2025
2022-05-31T10:42:00|1654008120|106.205|106.24|106.36|106.05|106.05|700|106.291929
2022-05-31T10:43:00|1654008180|106.125|106.125|106.125|106.125|106.125|300|106.125
2022-05-31T10:44:00|1654008240|106.15|106.15|106.15|106.15|106.15|100|106.15
2022-05-31T10:45:00|1654008300|106.03|106.03|106.03|106.03|106.03|111|106.03
2022-05-31T10:48:00|1654008480|105.92|105.81|106.03|105.81|106.03|200|105.92
2022-05-31T10:50:00|1654008600|105.99|105.99|105.99|105.99|105.99|100|105.99
2022-05-31T11:00:00|1654009200|106.19|106.19|106.19|106.19|106.19|400|106.19
2022-05-31T11:01:00|1654009260|106.06|106.06|106.06|106.06|106.06|100|106.06
2022-05-31T11:02:00|1654009320|106.0|106.0|106.0|106.0|106.0|100|106.0
2022-05-31T11:06:00|1654009560|105.71|105.71|105.71|105.71|105.71|100|105.71
2022-05-31T11:08:00|1654009680|105.22|105.22|105.22|105.22|105.22|103|105.22
2022-05-31T11:10:00|1654009800|105.32|105.32|105.32|105.32|105.32|100|105.32
2022-05-31T11:11:00|1654009860|104.78|105.1|105.22|104.34|104.8|9200|104.824674
2022-05-31T11:12:00|1654009920|104.765|104.73|104.8|104.73|104.8|1900|104.793684
2022-05-31T11:13:00|1654009980|104.77|104.77|104.77|104.77|104.77|100|104.77
2022-05-31T11:15:00|1654010100|104.2101|104.2101|104.2101|104.2101|104.2101|110|104.2101
2022-05-31T11:16:00|1654010160|104.73|104.73|104.73|104.73|104.73|100|104.73
2022-05-31T11:19:00|1654010340|104.8|104.8|104.8|104.8|104.8|1783|104.8
2022-05-31T11:20:00|1654010400|104.7175|104.645|104.79|104.645|104.79|200|104.7175
2022-05-31T11:21:00|1654010460|104.645|104.645|104.645|104.645|104.645|250|104.645
2022-05-31T11:23:00|1654010580|104.795|104.79|104.8|104.79|104.8|1100|104.799091
2022-05-31T11:24:00|1654010640|104.65|104.65|104.65|104.65|104.65|100|104.65
2022-05-31T11:26:00|1654010760|104.5908|104.5908|104.5908|104.5908|104.5908|200|104.5908
2022-05-31T11:30:00|1654011000|104.55|104.55|104.55|104.55|104.55|100|104.55
2022-05-31T11:33:00|1654011180|104.245|104.25|104.25|104.24|104.24|300|104.243333
2022-05-31T11:38:00|1654011480|104.7|104.7|104.7|104.7|104.7|100|104.7
2022-05-31T11:42:00|1654011720|104.6125|104.445|104.78|104.445|104.78|500|104.685
2022-05-31T11:43:00|1654011780|104.8|104.8|104.8|104.8|104.8|100|104.8
2022-05-31T11:51:00|1654012260|104.95500000000001|105.15|105.15|104.76|104.76|200|104.955
2022-05-31T11:52:00|1654012320|105.1849|105.1849|105.1849|105.1849|105.1849|203|105.1849
2022-05-31T11:55:00|1654012500|105.50999999999999|105.3|105.72|105.3|105.72|500|105.532
2022-05-31T11:57:00|1654012620|105.645|105.645|105.645|105.645|105.645|100|105.645
2022-05-31T12:00:00|1654012800|105.99|106.02|106.07|105.91|105.91|840|106.029524
2022-05-31T12:01:00|1654012860|106.15|106.15|106.15|106.15|106.15|200|106.15
2022-05-31T12:04:00|1654013040|106.175|106.175|106.175|106.175|106.175|200|106.175
2022-05-31T12:09:00|1654013340|106.18|106.18|106.18|106.18|106.18|100|106.18
2022-05-31T12:14:00|1654013640|106.1175|106.255|106.255|105.98|105.98|300|106.163333
2022-05-31T12:21:00|1654014060|105.715|105.715|105.715|105.715|105.715|100|105.715
2022-05-31T12:23:00|1654014180|105.6175|105.715|105.715|105.52|105.52|400|105.59125
2022-05-31T12:25:00|1654014300|105.16499999999999|105.17|105.17|105.16|105.17|400|105.16625
2022-05-31T12:35:00|1654014900|105.45|105.4|105.5|105.4|105.47|300|105.456667
2022-05-31T12:38:00|1654015080|105.63|105.65|105.65|105.61|105.61|200|105.63
2022-05-31T12:40:00|1654015200|105.48750000000001|105.43|105.665|105.31|105.31|2800|105.438214
2022-05-31T12:41:00|1654015260|105.20875|105.0975|105.32|105.0975|105.32|200|105.20875
2022-05-31T12:44:00|1654015440|105.3|105.3|105.35|105.25|105.35|13067|105.345179
2022-05-31T12:45:00|1654015500|105.56|105.56|105.56|105.56|105.56|100|105.56
2022-05-31T12:49:00|1654015740|105.555|105.555|105.555|105.555|105.555|100|105.555
2022-05-31T12:51:00|1654015860|105.55|105.55|105.55|105.55|105.55|100|105.55
2022-05-31T12:55:00|1654016100|105.545|105.545|105.545|105.545|105.545|100|105.545
2022-05-31T12:56:00|1654016160|105.54|105.54|105.54|105.54|105.54|100|105.54
2022-05-31T12:58:00|1654016280|105.4375|105.43|105.445|105.43|105.445|210|105.437143
2022-05-31T12:59:00|1654016340|105.445|105.45|105.45|105.44|105.45|352|105.447159
2022-05-31T13:00:00|1654016400|105.52|105.52|105.52|105.52|105.52|100|105.52
2022-05-31T13:01:00|1654016460|105.445|105.445|105.445|105.445|105.445|200|105.445
2022-05-31T13:03:00|1654016580|104.95500000000001|105.29|105.29|104.62|104.8|700|105.043571
2022-05-31T13:07:00|1654016820|105.19999999999999|105.07|105.33|105.07|105.08|300|105.16
2022-05-31T13:08:00|1654016880|105.22999999999999|105.08|105.38|105.08|105.325|800|105.288125
2022-05-31T13:09:00|1654016940|105.55|105.55|105.55|105.55|105.55|100|105.55
2022-05-31T13:13:00|1654017180|105.28|105.28|105.29|105.27|105.27|300|105.28
2022-05-31T13:15:00|1654017300|105.2|105.23|105.23|105.17|105.17|200|105.2
2022-05-31T13:17:00|1654017420|105.05|105.07|105.07|105.03|105.03|200|105.05
2022-05-31T13:22:00|1654017720|104.9925|104.975|105.01|104.975|105.01|200|104.9925
2022-05-31T13:23:00|1654017780|105.11|105.11|105.11|105.11|105.11|100|105.11
2022-05-31T13:25:00|1654017900|105.07|105.07|105.07|105.07|105.07|100|105.07
2022-05-31T13:27:00|1654018020|105.2|105.2|105.2|105.2|105.2|100|105.2
2022-05-31T13:28:00|1654018080|105.08250000000001|105.12|105.12|105.045|105.045|200|105.0825
2022-05-31T13:29:00|1654018140|104.8475|104.92|104.95|104.745|104.745|500|104.859
2022-05-31T13:33:00|1654018380|104.705|104.705|104.705|104.705|104.705|100|104.705
2022-05-31T13:34:00|1654018440|104.705|104.705|104.705|104.705|104.705|200|104.705
2022-05-31T13:35:00|1654018500|105.2|105.2|105.2|105.2|105.2|100|105.2
2022-05-31T13:38:00|1654018680|105.11|105.11|105.11|105.11|105.11|200|105.11
2022-05-31T13:40:00|1654018800|105.38|105.38|105.38|105.38|105.38|100|105.38
2022-05-31T13:42:00|1654018920|105.405|105.31|105.5|105.31|105.5|200|105.405
2022-05-31T13:43:00|1654018980|105.4779|105.4779|105.4779|105.4779|105.4779|142|105.4779
2022-05-31T13:47:00|1654019220|105.59|105.59|105.59|105.59|105.59|100|105.59
2022-05-31T13:49:00|1654019340|105.55|105.55|105.55|105.55|105.55|100|105.55
2022-05-31T13:51:00|1654019460|105.8|105.8|105.8|105.8|105.8|100|105.8
2022-05-31T13:52:00|1654019520|105.69|105.69|105.69|105.69|105.69|100|105.69
2022-05-31T13:56:00|1654019760|105.685|105.685|105.685|105.685|105.685|100|105.685
2022-05-31T13:57:00|1654019820|105.62|105.69|105.69|105.55|105.55|200|105.62
2022-05-31T13:58:00|1654019880|105.55|105.55|105.55|105.55|105.55|100|105.55
2022-05-31T13:59:00|1654019940|105.85|105.85|105.85|105.85|105.85|100|105.85
2022-05-31T14:00:00|1654020000|105.59|105.59|105.59|105.59|105.59|100|105.59
2022-05-31T14:01:00|1654020060|105.74|105.74|105.74|105.74|105.74|100|105.74
2022-05-31T14:02:00|1654020120|105.69|105.69|105.69|105.69|105.69|100|105.69
2022-05-31T14:05:00|1654020300|105.48134999999999|105.55|105.5977|105.365|105.4|1100|105.481609
2022-05-31T14:09:00|1654020540|105.525|105.41|105.64|105.41|105.64|400|105.51
2022-05-31T14:10:00|1654020600|105.43|105.43|105.43|105.43|105.43|100|105.43
2022-05-31T14:13:00|1654020780|105.63|105.63|105.63|105.63|105.63|200|105.63
2022-05-31T14:17:00|1654021020|105.63|105.63|105.63|105.63|105.63|200|105.63
2022-05-31T14:18:00|1654021080|105.63|105.63|105.63|105.63|105.63|236|105.63
2022-05-31T14:19:00|1654021140|105.563|105.563|105.563|105.563|105.563|100|105.563
2022-05-31T14:20:00|1654021200|105.825|105.84|105.84|105.81|105.81|300|105.83
2022-05-31T14:21:00|1654021260|105.72749999999999|105.88|105.88|105.575|105.67|400|105.71125
2022-05-31T14:22:00|1654021320|105.505|105.6|105.6|105.41|105.48|400|105.4925
2022-05-31T14:23:00|1654021380|105.2425|105.365|105.48|105.005|105.15|13313|105.261973
2022-05-31T14:24:00|1654021440|105.0925|105.15|105.15|105.035|105.035|1000|105.127
2022-05-31T14:27:00|1654021620|105.13|105.13|105.13|105.13|105.13|100|105.13
2022-05-31T14:29:00|1654021740|105.025|105.03|105.03|105.02|105.02|200|105.025
2022-05-31T14:31:00|1654021860|105.0|105.0|105.0|105.0|105.0|100|105.0
2022-05-31T14:33:00|1654021980|105.0|105.0|105.0|105.0|105.0|200|105.0
2022-05-31T14:40:00|1654022400|105.0|105.0|105.0|105.0|105.0|400|105.0
2022-05-31T14:41:00|1654022460|104.9|105.0|105.0|104.8|104.925|2771|104.925785
2022-05-31T14:45:00|1654022700|104.915|104.915|104.915|104.915|104.915|100|104.915
2022-05-31T14:46:00|1654022760|104.905|104.905|104.905|104.905|104.905|100|104.905
2022-05-31T14:47:00|1654022820|104.905|104.905|104.905|104.905|104.905|100|104.905
2022-05-31T14:48:00|1654022880|104.7975|104.905|104.905|104.69|104.845|2000|104.80025
2022-05-31T14:49:00|1654022940|104.845|104.845|104.845|104.845|104.845|200|104.845
2022-05-31T14:51:00|1654023060|105.01750000000001|104.98|105.055|104.98|104.99|700|104.993571
2022-05-31T14:52:00|1654023120|104.94999999999999|104.98|105.05|104.85|104.915|1300|104.965
2022-05-31T14:53:00|1654023180|104.72|104.7|104.74|104.7|104.74|300|104.713333
2022-05-31T14:58:00|1654023480|104.875|104.87|104.88|104.87|104.88|200|104.875
2022-05-31T14:59:00|1654023540|104.825|104.825|104.825|104.825|104.825|100|104.825
2022-05-31T15:00:00|1654023600|104.855|104.855|104.855|104.855|104.855|100|104.855
2022-05-31T15:01:00|1654023660|104.9525|105.0|105.0|104.905|104.905|1000|104.973
2022-05-31T15:02:00|1654023720|104.85499999999999|104.89|104.89|104.82|104.82|600|104.855
2022-05-31T15:03:00|1654023780|104.87|104.85|104.89|104.85|104.875|700|104.875
2022-05-31T15:04:00|1654023840|104.9325|104.865|105.0|104.865|105.0|300|104.955
2022-05-31T15:05:00|1654023900|105.11500000000001|105.14|105.15|105.08|105.15|600|105.126667
2022-05-31T15:06:00|1654023960|105.11500000000001|105.08|105.15|105.08|105.15|200|105.115
2022-05-31T15:07:00|1654024020|105.245|105.15|105.34|105.15|105.315|1044|105.218008
2022-05-31T15:08:00|1654024080|105.33|105.33|105.33|105.33|105.33|100|105.33
2022-05-31T15:10:00|1654024200|105.3625|105.3625|105.3625|105.3625|105.3625|100|105.3625
2022-05-31T15:11:00|1654024260|105.25999999999999|105.3|105.3|105.22|105.29|500|105.275
2022-05-31T15:12:00|1654024320|105.38|105.38|105.38|105.38|105.38|100|105.38
2022-05-31T15:13:00|1654024380|105.39|105.39|105.39|105.39|105.39|100|105.39
2022-05-31T15:15:00|1654024500|105.5725|105.55|105.65|105.495|105.6|500|105.579
2022-05-31T15:20:00|1654024800|105.8325|105.8325|105.8325|105.8325|105.8325|100|105.8325
2022-05-31T15:22:00|1654024920|106.05|106.05|106.05|106.05|106.05|100|106.05
2022-05-31T15:23:00|1654024980|106.145|106.02|106.27|106.02|106.27|200|106.145
2022-05-31T15:26:00|1654025160|106.14500000000001|106.0|106.29|106.0|106.29|265|106.109434
2022-05-31T15:27:00|1654025220|106.135|106.135|106.135|106.135|106.135|100|106.135
2022-05-31T15:29:00|1654025340|106.135|106.135|106.135|106.135|106.135|100|106.135
2022-05-31T15:30:00|1654025400|106.135|106.135|106.135|106.135|106.135|100|106.135
2022-05-31T15:31:00|1654025460|106.35|106.24|106.46|106.24|106.46|800|106.281875
2022-05-31T15:34:00|1654025640|106.225|106.225|106.225|106.225|106.225|100|106.225
2022-05-31T15:35:00|1654025700|106.22|106.22|106.22|106.22|106.22|100|106.22
2022-05-31T15:36:00|1654025760|106.265|106.265|106.265|106.265|106.265|100|106.265
2022-05-31T15:38:00|1654025880|106.22749999999999|106.285|106.285|106.17|106.285|300|106.246667
2022-05-31T15:39:00|1654025940|106.14500000000001|106.15|106.15|106.14|106.14|600|106.148333
2022-05-31T15:40:00|1654026000|106.115|106.03|106.21|106.02|106.21|300|106.086667
2022-05-31T15:41:00|1654026060|106.08|106.02|106.14|106.02|106.14|200|106.08
2022-05-31T15:42:00|1654026120|106.01|106.01|106.01|106.01|106.01|500|106.01
2022-05-31T15:43:00|1654026180|105.87|105.87|105.87|105.87|105.87|100|105.87
2022-05-31T15:44:00|1654026240|105.89|105.9|105.9|105.88|105.88|200|105.89
2022-05-31T15:45:00|1654026300|105.79249999999999|105.77|105.815|105.77|105.815|200|105.7925
2022-05-31T15:46:00|1654026360|105.8175|105.83|105.865|105.77|105.85|600|105.820833
2022-05-31T15:47:00|1654026420|105.91|105.92|105.95|105.87|105.87|850|105.921765
2022-05-31T15:49:00|1654026540|105.7975|105.87|105.87|105.725|105.725|800|105.828125
2022-05-31T15:50:00|1654026600|106.1|106.1|106.1|106.1|106.1|100|106.1
2022-05-31T15:51:00|1654026660|106.43|106.43|106.43|106.43|106.43|290|106.43
2022-05-31T15:52:00|1654026720|106.16499999999999|106.21|106.27|106.06|106.245|1500|106.121
2022-05-31T15:54:00|1654026840|105.9925|106.15|106.24|105.745|106.04|1500|106.016333
2022-05-31T15:55:00|1654026900|106.035|106.04|106.07|106.0|106.0|1242|106.041916
2022-05-31T15:56:00|1654026960|106.18|106.09|106.27|106.09|106.23|1400|106.225
2022-05-31T15:57:00|1654027020|106.205|106.23|106.3|106.11|106.24|3607|106.236679
2022-05-31T15:58:00|1654027080|106.235|106.27|106.42|106.05|106.33|3000|106.311333
2022-05-31T15:59:00|1654027140|106.045|106.3|106.33|105.76|106.1|6893|106.005034
2022-05-31T16:00:00|1654027200|106.22|106.22|106.22|106.22|106.22|6607|106.22
2022-06-01T08:12:00|1654085520|106.7002|106.7002|106.7002|106.7002|106.7002|100|106.7002
2022-06-01T08:49:00|1654087740|106.93|106.93|106.93|106.93|106.93|100|106.93
2022-06-01T09:26:00|1654089960|108.10499999999999|108.1|108.11|108.1|108.11|204|108.105098
2022-06-01T09:30:00|1654090200|107.73|107.73|107.73|107.73|107.73|1336|107.73
2022-06-01T09:35:00|1654090500|108.235|108.4|108.4|108.07|108.07|670|108.159552
2022-06-01T09:41:00|1654090860|107.91|107.91|107.91|107.91|107.91|100|107.91
2022-06-01T09:43:00|1654090980|108.005|108.0|108.01|108.0|108.01|200|108.005
2022-06-01T09:47:00|1654091220|107.98750000000001|108.15|108.15|107.825|107.825|300|108.041667
2022-06-01T09:50:00|1654091400|107.84|107.84|107.84|107.84|107.84|100|107.84
2022-06-01T09:57:00|1654091820|107.61|107.61|107.61|107.61|107.61|100|107.61
2022-06-01T10:01:00|1654092060|106.97999999999999|106.98|106.99|106.97|106.97|400|106.98
2022-06-01T10:04:00|1654092240|107.18|107.23|107.23|107.13|107.1697|506|107.185688
2022-06-01T10:08:00|1654092480|107.16|107.16|107.16|107.16|107.16|104|107.16
2022-06-01T10:09:00|1654092540|106.75|106.75|106.75|106.75|106.75|100|106.75
2022-06-01T10:15:00|1654092900|106.92|106.92|106.92|106.92|106.92|100|106.92
2022-06-01T10:26:00|1654093560|106.26|106.26|106.26|106.26|106.26|100|106.26
2022-06-01T10:27:00|1654093620|106.285|106.26|106.31|106.26|106.31|212|106.283585
2022-06-01T10:28:00|1654093680|106.16499999999999|106.07|106.26|106.07|106.26|200|106.165
2022-06-01T10:29:00|1654093740|106.1394|106.1394|106.1394|106.1394|106.1394|140|106.1394
2022-06-01T10:53:00|1654095180|106.71|106.71|106.71|106.71|106.71|100|106.71
2022-06-01T10:57:00|1654095420|106.51|106.51|106.51|106.51|106.51|100|106.51
2022-06-01T11:02:00|1654095720|106.3925|106.285|106.5|106.285|106.5|300|106.418333
2022-06-01T11:03:00|1654095780|106.64500000000001|106.5|106.79|106.5|106.79|200|106.645
2022-06-01T11:08:00|1654096080|106.625|106.625|106.625|106.625|106.625|110|106.625
2022-06-01T11:12:00|1654096320|106.9425|106.85|107.035|106.85|107.035|500|106.903
2022-06-01T11:15:00|1654096500|106.93|106.93|106.93|106.93|106.93|733|106.93
2022-06-01T11:19:00|1654096740|106.7225|106.59|106.855|106.59|106.6|704|106.641193
2022-06-01T11:21:00|1654096860|106.045|106.12|106.12|105.97|105.97|300|106.023333
2022-06-01T11:24:00|1654097040|105.94|105.94|105.94|105.94|105.94|100|105.94
2022-06-01T11:25:00|1654097100|105.97|105.94|106.0|105.94|106.0|200|105.97
2022-06-01T11:27:00|1654097220|106.0025|105.895|106.355|105.65|106.355|2062|106.072588
2022-06-01T11:30:00|1654097400|106.0592|106.0592|106.0592|106.0592|106.0592|200|106.0592
2022-06-01T11:35:00|1654097700|105.98|105.98|105.98|105.98|105.98|100|105.98
2022-06-01T11:39:00|1654097940|105.84|105.84|105.84|105.84|105.84|100|105.84
2022-06-01T11:41:00|1654098060|105.725|105.77|105.77|105.68|105.77|300|105.74
2022-06-01T11:44:00|1654098240|105.65|105.65|105.65|105.65|105.65|100|105.65
2022-06-01T11:50:00|1654098600|105.39500000000001|105.51|105.54|105.25|105.54|2784|105.309877
2022-06-01T11:59:00|1654099140|105.19|105.19|105.19|105.19|105.19|100|105.19
2022-06-01T12:00:00|1654099200|105.14|105.04|105.24|105.04|105.24|200|105.14
2022-06-01T12:07:00|1654099620|105.02|105.02|105.02|105.02|105.02|100|105.02
2022-06-01T12:09:00|1654099740|105.13999999999999|105.09|105.32|104.96|105.32|2300|105.109565
2022-06-01T12:10:00|1654099800|105.245|105.2|105.34|105.15|105.15|500|105.218
2022-06-01T12:11:00|1654099860|105.33000000000001|105.2|105.51|105.15|105.51|1100|105.239091
2022-06-01T12:12:00|1654099920|105.39500000000001|105.51|105.51|105.28|105.43|300|105.406667
2022-06-01T12:13:00|1654099980|105.39750000000001|105.295|105.5|105.295|105.5|240|105.414583
2022-06-01T12:15:00|1654100100|105.55|105.55|105.55|105.55|105.55|200|105.55
2022-06-01T12:20:00|1654100400|105.91|105.9|105.96|105.86|105.96|798|105.9201
2022-06-01T12:23:00|1654100580|106.34|106.33|106.6|106.08|106.6|623|106.315955
2022-06-01T12:24:00|1654100640|106.61500000000001|106.64|106.64|106.59|106.59|200|106.615
2022-06-01T12:25:00|1654100700|106.42750000000001|106.275|106.58|106.275|106.58|627|106.458413
2022-06-01T12:26:00|1654100760|106.60499999999999|106.63|106.63|106.58|106.58|200|106.605
2022-06-01T12:27:00|1654100820|106.34|106.295|106.58|106.1|106.1|300|106.325
2022-06-01T12:28:00|1654100880|106.44|106.44|106.44|106.44|106.44|100|106.44
2022-06-01T12:30:00|1654101000|105.82|105.72|105.92|105.72|105.92|200|105.82
2022-06-01T12:31:00|1654101060|105.88|105.88|105.88|105.88|105.88|100|105.88
2022-06-01T12:32:00|1654101120|105.73|105.73|105.73|105.73|105.73|100|105.73
2022-06-01T12:34:00|1654101240|106.08500000000001|106.04|106.13|106.04|106.13|300|106.076667
2022-06-01T12:41:00|1654101660|105.99000000000001|105.97|106.01|105.97|106.01|300|105.983333
2022-06-01T12:44:00|1654101840|105.67|105.66|105.68|105.66|105.68|200|105.67
2022-06-01T12:50:00|1654102200|105.445|105.445|105.445|105.445|105.445|100|105.445
2022-06-01T12:53:00|1654102380|105.73|105.73|105.73|105.73|105.73|100|105.73
2022-06-01T12:56:00|1654102560|106.18|106.18|106.18|106.18|106.18|200|106.18
2022-06-01T12:57:00|1654102620|105.795|105.795|105.795|105.795|105.795|100|105.795
2022-06-01T13:05:00|1654103100|105.925|105.86|105.99|105.86|105.99|400|105.9275
2022-06-01T13:13:00|1654103580|106.37|106.42|106.68|106.06|106.46|400|106.405
2022-06-01T13:14:00|1654103640|106.238|106.238|106.238|106.238|106.238|284|106.238
2022-06-01T13:24:00|1654104240|106.32|106.32|106.32|106.32|106.32|100|106.32
2022-06-01T13:28:00|1654104480|106.38499999999999|106.46|106.46|106.31|106.31|400|106.3725
2022-06-01T13:32:00|1654104720|106.315|106.18|106.45|106.18|106.45|200|106.315
2022-06-01T13:35:00|1654104900|106.25|106.03|106.47|106.03|106.47|249|106.206707
2022-06-01T13:38:00|1654105080|106.54|106.54|106.54|106.54|106.54|200|106.54
2022-06-01T13:41:00|1654105260|106.51|106.51|106.51|106.51|106.51|200|106.51
2022-06-01T13:42:00|1654105320|106.63|106.63|106.63|106.63|106.63|100|106.63
2022-06-01T13:43:00|1654105380|106.55|106.55|106.55|106.55|106.55|100|106.55
2022-06-01T13:47:00|1654105620|106.87|106.87|106.87|106.87|106.87|100|106.87
2022-06-01T13:53:00|1654105980|107.0|107.0|107.0|107.0|107.0|100|107.0
2022-06-01T13:56:00|1654106160|107.0|107.0|107.0|107.0|107.0|100|107.0
2022-06-01T13:57:00|1654106220|106.82|106.82|106.82|106.82|106.82|100|106.82
2022-06-01T13:59:00|1654106340|107.14|107.09|107.19|107.09|107.19|200|107.14
2022-06-01T14:00:00|1654106400|107.3025|107.46|107.46|107.145|107.145|200|107.3025
2022-06-01T14:05:00|1654106700|107.12|107.12|107.12|107.12|107.12|100|107.12
2022-06-01T14:06:00|1654106760|107.24|107.24|107.24|107.24|107.24|100|107.24
2022-06-01T14:14:00|1654107240|106.995|106.995|106.995|106.995|106.995|100|106.995
2022-06-01T14:18:00|1654107480|107.095|107.22|107.23|106.96|107.23|300|107.136667
2022-06-01T14:20:00|1654107600|107.2|107.2|107.2|107.2|107.2|100|107.2
2022-06-01T14:22:00|1654107720|107.19|107.23|107.24|107.14|107.24|600|107.216667
2022-06-01T14:28:00|1654108080|108.07|108.07|108.07|108.07|108.07|100|108.07
2022-06-01T14:33:00|1654108380|107.885|107.97|107.98|107.79|107.79|500|107.934
2022-06-01T14:34:00|1654108440|107.96|107.96|107.96|107.96|107.96|100|107.96
2022-06-01T14:36:00|1654108560|107.7|107.7|107.7|107.7|107.7|140|107.7
2022-06-01T14:38:00|1654108680|108.055|108.06|108.07|108.04|108.07|300|108.056667
2022-06-01T14:41:00|1654108860|108.065|108.05|108.14|107.99|108.14|500|108.058
2022-06-01T14:43:00|1654108980|108.23|108.23|108.23|108.23|108.23|200|108.23
2022-06-01T14:44:00|1654109040|108.16499999999999|108.23|108.23|108.1|108.1|300|108.178333
2022-06-01T14:45:00|1654109100|108.37|108.37|108.37|108.37|108.37|100|108.37
2022-06-01T14:47:00|1654109220|107.99|107.99|107.99|107.99|107.99|100|107.99
2022-06-01T14:48:00|1654109280|107.93|107.93|107.93|107.93|107.93|100|107.93
2022-06-01T14:49:00|1654109340|107.9|107.9|107.9|107.9|107.9|100|107.9
2022-06-01T14:51:00|1654109460|107.6875|107.685|107.69|107.685|107.69|200|107.6875
2022-06-01T14:53:00|1654109580|107.77|107.77|107.77|107.77|107.77|200|107.77
2022-06-01T14:54:00|1654109640|107.77|107.77|107.77|107.77|107.77|100|107.77
2022-06-01T14:56:00|1654109760|107.67765|107.94|107.94|107.4153|107.4153|315|107.691809
2022-06-01T15:00:00|1654110000|107.4875|107.405|107.57|107.405|107.44|300|107.471667
2022-06-01T15:01:00|1654110060|107.52|107.49|107.55|107.49|107.51|300|107.516667
2022-06-01T15:02:00|1654110120|107.54|107.54|107.54|107.54|107.54|100|107.54
2022-06-01T15:04:00|1654110240|107.2|107.28|107.28|107.12|107.18|400|107.20625
2022-06-01T15:05:00|1654110300|107.26|107.26|107.26|107.26|107.26|200|107.26
2022-06-01T15:09:00|1654110540|107.7675|107.91|107.91|107.625|107.625|200|107.7675
2022-06-01T15:11:00|1654110660|107.395|107.395|107.395|107.395|107.395|100|107.395
2022-06-01T15:13:00|1654110780|107.76|107.76|107.76|107.76|107.76|100|107.76
2022-06-01T15:14:00|1654110840|107.99|107.99|107.99|107.99|107.99|300|107.99
2022-06-01T15:15:00|1654110900|107.77|107.77|107.77|107.77|107.77|200|107.77
2022-06-01T15:17:00|1654111020|108.115|108.115|108.115|108.115|108.115|191|108.115
2022-06-01T15:19:00|1654111140|107.89|107.89|107.89|107.89|107.89|100|107.89
2022-06-01T15:22:00|1654111320|107.99|107.99|107.99|107.99|107.99|153|107.99
2022-06-01T15:23:00|1654111380|107.825|107.65|108.0|107.65|108.0|300|107.88
2022-06-01T15:24:00|1654111440|107.99|107.99|107.99|107.99|107.99|191|107.99
2022-06-01T15:29:00|1654111740|107.71000000000001|107.72|107.72|107.7|107.7|200|107.71
2022-06-01T15:30:00|1654111800|107.625|107.57|107.68|107.57|107.675|300|107.641667
2022-06-01T15:31:00|1654111860|107.795|107.68|107.91|107.68|107.91|200|107.795
2022-06-01T15:32:00|1654111920|108.095|107.91|108.28|107.91|108.17|1965|108.07855
2022-06-01T15:33:00|1654111980|108.07|107.99|108.15|107.99|108.15|1500|108.088667
2022-06-01T15:34:00|1654112040|108.05|108.05|108.05|108.05|108.05|100|108.05
2022-06-01T15:36:00|1654112160|107.66499999999999|107.74|107.8|107.53|107.8|517|107.709052
2022-06-01T15:39:00|1654112340|108.1|108.1|108.1|108.1|108.1|300|108.1
2022-06-01T15:40:00|1654112400|107.89|107.89|107.89|107.89|107.89|200|107.89
2022-06-01T15:43:00|1654112580|108.17|108.1|108.36|107.98|108.3|868|108.173157
2022-06-01T15:44:00|1654112640|108.17750000000001|108.075|108.28|108.075|108.28|200|108.1775
2022-06-01T15:47:00|1654112820|108.1175|108.13|108.205|108.03|108.205|700|108.074286
2022-06-01T15:48:00|1654112880|107.9825|108.04|108.12|107.845|107.96|1300|108.038077
2022-06-01T15:49:00|1654112940|107.7875|107.835|107.835|107.74|107.74|200|107.7875
2022-06-01T15:50:00|1654113000|107.815|107.77|107.86|107.77|107.86|400|107.8275
2022-06-01T15:51:00|1654113060|107.725|107.68|107.8|107.65|107.8|716|107.696536
2022-06-01T15:52:00|1654113120|107.89|107.79|107.99|107.79|107.96|726|107.865565
2022-06-01T15:53:00|1654113180|107.7525|107.63|107.9|107.605|107.9|554|107.795235
2022-06-01T15:54:00|1654113240|107.72|107.59|107.85|107.59|107.85|500|107.79
2022-06-01T15:55:00|1654113300|107.78999999999999|107.89|107.89|107.69|107.69|900|107.781111
2022-06-01T15:56:00|1654113360|107.7425|107.6|107.935|107.55|107.92|3489|107.789329
2022-06-01T15:57:00|1654113420|107.735|107.71|107.82|107.65|107.79|1967|107.723147
2022-06-01T15:58:00|1654113480|107.32249999999999|107.57|107.57|107.075|107.075|2945|107.380448
2022-06-01T15:59:00|1654113540|107.08500000000001|107.22|107.24|106.93|106.93|2012|107.088805
2022-06-01T16:00:00|1654113600|106.86|106.86|106.86|106.86|106.86|10340|106.86
2022-06-02T06:55:00|1654167300|108.28|108.28|108.28|108.28|108.28|100|108.28
2022-06-02T09:03:00|1654174980|107.79499999999999|107.82|107.82|107.77|107.77|200|107.795
2022-06-02T09:07:00|1654175220|107.32|107.32|107.32|107.32|107.32|200|107.32
2022-06-02T09:31:00|1654176660|106.83|106.97|106.97|106.69|106.69|985|106.87339
2022-06-02T09:32:00|1654176720|107.19|107.19|107.19|107.19|107.19|100|107.19
2022-06-02T09:35:00|1654176900|107.47|107.38|107.8|107.14|107.67|1700|107.422059
2022-06-02T09:36:00|1654176960|107.62|107.62|107.62|107.62|107.62|100|107.62
2022-06-02T09:40:00|1654177200|107.81|107.81|107.81|107.81|107.81|100|107.81
2022-06-02T09:41:00|1654177260|108.13|108.13|108.13|108.13|108.13|100|108.13
2022-06-02T09:43:00|1654177380|108.1|108.1|108.1|108.1|108.1|100|108.1
2022-06-02T09:45:00|1654177500|108.39|108.39|108.39|108.39|108.39|100|108.39
2022-06-02T09:46:00|1654177560|108.385|108.39|108.4|108.37|108.37|400|108.3875
2022-06-02T09:47:00|1654177620|108.485|108.485|108.485|108.485|108.485|100|108.485
2022-06-02T09:49:00|1654177740|108.475|108.46|108.49|108.46|108.49|346|108.474306
2022-06-02T09:51:00|1654177860|108.2475|108.415|108.415|108.08|108.08|280|108.199643
2022-06-02T10:00:00|1654178400|107.985|107.97|108.0|107.97|108.0|400|107.9925
2022-06-02T10:01:00|1654178460|107.9875|107.975|108.0|107.975|107.996|315|107.990794
2022-06-02T10:02:00|1654178520|107.995|107.99|108.0|107.99|108.0|1846|107.999458
2022-06-02T10:03:00|1654178580|107.82499999999999|107.83|107.83|107.82|107.82|600|107.823333
2022-06-02T10:05:00|1654178700|107.86875|107.9|108.0|107.7375|107.8|600|107.863333
2022-06-02T10:06:00|1654178760|107.82|107.82|107.82|107.82|107.82|356|107.82
2022-06-02T10:07:00|1654178820|107.795|107.84|107.84|107.75|107.75|200|107.795
2022-06-02T10:09:00|1654178940|107.42|107.42|107.42|107.42|107.42|100|107.42
2022-06-02T10:12:00|1654179120|107.93|107.86|108.0|107.86|108.0|2509|107.982463
2022-06-02T10:13:00|1654179180|108.0|108.0|108.0|108.0|108.0|400|108.0
2022-06-02T10:21:00|1654179660|107.71000000000001|108.0|108.0|107.42|107.42|400|107.5975
2022-06-02T10:22:00|1654179720|107.66|107.63|107.69|107.63|107.69|200|107.66
2022-06-02T10:25:00|1654179900|107.025|106.96|107.09|106.96|107.09|300|107.02
2022-06-02T10:30:00|1654180200|106.935|106.935|106.935|106.935|106.935|100|106.935
2022-06-02T10:32:00|1654180320|106.96|107.07|107.07|106.85|106.89|1907|106.890902
2022-06-02T10:43:00|1654180980|107.08|107.1|107.11|107.05|107.05|400|107.08
2022-06-02T10:45:00|1654181100|107.08|107.15|107.2|106.96|106.96|1000|107.107
2022-06-02T10:51:00|1654181460|107.56|107.56|107.56|107.56|107.56|100|107.56
2022-06-02T10:52:00|1654181520|106.965|106.97|106.97|106.96|106.96|200|106.965
2022-06-02T10:56:00|1654181760|107.59|107.59|107.59|107.59|107.59|110|107.59
2022-06-02T11:03:00|1654182180|107.69999999999999|108.02|108.02|107.38|107.38|300|107.616667
2022-06-02T11:08:00|1654182480|107.35|107.39|107.39|107.31|107.31|200|107.35
2022-06-02T11:09:00|1654182540|107.64|107.64|107.64|107.64|107.64|100|107.64
2022-06-02T11:10:00|1654182600|107.445|107.445|107.445|107.445|107.445|200|107.445
2022-06-02T11:17:00|1654183020|108.08000000000001|108.05|108.12|108.04|108.12|900|108.063333
2022-06-02T11:20:00|1654183200|107.88|107.88|107.88|107.88|107.88|100|107.88
2022-06-02T11:22:00|1654183320|108.045|108.11|108.11|107.98|107.98|200|108.045
2022-06-02T11:24:00|1654183440|107.88|107.88|107.88|107.88|107.88|110|107.88
2022-06-02T11:27:00|1654183620|107.9|107.88|107.96|107.84|107.84|454|107.908238
2022-06-02T11:30:00|1654183800|107.97|107.97|107.97|107.97|107.97|100|107.97
2022-06-02T11:33:00|1654183980|107.94|107.94|107.94|107.94|107.94|100|107.94
2022-06-02T11:35:00|1654184100|108.0275|107.89|108.165|107.89|108.04|1300|108.024615
2022-06-02T11:36:00|1654184160|108.4|108.18|108.62|108.18|108.6075|4074|108.294215
2022-06-02T11:37:00|1654184220|108.38875|108.285|108.4925|108.285|108.4925|554|108.33204
2022-06-02T11:45:00|1654184700|108.46625|108.38|108.5525|108.38|108.5525|200|108.46625
2022-06-02T11:46:00|1654184760|108.415|108.415|108.415|108.415|108.415|100|108.415
2022-06-02T11:49:00|1654184940|109.015|108.685|109.345|108.685|109.12|520|108.979346
2022-06-02T11:55:00|1654185300|108.50999999999999|108.5|108.52|108.5|108.52|300|108.506667
2022-06-02T12:01:00|1654185660|108.23|108.23|108.23|108.23|108.23|480|108.23
2022-06-02T12:05:00|1654185900|108.0|108.0|108.0|108.0|108.0|100|108.0
2022-06-02T12:06:00|1654185960|108.07|108.07|108.07|108.07|108.07|100|108.07
2022-06-02T12:10:00|1654186200|108.25|108.25|108.25|108.25|108.25|109|108.25
2022-06-02T12:20:00|1654186800|108.485|108.485|108.485|108.485|108.485|100|108.485
2022-06-02T12:29:00|1654187340|108.56|108.56|108.56|108.56|108.56|100|108.56
2022-06-02T12:32:00|1654187520|108.57499999999999|108.58|108.58|108.57|108.57|200|108.575
2022-06-02T12:33:00|1654187580|108.7|108.7|108.7|108.7|108.7|100|108.7
2022-06-02T12:37:00|1654187820|108.845|108.84|108.85|108.84|108.85|200|108.845
2022-06-02T12:40:00|1654188000|108.85|108.85|108.85|108.85|108.85|100|108.85
2022-06-02T12:41:00|1654188060|108.9|108.9|108.9|108.9|108.9|100|108.9
2022-06-02T12:42:00|1654188120|109.14|109.02|109.26|109.02|109.26|380|109.149579
2022-06-02T12:44:00|1654188240|108.77|108.77|108.77|108.77|108.77|100|108.77
2022-06-02T12:45:00|1654188300|108.87|108.87|108.87|108.87|108.87|100|108.87
2022-06-02T12:50:00|1654188600|108.875|108.77|108.98|108.77|108.98|200|108.875
2022-06-02T12:52:00|1654188720|108.86|108.86|108.86|108.86|108.86|124|108.86
2022-06-02T12:55:00|1654188900|109.03999999999999|108.87|109.21|108.87|109.045|500|109.093
2022-06-02T12:56:00|1654188960|108.88|108.88|108.88|108.88|108.88|100|108.88
2022-06-02T12:58:00|1654189080|109.11|109.11|109.11|109.11|109.11|100|109.11
2022-06-02T13:01:00|1654189260|109.16|109.16|109.16|109.16|109.16|100|109.16
2022-06-02T13:02:00|1654189320|109.285|109.16|109.41|109.16|109.41|400|109.255
2022-06-02T13:06:00|1654189560|109.64750000000001|109.55|109.745|109.55|109.55|1414|109.57075
2022-06-02T13:09:00|1654189740|109.85499999999999|109.83|109.88|109.83|109.88|300|109.853333
2022-06-02T13:10:00|1654189800|109.46|109.46|109.46|109.46|109.46|129|109.46
2022-06-02T13:14:00|1654190040|109.80250000000001|109.86|109.86|109.745|109.745|252|109.814365
2022-06-02T13:16:00|1654190160|109.75874999999999|109.75|109.81|109.7075|109.7075|822|109.766627
2022-06-02T13:17:00|1654190220|109.9625|109.635|110.29|109.635|110.29|600|109.878333
2022-06-02T13:22:00|1654190520|110.255|110.39|110.39|110.12|110.12|426|110.32662
2022-06-02T13:24:00|1654190640|110.38|110.38|110.38|110.38|110.38|100|110.38
2022-06-02T13:25:00|1654190700|110.18|110.155|110.205|110.155|110.205|200|110.18
2022-06-02T13:27:00|1654190820|110.07|109.9674|110.19|109.95|110.19|434|110.033713
2022-06-02T13:28:00|1654190880|109.965|109.94|109.99|109.94|109.99|300|109.956667
2022-06-02T13:30:00|1654191000|110.15|110.15|110.27|110.03|110.27|567|110.152063
2022-06-02T13:31:00|1654191060|110.155|110.28|110.3|110.01|110.01|1000|110.212
2022-06-02T13:32:00|1654191120|110.245|110.21|110.455|110.035|110.45|1341|110.329075
2022-06-02T13:37:00|1654191420|110.5275|110.59|110.6|110.455|110.59|400|110.55875
2022-06-02T13:39:00|1654191540|110.43|110.43|110.43|110.43|110.43|100|110.43
2022-06-02T13:40:00|1654191600|110.38|110.43|110.43|110.33|110.43|600|110.371667
2022-06-02T13:42:00|1654191720|110.505|110.54|110.54|110.47|110.47|254|110.497559
2022-06-02T13:48:00|1654192080|110.4895|110.4895|110.4895|110.4895|110.4895|100|110.4895
2022-06-02T13:49:00|1654192140|110.59|110.59|110.59|110.59|110.59|100|110.59
2022-06-02T13:50:00|1654192200|110.62|110.6|110.64|110.6|110.64|300|110.613333
2022-06-02T13:51:00|1654192260|110.77|110.77|110.77|110.77|110.77|100|110.77
2022-06-02T13:52:00|1654192320|110.42|110.47|110.47|110.37|110.37|200|110.42
2022-06-02T13:53:00|1654192380|110.38499999999999|110.57|110.57|110.2|110.38|500|110.388
2022-06-02T13:55:00|1654192500|110.23|110.23|110.23|110.23|110.23|500|110.23
2022-06-02T13:58:00|1654192680|110.1925|110.095|110.29|110.095|110.29|300|110.225
2022-06-02T13:59:00|1654192740|110.41|110.41|110.41|110.41|110.41|100|110.41
2022-06-02T14:01:00|1654192860|110.525|110.38|110.67|110.38|110.67|200|110.525
2022-06-02T14:02:00|1654192920|110.535|110.65|110.65|110.42|110.42|300|110.563333
2022-06-02T14:07:00|1654193220|110.62|110.62|110.62|110.62|110.62|100|110.62
2022-06-02T14:11:00|1654193460|110.54249999999999|110.66|110.66|110.425|110.425|454|110.513524
2022-06-02T14:12:00|1654193520|110.445|110.44|110.45|110.44|110.45|200|110.445
2022-06-02T14:13:00|1654193580|110.5725|110.65|110.65|110.495|110.495|200|110.5725
2022-06-02T14:14:00|1654193640|110.5775|110.65|110.65|110.505|110.505|200|110.5775
2022-06-02T14:15:00|1654193700|110.56|110.5|110.62|110.5|110.62|400|110.535
2022-06-02T14:18:00|1654193880|110.62|110.62|110.62|110.62|110.62|100|110.62
2022-06-02T14:20:00|1654194000|110.52|110.52|110.52|110.52|110.52|100|110.52
2022-06-02T14:21:00|1654194060|110.5575|110.475|110.64|110.475|110.53|300|110.548333
2022-06-02T14:29:00|1654194540|110.035|110.4|110.44|109.63|109.69|15127|109.792419
2022-06-02T14:30:00|1654194600|109.63|109.63|109.63|109.63|109.63|100|109.63
2022-06-02T14:34:00|1654194840|109.55|109.55|109.55|109.55|109.55|100|109.55
2022-06-02T14:36:00|1654194960|109.68|109.68|109.71|109.65|109.69|600|109.685
2022-06-02T14:42:00|1654195320|109.915|109.915|109.915|109.915|109.915|100|109.915
2022-06-02T14:43:00|1654195380|109.86500000000001|109.95|109.95|109.78|109.78|300|109.836667
2022-06-02T14:57:00|1654196220|109.91|109.91|109.91|109.91|109.91|100|109.91
2022-06-02T15:02:00|1654196520|109.62|109.62|109.62|109.62|109.62|100|109.62
2022-06-02T15:04:00|1654196640|109.84|109.86|109.86|109.82|109.82|300|109.833333
2022-06-02T15:05:00|1654196700|109.76|109.76|109.76|109.76|109.76|100|109.76
2022-06-02T15:07:00|1654196820|109.785|109.76|109.81|109.76|109.81|380|109.783684
2022-06-02T15:10:00|1654197000|110.0|110.0|110.0|110.0|110.0|100|110.0
2022-06-02T15:13:00|1654197180|109.885|109.885|109.885|109.885|109.885|100|109.885
2022-06-02T15:15:00|1654197300|109.775|109.81|109.81|109.74|109.74|600|109.781667
2022-06-02T15:17:00|1654197420|110.0|110.0|110.0|110.0|110.0|300|110.0
2022-06-02T15:26:00|1654197960|109.88|109.95|109.99|109.77|109.77|423|109.928534
2022-06-02T15:27:00|1654198020|109.61|109.61|109.61|109.61|109.61|208|109.61
2022-06-02T15:29:00|1654198140|109.59|109.55|109.63|109.55|109.63|200|109.59
2022-06-02T15:30:00|1654198200|109.45|109.45|109.45|109.45|109.45|100|109.45
2022-06-02T15:31:00|1654198260|109.595|109.6|109.6|109.59|109.6|500|109.596
2022-06-02T15:33:00|1654198380|109.76|109.76|109.76|109.76|109.76|190|109.76
2022-06-02T15:36:00|1654198560|109.745|109.72|109.77|109.72|109.725|300|109.738333
2022-06-02T15:37:00|1654198620|109.745|109.77|109.77|109.72|109.72|200|109.745
2022-06-02T15:40:00|1654198800|109.685|109.7|109.7|109.67|109.67|480|109.69375
2022-06-02T15:41:00|1654198860|109.69|109.69|109.69|109.69|109.69|100|109.69
2022-06-02T15:44:00|1654199040|109.805|109.69|109.92|109.69|109.91|1205|109.880863
2022-06-02T15:46:00|1654199160|109.95|110.0|110.0|109.9|109.97|700|109.963571
2022-06-02T15:47:00|1654199220|109.845|109.89|109.89|109.8|109.8|200|109.845
2022-06-02T15:48:00|1654199280|109.75|109.75|109.75|109.75|109.75|100|109.75
2022-06-02T15:49:00|1654199340|109.97|109.96|109.98|109.96|109.98|300|109.97
2022-06-02T15:50:00|1654199400|110.0|110.0|110.0|110.0|110.0|400|110.0
2022-06-02T15:51:00|1654199460|109.975|109.9|110.05|109.9|109.92|1126|110.025133
2022-06-02T15:52:00|1654199520|109.775|109.78|109.78|109.77|109.77|400|109.775
2022-06-02T15:54:00|1654199640|109.96|109.96|109.96|109.96|109.96|100|109.96
2022-06-02T15:56:00|1654199760|109.95|109.93|109.97|109.93|109.97|200|109.95
2022-06-02T15:57:00|1654199820|110.00999999999999|109.97|110.05|109.97|110.05|382|110.008115
2022-06-02T15:58:00|1654199880|110.0|109.96|110.04|109.96|110.04|200|110.0
2022-06-02T15:59:00|1654199940|109.9375|109.89|109.99|109.885|109.99|400|109.91875
2022-06-02T16:00:00|1654200000|109.89|109.89|109.89|109.89|109.89|2369|109.89
2022-06-03T09:30:00|1654263000|108.0|108.0|108.0|108.0|108.0|329|108.0
2022-06-03T09:32:00|1654263120|108.0|108.0|108.0|108.0|108.0|112|108.0
2022-06-03T09:35:00|1654263300|107.59|107.59|107.59|107.59|107.59|100|107.59
2022-06-03T09:36:00|1654263360|107.87|107.87|107.87|107.87|107.87|100|107.87
2022-06-03T09:38:00|1654263480|107.97|107.97|107.97|107.97|107.97|100|107.97
2022-06-03T09:39:00|1654263540|107.94630000000001|107.955|108.0|107.8926|108.0|1068|107.970566
2022-06-03T09:50:00|1654264200|109.13|109.13|109.13|109.13|109.13|200|109.13
2022-06-03T10:01:00|1654264860|110.17|110.17|110.17|110.17|110.17|100|110.17
2022-06-03T10:07:00|1654265220|109.1625|109.095|109.23|109.095|109.23|752|109.112952
2022-06-03T10:08:00|1654265280|110.0|110.0|110.0|110.0|110.0|100|110.0
2022-06-03T10:09:00|1654265340|109.04|109.04|109.04|109.04|109.04|218|109.04
2022-06-03T10:16:00|1654265760|109.3325|109.3325|109.3325|109.3325|109.3325|100|109.3325
2022-06-03T10:21:00|1654266060|109.34|109.34|109.34|109.34|109.34|100|109.34
2022-06-03T10:30:00|1654266600|108.92750000000001|108.97|108.97|108.885|108.885|900|108.913889
2022-06-03T10:31:00|1654266660|108.88|108.88|108.88|108.88|108.88|100|108.88
2022-06-03T10:37:00|1654267020|108.555|108.555|108.555|108.555|108.555|200|108.555
2022-06-03T10:38:00|1654267080|108.86|108.86|108.86|108.86|108.86|100|108.86
2022-06-03T10:39:00|1654267140|108.5925|108.405|108.78|108.405|108.78|348|108.574425
2022-06-03T10:40:00|1654267200|108.91|108.83|108.99|108.83|108.96|600|108.909167
2022-06-03T10:41:00|1654267260|108.98|108.98|108.98|108.98|108.98|200|108.98
2022-06-03T10:43:00|1654267380|108.955|108.955|108.955|108.955|108.955|100|108.955
2022-06-03T10:44:00|1654267440|109.075|109.075|109.075|109.075|109.075|300|109.075
2022-06-03T10:50:00|1654267800|109.2|109.2|109.2|109.2|109.2|100|109.2
2022-06-03T10:53:00|1654267980|108.95124999999999|109.035|109.07|108.8325|108.8325|640|108.953297
2022-06-03T10:54:00|1654268040|108.835|108.835|108.835|108.835|108.835|106|108.835
2022-06-03T11:00:00|1654268400|108.285|108.285|108.285|108.285|108.285|100|108.285
2022-06-03T11:01:00|1654268460|108.28|108.28|108.28|108.28|108.28|100|108.28
2022-06-03T11:04:00|1654268640|107.965|108.22|108.22|107.71|107.71|200|107.965
2022-06-03T11:06:00|1654268760|107.825|108.0|108.0|107.65|107.65|244|107.793443
2022-06-03T11:07:00|1654268820|107.64500000000001|107.26|108.03|107.26|108.03|400|107.4525
2022-06-03T11:15:00|1654269300|107.625|107.625|107.625|107.625|107.625|100|107.625
2022-06-03T11:18:00|1654269480|107.7477|107.7477|107.7477|107.7477|107.7477|208|107.7477
2022-06-03T11:19:00|1654269540|108.12|108.12|108.12|108.12|108.12|200|108.12
2022-06-03T11:27:00|1654270020|107.62625|107.59|107.7625|107.49|107.7625|400|107.64875
2022-06-03T11:29:00|1654270140|107.775|107.775|107.775|107.775|107.775|200|107.775
2022-06-03T11:35:00|1654270500|108.22749999999999|108.005|108.45|108.005|108.45|300|108.301667
2022-06-03T11:41:00|1654270860|108.1825|108.14|108.265|108.1|108.1|1100|108.175
2022-06-03T11:42:00|1654270920|108.4375|108.375|108.5|108.375|108.5|300|108.416667
2022-06-03T11:45:00|1654271100|108.39|108.39|108.39|108.39|108.39|100|108.39
2022-06-03T11:46:00|1654271160|108.8|108.8|108.8|108.8|108.8|132|108.8
2022-06-03T11:58:00|1654271880|108.4|108.4|108.4|108.4|108.4|100|108.4
2022-06-03T12:01:00|1654272060|108.46|108.46|108.46|108.46|108.46|100|108.46
2022-06-03T12:02:00|1654272120|108.68375|108.6775|108.69|108.6775|108.69|300|108.681667
2022-06-03T12:07:00|1654272420|108.6725|108.6725|108.6725|108.6725|108.6725|100|108.6725
2022-06-03T12:09:00|1654272540|108.65|108.64|108.66|108.64|108.645|300|108.648333
2022-06-03T12:15:00|1654272900|108.5175|108.475|108.56|108.475|108.56|200|108.5175
2022-06-03T12:21:00|1654273260|108.8749|108.8749|108.8749|108.8749|108.8749|184|108.8749
2022-06-03T12:22:00|1654273320|109.2535|109.2535|109.2535|109.2535|109.2535|184|109.2535
2022-06-03T12:28:00|1654273680|108.89|108.89|108.89|108.89|108.89|100|108.89
2022-06-03T12:33:00|1654273980|108.652|108.652|108.652|108.652|108.652|1000|108.652
2022-06-03T12:35:00|1654274100|108.81|108.81|108.81|108.81|108.81|100|108.81
2022-06-03T12:38:00|1654274280|108.84|108.84|108.84|108.84|108.84|100|108.84
2022-06-03T12:43:00|1654274580|108.95|108.95|108.95|108.95|108.95|100|108.95
2022-06-03T12:49:00|1654274940|108.775|108.775|108.775|108.775|108.775|100|108.775
2022-06-03T12:50:00|1654275000|109.0|109.0|109.0|109.0|109.0|100|109.0
2022-06-03T13:03:00|1654275780|109.41|109.41|109.41|109.41|109.41|100|109.41
2022-06-03T13:14:00|1654276440|108.97749999999999|108.935|109.02|108.935|109.02|400|108.98875
2022-06-03T13:18:00|1654276680|108.5125|108.295|108.73|108.295|108.6675|700|108.603929
2022-06-03T13:19:00|1654276740|108.88|108.88|108.88|108.88|108.88|100|108.88
2022-06-03T13:21:00|1654276860|108.695|108.69|108.7|108.69|108.7|200|108.695
2022-06-03T13:24:00|1654277040|108.6975|108.605|108.79|108.605|108.79|200|108.6975
2022-06-03T13:29:00|1654277340|108.58|108.58|108.58|108.58|108.58|100|108.58
2022-06-03T13:31:00|1654277460|108.74|108.74|108.74|108.74|108.74|300|108.74
2022-06-03T13:34:00|1654277640|108.61500000000001|108.61|108.62|108.61|108.62|200|108.615
2022-06-03T13:35:00|1654277700|108.53|108.53|108.53|108.53|108.53|100|108.53
2022-06-03T13:36:00|1654277760|108.66499999999999|108.64|108.69|108.64|108.665|500|108.659
2022-06-03T13:50:00|1654278600|108.69|108.61|108.77|108.61|108.77|200|108.69
2022-06-03T14:02:00|1654279320|108.66499999999999|108.67|108.67|108.66|108.66|200|108.665
2022-06-03T14:08:00|1654279680|109.15|109.15|109.15|109.15|109.15|100|109.15
2022-06-03T14:16:00|1654280160|109.0275|108.885|109.17|108.885|109.17|912|109.06739
2022-06-03T14:19:00|1654280340|109.445|109.445|109.445|109.445|109.445|100|109.445
2022-06-03T14:28:00|1654280880|109.32|109.32|109.32|109.32|109.32|11400|109.32
2022-06-03T14:38:00|1654281480|109.145|109.3|109.3|108.99|108.99|300|109.093333
2022-06-03T14:41:00|1654281660|108.6202|108.6202|108.6202|108.6202|108.6202|159|108.6202
2022-06-03T14:42:00|1654281720|108.725|108.725|108.725|108.725|108.725|100|108.725
2022-06-03T14:45:00|1654281900|108.41499999999999|108.45|108.45|108.38|108.41|300|108.413333
2022-06-03T14:46:00|1654281960|108.5|108.5|108.5|108.5|108.5|100|108.5
2022-06-03T14:47:00|1654282020|108.385|108.385|108.385|108.385|108.385|100|108.385
2022-06-03T14:48:00|1654282080|108.50999999999999|108.39|108.63|108.39|108.63|300|108.55
2022-06-03T14:49:00|1654282140|108.72999999999999|108.71|108.75|108.71|108.75|200|108.73
2022-06-03T14:50:00|1654282200|108.75|108.75|108.75|108.75|108.75|100|108.75
2022-06-03T14:59:00|1654282740|108.89|108.89|108.89|108.89|108.89|100|108.89
2022-06-03T15:00:00|1654282800|108.765|108.87|108.87|108.66|108.66|300|108.8
2022-06-03T15:02:00|1654282920|108.82|108.82|108.82|108.82|108.82|100|108.82
2022-06-03T15:05:00|1654283100|108.8775|108.79|108.97|108.785|108.97|500|108.867
2022-06-03T15:07:00|1654283220|108.5575|108.57|108.605|108.51|108.51|400|108.570625
2022-06-03T15:08:00|1654283280|108.705|108.68|108.8|108.61|108.64|500|108.686
2022-06-03T15:11:00|1654283460|108.77|108.77|108.77|108.77|108.77|156|108.77
2022-06-03T15:13:00|1654283580|108.52|108.52|108.52|108.52|108.52|100|108.52
2022-06-03T15:18:00|1654283880|108.8075|108.835|108.835|108.78|108.78|200|108.8075
2022-06-03T15:19:00|1654283940|109.12|109.12|109.12|109.12|109.12|100|109.12
2022-06-03T15:21:00|1654284060|108.76|108.76|108.76|108.76|108.76|100|108.76
2022-06-03T15:22:00|1654284120|108.69749999999999|108.63|108.77|108.625|108.77|2300|108.646957
2022-06-03T15:25:00|1654284300|108.7625|108.625|108.9|108.625|108.9|400|108.83125
2022-06-03T15:28:00|1654284480|108.94|108.94|108.94|108.94|108.94|300|108.94
2022-06-03T15:29:00|1654284540|108.94|108.99|108.99|108.89|108.92|798|108.931103
2022-06-03T15:32:00|1654284720|108.885|108.885|108.885|108.885|108.885|100|108.885
2022-06-03T15:34:00|1654284840|108.9225|108.875|108.97|108.875|108.97|318|108.92217
2022-06-03T15:35:00|1654284900|108.97|108.97|108.97|108.97|108.97|100|108.97
2022-06-03T15:36:00|1654284960|108.99|108.99|108.99|108.99|108.99|100|108.99
2022-06-03T15:38:00|1654285080|109.14|109.14|109.14|109.14|109.14|300|109.14
2022-06-03T15:39:00|1654285140|109.03|109.03|109.03|109.03|109.03|100|109.03
2022-06-03T15:41:00|1654285260|108.92750000000001|108.93|108.94|108.915|108.94|400|108.9275
2022-06-03T15:43:00|1654285380|108.99|108.99|108.99|108.99|108.99|100|108.99
2022-06-03T15:44:00|1654285440|108.95|108.95|108.95|108.95|108.95|100|108.95
2022-06-03T15:45:00|1654285500|108.88|108.91|108.93|108.83|108.93|1000|108.872
2022-06-03T15:47:00|1654285620|108.97|108.97|109.07|108.87|108.87|500|108.964
2022-06-03T15:49:00|1654285740|108.995|108.99|109.0|108.99|109.0|200|108.995
2022-06-03T15:50:00|1654285800|108.8925|108.97|108.97|108.815|108.815|200|108.8925
2022-06-03T15:54:00|1654286040|108.83|108.69|108.97|108.69|108.97|1100|108.876364
2022-06-03T15:55:00|1654286100|109.01|109.09|109.09|108.93|108.93|679|108.953564
2022-06-03T15:56:00|1654286160|108.935|108.91|108.96|108.91|108.95|500|108.94
2022-06-03T15:57:00|1654286220|108.91|108.95|108.95|108.87|108.91|400|108.9175
2022-06-03T15:58:00|1654286280|108.91|108.9|108.92|108.9|108.9|300|108.906667
2022-06-03T15:59:00|1654286340|108.97999999999999|109.02|109.11|108.85|109.02|1567|108.978519
2022-06-03T16:00:00|1654286400|108.79|108.79|108.79|108.79|108.79|3445|108.79
