Time|TimeStamp|Price|Open|High|Low|Close|Volume|Volume Weight Avg Price
2022-05-31T09:05:00|1654002300|85.695|85.69|85.7|85.69|85.7|300|85.696667
2022-05-31T09:09:00|1654002540|85.7|85.7|85.7|85.7|85.7|580|85.7
2022-05-31T09:10:00|1654002600|85.7|85.7|85.7|85.7|85.7|151|85.7
2022-05-31T09:25:00|1654003500|85.075|84.83|85.4|84.75|85.4|1310|84.826145
2022-05-31T09:27:00|1654003620|84.705|84.81|84.81|84.6|84.6|1035|84.654502
2022-05-31T09:28:00|1654003680|84.595|84.61|84.61|84.58|84.58|1932|84.588271
2022-05-31T09:30:00|1654003800|86.105|85.44|86.92|85.29|85.84|233695|85.630421
2022-05-31T09:31:00|1654003860|86.06|85.98|86.34|85.78|86.1613|5787|86.05952
2022-05-31T09:32:00|1654003920|86.27|86.3|86.69|85.85|86.08|7253|86.194162
2022-05-31T09:33:00|1654003980|85.711|86.02|86.02|85.402|85.85|10450|85.505856
2022-05-31T09:34:00|1654004040|85.78999999999999|85.6384|86.23|85.35|85.605|11641|85.833117
2022-05-31T09:35:00|1654004100|85.6391|85.6|85.8676|85.4106|85.4761|7809|85.63271
2022-05-31T09:36:00|1654004160|85.78|85.59|86.07|85.49|85.63|10933|85.85673
2022-05-31T09:37:00|1654004220|85.5|85.49|85.72|85.28|85.36|6478|85.474665
2022-05-31T09:38:00|1654004280|85.287|85.53|85.535|85.039|85.039|3677|85.419428
2022-05-31T09:39:00|1654004340|85.15|85.01|85.48|84.82|85.44|3442|85.121981
2022-05-31T09:40:00|1654004400|85.005|85.24|85.28|84.73|84.73|3420|84.911015
2022-05-31T09:41:00|1654004460|85.03999999999999|84.9|85.37|84.71|85.13|6487|85.060159
2022-05-31T09:42:00|1654004520|85.115|85.21|85.32|84.91|84.955|3939|85.07237
2022-05-31T09:43:00|1654004580|84.71000000000001|84.8145|84.87|84.55|84.67|5368|84.654017
2022-05-31T09:44:00|1654004640|84.94505|84.5701|85.32|84.5701|84.99|6610|84.927614
2022-05-31T09:45:00|1654004700|85.59|85.3|85.88|85.3|85.76|7160|85.637169
2022-05-31T09:46:00|1654004760|85.7684|85.57|85.9668|85.57|85.9668|3608|85.756682
2022-05-31T09:47:00|1654004820|86.1225|85.97|86.33|85.915|86.12|11659|86.122768
2022-05-31T09:48:00|1654004880|85.99855|86.25|86.2771|85.72|85.77|4231|86.046929
2022-05-31T09:49:00|1654004940|85.59|85.73|85.86|85.32|85.32|3285|85.621936
2022-05-31T09:50:00|1654005000|85.19|85.19|85.35|85.03|85.35|5792|85.206129
2022-05-31T09:51:00|1654005060|84.985|85.17|85.24|84.73|84.73|15387|84.962986
2022-05-31T09:52:00|1654005120|84.59|84.665|84.87|84.31|84.42|4075|84.663886
2022-05-31T09:53:00|1654005180|84.37|84.39|84.54|84.2|84.41|8407|84.410642
2022-05-31T09:54:00|1654005240|84.22999999999999|84.22|84.38|84.08|84.15|8199|84.275891
2022-05-31T09:55:00|1654005300|84.39500000000001|84.29|84.53|84.26|84.47|3506|84.378465
2022-05-31T09:56:00|1654005360|84.56|84.4|84.73|84.39|84.54|7098|84.5304
2022-05-31T09:57:00|1654005420|84.525|84.51|84.63|84.42|84.45|5839|84.536508
2022-05-31T09:58:00|1654005480|84.5825|84.44|84.725|84.44|84.685|1600|84.600313
2022-05-31T09:59:00|1654005540|84.99000000000001|84.7|85.28|84.7|85.2|7972|85.043327
2022-05-31T10:00:00|1654005600|85.4|85.2|85.6|85.2|85.22|9672|85.344708
2022-05-31T10:01:00|1654005660|85.02250000000001|85.255|85.255|84.79|84.9|11636|84.902352
2022-05-31T10:02:00|1654005720|84.75999999999999|84.88|84.99|84.53|84.68|17367|84.815609
2022-05-31T10:03:00|1654005780|84.64150000000001|84.665|84.88|84.403|84.87|14704|84.667622
2022-05-31T10:04:00|1654005840|84.6525|84.765|84.83|84.475|84.5|24364|84.643701
2022-05-31T10:05:00|1654005900|84.6625|84.44|84.885|84.44|84.71|5897|84.706949
2022-05-31T10:06:00|1654005960|84.58|84.71|84.84|84.32|84.32|13070|84.696841
2022-05-31T10:07:00|1654006020|84.61500000000001|84.465|84.81|84.42|84.665|6786|84.645833
2022-05-31T10:08:00|1654006080|84.31|84.605|84.67|83.95|83.99|5920|84.347297
2022-05-31T10:09:00|1654006140|84.05255|83.87|84.2451|83.86|83.93|20163|84.062513
2022-05-31T10:10:00|1654006200|83.995|83.84|84.15|83.84|84.15|3525|83.992522
2022-05-31T10:11:00|1654006260|83.9325|84.165|84.165|83.7|83.9|34241|84.088099
2022-05-31T10:12:00|1654006320|83.955|83.81|84.11|83.8|83.8415|7847|83.950891
2022-05-31T10:13:00|1654006380|83.88|83.81|84.02|83.74|83.915|4090|83.914694
2022-05-31T10:14:00|1654006440|83.985|84.02|84.16|83.81|84.16|6228|83.987844
2022-05-31T10:15:00|1654006500|84.205|84.165|84.34|84.07|84.335|8218|84.22433
2022-05-31T10:16:00|1654006560|84.26750000000001|84.27|84.495|84.04|84.12|5834|84.247095
2022-05-31T10:17:00|1654006620|84.02250000000001|84.08|84.145|83.9|83.9|9900|84.049715
2022-05-31T10:18:00|1654006680|84.00995|83.875|84.2699|83.75|84.13|11985|83.990789
2022-05-31T10:19:00|1654006740|84.40119999999999|84.1|84.7024|84.1|84.62|3700|84.487216
2022-05-31T10:20:00|1654006800|84.785|84.76|84.91|84.66|84.9|24197|84.798175
2022-05-31T10:21:00|1654006860|85.1|84.82|85.38|84.82|85.24|3827|85.045936
2022-05-31T10:22:00|1654006920|85.3126|85.39|85.42|85.2052|85.2052|2677|85.324247
2022-05-31T10:23:00|1654006980|85.11500000000001|85.2|85.26|84.97|85.035|2600|85.074231
2022-05-31T10:24:00|1654007040|85.065|85.01|85.19|84.94|85.18|2600|85.060192
2022-05-31T10:25:00|1654007100|85.345|85.21|85.48|85.21|85.4|3000|85.363167
2022-05-31T10:26:00|1654007160|85.2903|85.35|85.43|85.1506|85.1506|1400|85.301471
2022-05-31T10:27:00|1654007220|85.1275|85.245|85.265|84.99|85.03|3501|85.076265
2022-05-31T10:28:00|1654007280|85.14835|85.15|85.2867|85.01|85.03|3916|85.157801
2022-05-31T10:29:00|1654007340|84.98249999999999|85.11|85.145|84.82|84.8899|2085|84.958628
2022-05-31T10:30:00|1654007400|84.92|84.81|85.03|84.81|84.95|2200|84.960132
2022-05-31T10:31:00|1654007460|85.25|85.02|85.48|85.02|85.48|3434|85.309426
2022-05-31T10:32:00|1654007520|85.535|85.4|85.74|85.33|85.54|16747|85.577686
2022-05-31T10:33:00|1654007580|85.41499999999999|85.545|85.63|85.2|85.2|8155|85.436565
2022-05-31T10:34:00|1654007640|85.23085|85.3016|85.3016|85.1601|85.165|1256|85.248129
2022-05-31T10:35:00|1654007700|85.1275|85.07|85.205|85.05|85.05|1607|85.145669
2022-05-31T10:36:00|1654007760|85.041|85.12|85.132|84.95|84.95|1100|85.040364
2022-05-31T10:37:00|1654007820|84.83000000000001|84.88|84.93|84.73|84.76|1341|84.806116
2022-05-31T10:38:00|1654007880|84.745|84.725|84.82|84.67|84.82|4927|84.766418
2022-05-31T10:39:00|1654007940|84.85|84.85|84.95|84.75|84.93|7348|84.873574
2022-05-31T10:40:00|1654008000|84.95|84.93|85.09|84.81|85.03|4126|84.945177
2022-05-31T10:41:00|1654008060|85.13|85.12|85.22|85.04|85.07|5140|85.118573
2022-05-31T10:42:00|1654008120|85.07|85.005|85.135|85.005|85.095|2400|85.074583
2022-05-31T10:43:00|1654008180|85.075|85.11|85.15|85.0|85.05|4162|85.099765
2022-05-31T10:44:00|1654008240|85.04249999999999|85.06|85.125|84.96|84.96|2900|85.041207
2022-05-31T10:45:00|1654008300|84.95|85.06|85.06|84.84|84.99|1838|84.936464
2022-05-31T10:46:00|1654008360|85.04499999999999|84.935|85.24|84.85|85.1|3610|85.060637
2022-05-31T10:47:00|1654008420|85.0|85.06|85.06|84.94|84.94|1445|85.014965
2022-05-31T10:48:00|1654008480|84.755|84.85|84.86|84.65|84.65|2104|84.740019
2022-05-31T10:49:00|1654008540|84.6|84.65|84.73|84.47|84.51|1600|84.61625
2022-05-31T10:50:00|1654008600|84.50999999999999|84.47|84.63|84.39|84.63|1870|84.482695
2022-05-31T10:51:00|1654008660|84.7175|84.645|84.79|84.645|84.79|590|84.714576
2022-05-31T10:52:00|1654008720|84.69|84.73|84.73|84.65|84.65|200|84.69
2022-05-31T10:53:00|1654008780|84.781|84.7|84.9|84.662|84.69|2176|84.776802
2022-05-31T10:54:00|1654008840|84.87695|84.6139|85.14|84.6139|85.04|3077|84.947034
2022-05-31T10:55:00|1654008900|85.1275|85.1|85.2|85.055|85.175|1100|85.155
2022-05-31T10:56:00|1654008960|85.125|85.17|85.26|84.99|85.1|5166|85.084214
2022-05-31T10:57:00|1654009020|84.9975|85.095|85.115|84.88|84.91|2526|84.950742
2022-05-31T10:58:00|1654009080|85.1375|85.03|85.25|85.025|85.2|8080|85.135625
2022-05-31T10:59:00|1654009140|85.275|85.2|85.35|85.2|85.33|4343|85.243176
2022-05-31T11:00:00|1654009200|85.4525|85.325|85.58|85.325|85.485|2849|85.489848
2022-05-31T11:01:00|1654009260|85.55000000000001|85.48|85.62|85.48|85.545|2400|85.580583
2022-05-31T11:02:00|1654009320|85.39|85.48|85.48|85.3|85.3|2100|85.43
2022-05-31T11:03:00|1654009380|85.28999999999999|85.25|85.35|85.23|85.23|734|85.278515
2022-05-31T11:04:00|1654009440|85.26249999999999|85.28|85.32|85.205|85.3|3324|85.283026
2022-05-31T11:05:00|1654009500|85.23|85.31|85.34|85.12|85.12|3800|85.238026
2022-05-31T11:06:00|1654009560|85.005|85.07|85.09|84.92|84.95|1808|85.016178
2022-05-31T11:07:00|1654009620|84.875|84.93|84.98|84.77|84.865|3006|84.894874
2022-05-31T11:08:00|1654009680|84.69999999999999|84.78|84.82|84.58|84.61|2944|84.676719
2022-05-31T11:09:00|1654009740|84.575|84.56|84.64|84.51|84.64|1500|84.585667
2022-05-31T11:10:00|1654009800|84.705|84.69|84.75|84.66|84.69|1000|84.6925
2022-05-31T11:11:00|1654009860|84.72|84.7|84.78|84.66|84.7|3059|84.721965
2022-05-31T11:12:00|1654009920|84.5475|84.63|84.69|84.405|84.45|2000|84.526
2022-05-31T11:13:00|1654009980|84.39|84.37|84.45|84.33|84.39|1704|84.400223
2022-05-31T11:14:00|1654010040|84.30250000000001|84.435|84.435|84.17|84.17|1800|84.313056
2022-05-31T11:15:00|1654010100|84.19915|84.1|84.37|84.0283|84.37|2768|84.192604
2022-05-31T11:16:00|1654010160|84.4|84.36|84.46|84.34|84.37|600|84.386667
2022-05-31T11:17:00|1654010220|84.39760000000001|84.3452|84.45|84.3452|84.42|1300|84.384631
2022-05-31T11:18:00|1654010280|84.2625|84.42|84.42|84.105|84.23|3218|84.296942
2022-05-31T11:19:00|1654010340|84.27000000000001|84.24|84.34|84.2|84.24|1800|84.254722
2022-05-31T11:20:00|1654010400|84.265|84.31|84.31|84.22|84.22|400|84.2875
2022-05-31T11:21:00|1654010460|84.245|84.195|84.3|84.19|84.3|3700|84.233514
2022-05-31T11:22:00|1654010520|84.34|84.3|84.39|84.29|84.34|2686|84.346279
2022-05-31T11:23:00|1654010580|84.24000000000001|84.33|84.33|84.15|84.15|1800|84.237778
2022-05-31T11:24:00|1654010640|83.91|84.1|84.1|83.72|83.87|7031|83.885617
2022-05-31T11:25:00|1654010700|83.905|83.92|84.0|83.81|83.87|900|83.910244
2022-05-31T11:26:00|1654010760|84.05|84.0|84.1|84.0|84.1|900|84.056667
2022-05-31T11:27:00|1654010820|84.08|84.1|84.14|84.02|84.11|3103|84.08252
2022-05-31T11:28:00|1654010880|84.09995|84.1499|84.1499|84.05|84.05|1050|84.09499
2022-05-31T11:29:00|1654010940|83.9425|84.065|84.085|83.8|83.8|1400|84.001071
2022-05-31T11:30:00|1654011000|83.6375|83.8|83.855|83.42|83.42|4045|83.596168
2022-05-31T11:31:00|1654011060|83.54499999999999|83.38|83.71|83.38|83.57|73561|83.479306
2022-05-31T11:32:00|1654011120|83.65|83.55|83.75|83.55|83.75|3026|83.622812
2022-05-31T11:33:00|1654011180|83.775|83.78|83.82|83.73|83.79|4534|83.784782
2022-05-31T11:34:00|1654011240|83.75999999999999|83.83|83.85|83.67|83.687|8414|83.727606
2022-05-31T11:35:00|1654011300|83.68260000000001|83.66|83.72|83.6452|83.71|1777|83.678379
2022-05-31T11:36:00|1654011360|83.59|83.66|83.72|83.46|83.46|2100|83.610476
2022-05-31T11:37:00|1654011420|83.49635|83.5727|83.5727|83.42|83.475|2026|83.476656
2022-05-31T11:38:00|1654011480|83.4125|83.4|83.485|83.34|83.36|2807|83.418393
2022-05-31T11:39:00|1654011540|83.535|83.33|83.74|83.33|83.71|3243|83.508834
2022-05-31T11:40:00|1654011600|83.66|83.71|83.71|83.61|83.61|900|83.661044
2022-05-31T11:41:00|1654011660|83.475|83.475|83.53|83.42|83.42|1218|83.475369
2022-05-31T11:42:00|1654011720|83.4575|83.43|83.49|83.425|83.44|1824|83.45182
2022-05-31T11:43:00|1654011780|83.57|83.45|83.69|83.45|83.665|2700|83.596852
2022-05-31T11:44:00|1654011840|83.62335|83.61|83.6367|83.61|83.625|5400|83.624878
2022-05-31T11:45:00|1654011900|83.68595|83.63|83.7519|83.62|83.6741|1500|83.68622
2022-05-31T11:46:00|1654011960|83.725|83.72|83.77|83.68|83.7|1600|83.733125
2022-05-31T11:47:00|1654012020|83.87|83.73|84.01|83.73|84.0|1050|83.91881
2022-05-31T11:48:00|1654012080|84.17500000000001|84.06|84.29|84.06|84.28|1506|84.146381
2022-05-31T11:49:00|1654012140|84.3|84.32|84.33|84.27|84.33|800|84.298125
2022-05-31T11:50:00|1654012200|84.39|84.38|84.4|84.38|84.4|700|84.3934
2022-05-31T11:51:00|1654012260|84.53999999999999|84.395|84.685|84.395|84.66|1881|84.471531
2022-05-31T11:52:00|1654012320|84.63|84.61|84.67|84.59|84.64|2600|84.615454
2022-05-31T11:53:00|1654012380|84.74000000000001|84.64|84.84|84.64|84.84|1000|84.7325
2022-05-31T11:54:00|1654012440|84.92|84.89|85.0|84.84|84.94|5300|84.901792
2022-05-31T11:55:00|1654012500|84.83|84.88|84.88|84.78|84.83|1400|84.816429
2022-05-31T11:56:00|1654012560|84.8775|84.85|84.905|84.85|84.9|1100|84.873636
2022-05-31T11:57:00|1654012620|84.8|84.85|84.85|84.75|84.83|1739|84.809586
2022-05-31T11:58:00|1654012680|84.83500000000001|84.825|84.88|84.79|84.84|2100|84.841905
2022-05-31T11:59:00|1654012740|84.86|84.89|84.89|84.83|84.85|2062|84.863102
2022-05-31T12:00:00|1654012800|84.8375|84.855|84.855|84.82|84.84|778|84.841504
2022-05-31T12:01:00|1654012860|84.8775|84.84|84.915|84.84|84.88|1620|84.886852
2022-05-31T12:02:00|1654012920|84.9|84.88|84.94|84.86|84.915|1700|84.898529
2022-05-31T12:03:00|1654012980|84.94999999999999|84.95|85.1|84.8|85.1|9002|84.869596
2022-05-31T12:04:00|1654013040|85.0025|85.05|85.05|84.955|85.035|8057|85.005994
2022-05-31T12:05:00|1654013100|85.06|85.04|85.12|85.0|85.0|6165|85.061512
2022-05-31T12:06:00|1654013160|84.935|84.98|84.99|84.88|84.94|1400|84.955714
2022-05-31T12:07:00|1654013220|84.98249999999999|84.945|85.02|84.945|85.015|400|84.99875
2022-05-31T12:08:00|1654013280|84.98|84.97|85.01|84.95|84.96|800|84.96875
2022-05-31T12:09:00|1654013340|85.055|85.02|85.09|85.02|85.08|1300|85.069231
2022-05-31T12:10:00|1654013400|85.0969|85.06|85.19|85.0038|85.08|7914|85.033548
2022-05-31T12:11:00|1654013460|85.21000000000001|85.11|85.31|85.11|85.29|3502|85.21767
2022-05-31T12:12:00|1654013520|85.1325|85.24|85.25|85.015|85.015|4720|85.168199
2022-05-31T12:13:00|1654013580|84.96000000000001|85.04|85.04|84.88|84.88|1400|84.9675
2022-05-31T12:14:00|1654013640|84.85749999999999|84.945|84.945|84.77|84.77|2556|84.836555
2022-05-31T12:15:00|1654013700|84.735|84.72|84.84|84.63|84.71|2111|84.736106
2022-05-31T12:16:00|1654013760|84.7775|84.8|84.85|84.705|84.705|2100|84.761429
2022-05-31T12:17:00|1654013820|84.69239999999999|84.705|84.7448|84.64|84.68|3411|84.692808
2022-05-31T12:18:00|1654013880|84.60249999999999|84.65|84.69|84.515|84.515|1400|84.589357
2022-05-31T12:19:00|1654013940|84.565|84.56|84.61|84.52|84.6|1300|84.576538
2022-05-31T12:20:00|1654014000|84.5025|84.55|84.585|84.42|84.45|4405|84.523998
2022-05-31T12:21:00|1654014060|84.23|84.37|84.37|84.09|84.18|3101|84.235189
2022-05-31T12:22:00|1654014120|84.12|84.1|84.15|84.09|84.13|1301|84.121553
2022-05-31T12:23:00|1654014180|84.13499999999999|84.17|84.19|84.08|84.16|3631|84.143564
2022-05-31T12:24:00|1654014240|84.185|84.184|84.24|84.13|84.17|1600|84.20215
2022-05-31T12:25:00|1654014300|84.19995|84.215|84.2499|84.15|84.15|3217|84.199625
2022-05-31T12:26:00|1654014360|84.255|84.24|84.29|84.22|84.22|800|84.2475
2022-05-31T12:27:00|1654014420|84.23|84.22|84.28|84.18|84.19|2762|84.215923
2022-05-31T12:28:00|1654014480|84.235|84.205|84.275|84.195|84.2|2572|84.228369
2022-05-31T12:29:00|1654014540|84.24000000000001|84.24|84.25|84.23|84.23|407|84.241314
2022-05-31T12:30:00|1654014600|84.22749999999999|84.26|84.27|84.185|84.185|1212|84.22434
2022-05-31T12:31:00|1654014660|84.13749999999999|84.185|84.225|84.05|84.17|11453|84.124666
2022-05-31T12:32:00|1654014720|84.14250000000001|84.14|84.18|84.105|84.15|3024|84.141147
2022-05-31T12:33:00|1654014780|84.24000000000001|84.21|84.33|84.15|84.33|5648|84.21771
2022-05-31T12:34:00|1654014840|84.36500000000001|84.42|84.42|84.31|84.3984|5628|84.383908
2022-05-31T12:35:00|1654014900|84.59|84.45|84.73|84.45|84.7|3600|84.661417
2022-05-31T12:36:00|1654014960|84.6343|84.67|84.6786|84.59|84.6786|1700|84.624071
2022-05-31T12:37:00|1654015020|84.635|84.59|84.68|84.59|84.68|400|84.635
2022-05-31T12:38:00|1654015080|84.8075|84.72|84.9|84.715|84.88|1200|84.792917
2022-05-31T12:39:00|1654015140|84.9125|84.87|84.98|84.845|84.98|2400|84.862917
2022-05-31T12:40:00|1654015200|85.0|85.0|85.0|85.0|85.0|400|85.0
2022-05-31T12:41:00|1654015260|85.03|85.06|85.06|85.0|85.025|1973|85.027466
2022-05-31T12:42:00|1654015320|85.0075|85.01|85.04|84.975|85.0|1900|85.011053
2022-05-31T12:43:00|1654015380|84.96000000000001|84.955|85.01|84.91|84.98|2005|84.981769
2022-05-31T12:44:00|1654015440|84.98904999999999|84.96|85.0181|84.96|84.96|1000|84.99055
2022-05-31T12:45:00|1654015500|84.965|84.97|85.03|84.9|84.9|2683|84.97587
2022-05-31T12:46:00|1654015560|84.85249999999999|84.905|84.905|84.8|84.87|900|84.853889
2022-05-31T12:47:00|1654015620|84.83455000000001|84.784|84.8891|84.78|84.87|1900|84.861795
2022-05-31T12:48:00|1654015680|84.80000000000001|84.77|84.87|84.73|84.87|1425|84.777719
2022-05-31T12:49:00|1654015740|84.8|84.76|84.85|84.75|84.84|1300|84.809615
2022-05-31T12:50:00|1654015800|84.7775|84.765|84.805|84.75|84.75|987|84.76925
2022-05-31T12:51:00|1654015860|84.8|84.82|84.82|84.78|84.78|1127|84.798722
2022-05-31T12:52:00|1654015920|84.80250000000001|84.7824|84.84|84.765|84.79|1649|84.800173
2022-05-31T12:53:00|1654015980|84.80745|84.775|84.8399|84.775|84.8399|600|84.821483
2022-05-31T12:54:00|1654016040|84.8125|84.775|84.85|84.775|84.79|2410|84.828838
2022-05-31T12:55:00|1654016100|84.7975|84.79|84.84|84.755|84.84|1100|84.801818
2022-05-31T12:56:00|1654016160|84.82|84.88|84.89|84.75|84.81|9881|84.79662
2022-05-31T12:57:00|1654016220|84.77250000000001|84.75|84.795|84.75|84.75|800|84.76
2022-05-31T12:58:00|1654016280|84.8175|84.745|84.89|84.745|84.82|1200|84.8248
2022-05-31T12:59:00|1654016340|84.815|84.78|84.85|84.78|84.835|1185|84.818017
2022-05-31T13:00:00|1654016400|84.7975|84.83|84.845|84.75|84.75|1965|84.787087
2022-05-31T13:01:00|1654016460|84.7275|84.73|84.79|84.665|84.665|2328|84.705677
2022-05-31T13:02:00|1654016520|84.5786|84.65|84.655|84.5022|84.5022|2504|84.567971
2022-05-31T13:03:00|1654016580|84.28|84.34|84.35|84.21|84.26|1100|84.276364
2022-05-31T13:04:00|1654016640|84.3425|84.295|84.39|84.295|84.34|1353|84.342177
2022-05-31T13:05:00|1654016700|84.38|84.33|84.43|84.33|84.43|1994|84.381501
2022-05-31T13:06:00|1654016760|84.4725|84.43|84.525|84.42|84.5|2843|84.470454
2022-05-31T13:07:00|1654016820|84.57|84.4901|84.65|84.49|84.65|700|84.525729
2022-05-31T13:08:00|1654016880|84.65|84.65|84.65|84.65|84.65|100|84.65
2022-05-31T13:09:00|1654016940|84.72|84.7|84.76|84.68|84.68|500|84.718
2022-05-31T13:10:00|1654017000|84.60249999999999|84.64|84.675|84.53|84.53|900|84.618889
2022-05-31T13:11:00|1654017060|84.4725|84.5|84.5|84.445|84.445|300|84.463333
2022-05-31T13:12:00|1654017120|84.45|84.47|84.5|84.4|84.43|2810|84.425491
2022-05-31T13:13:00|1654017180|84.42250000000001|84.43|84.43|84.415|84.415|200|84.4225
2022-05-31T13:14:00|1654017240|84.375|84.365|84.41|84.34|84.34|1150|84.351739
2022-05-31T13:15:00|1654017300|84.26249999999999|84.335|84.335|84.19|84.19|2615|84.213958
2022-05-31T13:16:00|1654017360|84.02000000000001|84.15|84.15|83.89|83.89|4052|83.978282
2022-05-31T13:17:00|1654017420|83.81495000000001|83.93|83.9599|83.67|83.76|16567|83.834698
2022-05-31T13:18:00|1654017480|83.85505|83.7201|83.99|83.7201|83.96|4604|83.912834
2022-05-31T13:19:00|1654017540|84.045|83.97|84.12|83.97|84.12|2130|84.020235
2022-05-31T13:20:00|1654017600|84.0875|84.045|84.13|84.045|84.11|3380|84.100888
2022-05-31T13:21:00|1654017660|84.11500000000001|84.09|84.15|84.08|84.11|1130|84.105009
2022-05-31T13:22:00|1654017720|84.13|84.1|84.17|84.09|84.12|4004|84.121259
2022-05-31T13:23:00|1654017780|84.12719999999999|84.0944|84.16|84.0944|84.1|1000|84.11345
2022-05-31T13:24:00|1654017840|84.14|84.14|84.19|84.09|84.09|2248|84.147011
2022-05-31T13:25:00|1654017900|84.1|84.07|84.13|84.07|84.07|819|84.091978
2022-05-31T13:26:00|1654017960|84.0925|84.08|84.115|84.07|84.115|800|84.08625
2022-05-31T13:27:00|1654018020|84.09|84.12|84.12|84.06|84.115|567|84.087337
2022-05-31T13:28:00|1654018080|83.965|84.07|84.07|83.86|83.86|2762|83.979652
2022-05-31T13:29:00|1654018140|83.9175|83.86|84.01|83.825|83.99|1400|83.926071
2022-05-31T13:30:00|1654018200|83.9625|83.94|83.995|83.93|83.9899|1456|83.960828
2022-05-31T13:31:00|1654018260|83.91460000000001|83.9406|83.9616|83.8676|83.9616|2826|83.928404
2022-05-31T13:32:00|1654018320|84.0002|83.985|84.02|83.9804|83.9804|500|83.99508
2022-05-31T13:33:00|1654018380|84.12845|84.0069|84.25|84.0069|84.2|2664|84.141086
2022-05-31T13:34:00|1654018440|84.2967|84.2634|84.33|84.2634|84.3038|712|84.310646
2022-05-31T13:35:00|1654018500|84.4625|84.39|84.55|84.375|84.46|1354|84.443279
2022-05-31T13:36:00|1654018560|84.4525|84.45|84.505|84.4|84.5|1903|84.444992
2022-05-31T13:37:00|1654018620|84.395|84.52|84.52|84.27|84.27|740|84.397027
2022-05-31T13:38:00|1654018680|84.14|84.19|84.19|84.09|84.15|668|84.134671
2022-05-31T13:39:00|1654018740|84.1|84.03|84.17|84.03|84.17|700|84.110714
2022-05-31T13:40:00|1654018800|84.22749999999999|84.17|84.295|84.16|84.295|1848|84.201764
2022-05-31T13:41:00|1654018860|84.245|84.245|84.34|84.15|84.21|1500|84.2505
2022-05-31T13:42:00|1654018920|84.0975|84.15|84.155|84.04|84.04|2000|84.083
2022-05-31T13:43:00|1654018980|84.1175|84.08|84.155|84.08|84.155|500|84.095
2022-05-31T13:44:00|1654019040|84.1413|84.1026|84.18|84.1026|84.155|1500|84.136173
2022-05-31T13:46:00|1654019160|84.1325|84.155|84.155|84.11|84.15|300|84.138333
2022-05-31T13:47:00|1654019220|84.22704999999999|84.19|84.28|84.1741|84.275|1369|84.258751
2022-05-31T13:48:00|1654019280|84.16|84.23|84.23|84.09|84.09|700|84.183571
2022-05-31T13:49:00|1654019340|84.13|84.18|84.18|84.08|84.1|700|84.13
2022-05-31T13:50:00|1654019400|84.0425|84.02|84.105|83.98|83.98|2700|84.018148
2022-05-31T13:51:00|1654019460|84.07499999999999|84.01|84.16|83.99|84.12|975|84.067351
2022-05-31T13:52:00|1654019520|84.205|84.135|84.28|84.13|84.28|1200|84.2071
2022-05-31T13:53:00|1654019580|84.28999999999999|84.25|84.33|84.25|84.3|400|84.3025
2022-05-31T13:54:00|1654019640|84.2825|84.29|84.32|84.245|84.255|1190|84.273067
2022-05-31T13:55:00|1654019700|84.255|84.26|84.26|84.25|84.25|337|84.257033
2022-05-31T13:56:00|1654019760|84.36000000000001|84.29|84.43|84.29|84.43|1036|84.388938
2022-05-31T13:57:00|1654019820|84.4325|84.495|84.495|84.37|84.37|600|84.425833
2022-05-31T13:58:00|1654019880|84.4675|84.425|84.51|84.425|84.51|612|84.466176
2022-05-31T13:59:00|1654019940|84.52250000000001|84.495|84.55|84.495|84.505|400|84.5225
2022-05-31T14:00:00|1654020000|84.4175|84.51|84.51|84.325|84.325|1712|84.446157
2022-05-31T14:01:00|1654020060|84.425|84.3|84.55|84.3|84.55|3111|84.397065
2022-05-31T14:02:00|1654020120|84.53|84.53|84.53|84.53|84.53|200|84.53
2022-05-31T14:03:00|1654020180|84.4225|84.48|84.48|84.365|84.365|800|84.448125
2022-05-31T14:04:00|1654020240|84.33500000000001|84.31|84.37|84.3|84.36|1200|84.3325
2022-05-31T14:05:00|1654020300|84.305|84.32|84.35|84.26|84.33|2100|84.313333
2022-05-31T14:06:00|1654020360|84.375|84.35|84.4|84.35|84.39|676|84.391124
2022-05-31T14:07:00|1654020420|84.405|84.38|84.44|84.37|84.39|1270|84.40374
2022-05-31T14:08:00|1654020480|84.33500000000001|84.35|84.38|84.29|84.33|1200|84.337917
2022-05-31T14:09:00|1654020540|84.385|84.365|84.43|84.34|84.42|600|84.380833
2022-05-31T14:10:00|1654020600|84.3575|84.39|84.39|84.325|84.37|1000|84.366
2022-05-31T14:11:00|1654020660|84.325|84.33|84.34|84.31|84.3261|918|84.325686
2022-05-31T14:12:00|1654020720|84.2925|84.32|84.325|84.26|84.27|807|84.28425
2022-05-31T14:13:00|1654020780|84.23|84.28|84.28|84.18|84.205|600|84.215833
2022-05-31T14:14:00|1654020840|84.3|84.26|84.35|84.25|84.31|1400|84.290714
2022-05-31T14:15:00|1654020900|84.295|84.25|84.34|84.25|84.34|600|84.298333
2022-05-31T14:16:00|1654020960|84.29245|84.27|84.3499|84.235|84.3499|600|84.29915
2022-05-31T14:17:00|1654021020|84.27000000000001|84.31|84.31|84.23|84.27|700|84.251429
2022-05-31T14:18:00|1654021080|84.16499999999999|84.21|84.21|84.12|84.12|800|84.16125
2022-05-31T14:19:00|1654021140|84.19749999999999|84.12|84.285|84.11|84.285|4576|84.204611
2022-05-31T14:20:00|1654021200|84.25505|84.27|84.32|84.1901|84.28|6130|84.252985
2022-05-31T14:21:00|1654021260|84.215|84.29|84.33|84.1|84.11|6765|84.199168
2022-05-31T14:22:00|1654021320|84.05000000000001|84.07|84.15|83.95|83.96|4673|84.043745
2022-05-31T14:23:00|1654021380|84.0675|84.02|84.13|84.005|84.13|7700|84.058247
2022-05-31T14:24:00|1654021440|84.14750000000001|84.12|84.235|84.06|84.16|3310|84.128437
2022-05-31T14:25:00|1654021500|84.15|84.13|84.2|84.1|84.14|2839|84.151508
2022-05-31T14:26:00|1654021560|84.035|84.06|84.09|83.98|84.02|2005|84.022843
2022-05-31T14:27:00|1654021620|84.00999999999999|84.04|84.05|83.97|84.05|3056|84.006525
2022-05-31T14:28:00|1654021680|84.035|84.06|84.09|83.98|83.995|2100|84.032381
2022-05-31T14:29:00|1654021740|84.055|84.06|84.1|84.01|84.08|1406|84.051593
2022-05-31T14:30:00|1654021800|84.1|84.07|84.17|84.03|84.16|1550|84.087903
2022-05-31T14:31:00|1654021860|84.20750000000001|84.18|84.235|84.18|84.18|1196|84.208486
2022-05-31T14:32:00|1654021920|84.19999999999999|84.2|84.21|84.19|84.19|700|84.196429
2022-05-31T14:33:00|1654021980|84.15|84.19|84.2|84.1|84.15|2629|84.143583
2022-05-31T14:34:00|1654022040|84.185|84.155|84.24|84.13|84.17|1373|84.197589
2022-05-31T14:35:00|1654022100|84.19999999999999|84.2|84.21|84.19|84.21|450|84.198889
2022-05-31T14:36:00|1654022160|84.13|84.18|84.18|84.08|84.08|1500|84.124
2022-05-31T14:37:00|1654022220|84.1|84.1|84.15|84.05|84.15|2131|84.10428
2022-05-31T14:38:00|1654022280|84.1425|84.12|84.2|84.085|84.2|953|84.152396
2022-05-31T14:39:00|1654022340|84.16999999999999|84.18|84.21|84.13|84.13|1350|84.167222
2022-05-31T14:40:00|1654022400|84.065|84.13|84.13|84.0|84.02|2643|84.032815
2022-05-31T14:41:00|1654022460|83.93|84.0|84.0|83.86|83.95|7738|83.94744
2022-05-31T14:42:00|1654022520|83.845|83.89|83.89|83.8|83.82|7258|83.842254
2022-05-31T14:43:00|1654022580|83.789|83.82|83.84|83.738|83.78|16203|83.781061
2022-05-31T14:44:00|1654022640|83.765|83.75|83.78|83.75|83.76|600|83.756667
2022-05-31T14:45:00|1654022700|83.685|83.745|83.78|83.59|83.59|3510|83.697293
2022-05-31T14:46:00|1654022760|83.6075|83.61|83.655|83.56|83.57|2497|83.608835
2022-05-31T14:47:00|1654022820|83.52250000000001|83.57|83.58|83.465|83.545|2549|83.517059
2022-05-31T14:48:00|1654022880|83.405|83.51|83.53|83.28|83.311|4921|83.452018
2022-05-31T14:49:00|1654022940|83.2625|83.295|83.295|83.23|83.245|16600|83.261777
2022-05-31T14:50:00|1654023000|83.235|83.21|83.31|83.16|83.16|2125|83.242373
2022-05-31T14:51:00|1654023060|83.2|83.17|83.23|83.17|83.215|712|83.202275
2022-05-31T14:52:00|1654023120|83.08795|83.2|83.2259|82.95|83.02|7208|83.078953
2022-05-31T14:53:00|1654023180|82.965|82.995|83.03|82.9|82.9566|4185|82.947305
2022-05-31T14:54:00|1654023240|82.7875|82.89|82.89|82.685|82.685|4661|82.800146
2022-05-31T14:55:00|1654023300|82.64|82.675|82.7|82.58|82.61|6227|82.629718
2022-05-31T14:56:00|1654023360|82.7075|82.58|82.835|82.58|82.78|3900|82.721236
2022-05-31T14:57:00|1654023420|82.84|82.78|82.9|82.78|82.87|2500|82.8594
2022-05-31T14:58:00|1654023480|82.88999999999999|82.82|82.96|82.82|82.93|8043|82.893468
2022-05-31T14:59:00|1654023540|82.9141|82.9882|82.9882|82.84|82.85|4355|82.889622
2022-05-31T15:00:00|1654023600|82.755|82.84|82.84|82.67|82.67|4458|82.758991
2022-05-31T15:01:00|1654023660|82.7875|82.72|82.855|82.72|82.8|4200|82.796281
2022-05-31T15:02:00|1654023720|82.715|82.755|82.77|82.66|82.75|2400|82.715367
2022-05-31T15:03:00|1654023780|82.63499999999999|82.71|82.71|82.56|82.6|1600|82.630313
2022-05-31T15:04:00|1654023840|82.7425|82.66|82.825|82.66|82.825|1363|82.708903
2022-05-31T15:05:00|1654023900|82.825|82.85|82.89|82.76|82.8277|2500|82.822468
2022-05-31T15:06:00|1654023960|82.9|82.85|82.99|82.81|82.96|1850|82.873827
2022-05-31T15:07:00|1654024020|83.15|83.05|83.27|83.03|83.25|3460|83.135275
2022-05-31T15:08:00|1654024080|83.215|83.17|83.26|83.17|83.23|16902|83.235922
2022-05-31T15:09:00|1654024140|83.355|83.28|83.43|83.28|83.34|6212|83.360417
2022-05-31T15:10:00|1654024200|83.3|83.31|83.39|83.21|83.255|7700|83.285649
2022-05-31T15:11:00|1654024260|83.1625|83.21|83.215|83.11|83.135|4646|83.154065
2022-05-31T15:12:00|1654024320|83.03999999999999|83.12|83.12|82.96|83.04|6245|83.016684
2022-05-31T15:13:00|1654024380|83.0547|83.04|83.0984|83.011|83.07|6674|83.062708
2022-05-31T15:14:00|1654024440|83.1|83.07|83.15|83.05|83.12|8217|83.098459
2022-05-31T15:15:00|1654024500|83.255|83.15|83.42|83.09|83.41|7715|83.2143
2022-05-31T15:16:00|1654024560|83.49|83.41|83.57|83.41|83.55|3429|83.509411
2022-05-31T15:17:00|1654024620|83.63|83.57|83.74|83.52|83.74|3205|83.615195
2022-05-31T15:18:00|1654024680|83.7225|83.72|83.88|83.565|83.57|11846|83.763578
2022-05-31T15:19:00|1654024740|83.53|83.615|83.63|83.43|83.445|1817|83.513496
2022-05-31T15:20:00|1654024800|83.47999999999999|83.44|83.52|83.44|83.495|3643|83.498271
2022-05-31T15:21:00|1654024860|83.49000000000001|83.52|83.53|83.45|83.49|4045|83.495587
2022-05-31T15:22:00|1654024920|83.515|83.47|83.58|83.45|83.55|1645|83.525775
2022-05-31T15:23:00|1654024980|83.685|83.61|83.76|83.61|83.75|4800|83.707344
2022-05-31T15:24:00|1654025040|83.59|83.71|83.71|83.47|83.51|3200|83.584453
2022-05-31T15:25:00|1654025100|83.46875|83.5|83.5|83.4375|83.445|1700|83.463971
2022-05-31T15:26:00|1654025160|83.345|83.45|83.45|83.24|83.25|4643|83.312783
2022-05-31T15:27:00|1654025220|83.26050000000001|83.296|83.296|83.225|83.25|1709|83.261334
2022-05-31T15:28:00|1654025280|83.2875|83.245|83.33|83.245|83.3063|1110|83.304081
2022-05-31T15:29:00|1654025340|83.345|83.34|83.38|83.31|83.32|1800|83.342778
2022-05-31T15:30:00|1654025400|83.36|83.35|83.4|83.32|83.38|4058|83.35731
2022-05-31T15:31:00|1654025460|83.4425|83.385|83.53|83.355|83.355|4210|83.44304
2022-05-31T15:32:00|1654025520|83.32|83.38|83.38|83.26|83.36|6947|83.311562
2022-05-31T15:33:00|1654025580|83.34|83.3|83.38|83.3|83.38|1600|83.343125
2022-05-31T15:34:00|1654025640|83.41|83.34|83.48|83.34|83.38|4885|83.419017
2022-05-31T15:35:00|1654025700|83.36|83.38|83.42|83.3|83.3|2900|83.37069
2022-05-31T15:36:00|1654025760|83.265|83.3|83.33|83.2|83.26|5646|83.252395
2022-05-31T15:37:00|1654025820|83.245|83.2|83.29|83.2|83.24|49352|83.249145
2022-05-31T15:38:00|1654025880|83.21000000000001|83.2|83.27|83.15|83.25|8039|83.225929
2022-05-31T15:39:00|1654025940|83.315|83.25|83.38|83.25|83.335|5132|83.328087
2022-05-31T15:40:00|1654026000|83.3375|83.375|83.39|83.285|83.35|3200|83.333984
2022-05-31T15:41:00|1654026060|83.35|83.36|83.38|83.32|83.32|4457|83.34197
2022-05-31T15:42:00|1654026120|83.275|83.3|83.33|83.22|83.29|3476|83.277532
2022-05-31T15:43:00|1654026180|83.34|83.3|83.39|83.29|83.36|7001|83.329859
2022-05-31T15:44:00|1654026240|83.27000000000001|83.37|83.37|83.17|83.17|12263|83.251245
2022-05-31T15:45:00|1654026300|83.105|83.17|83.17|83.04|83.12|12567|83.112331
2022-05-31T15:46:00|1654026360|83.12|83.115|83.17|83.07|83.08|6084|83.118282
2022-05-31T15:47:00|1654026420|83.005|83.11|83.11|82.9|82.94|12989|83.015475
2022-05-31T15:48:00|1654026480|82.8955|82.93|82.971|82.82|82.835|6312|82.920197
2022-05-31T15:49:00|1654026540|82.905|82.82|83.06|82.75|83.0|7347|82.873829
2022-05-31T15:50:00|1654026600|83.2475|82.975|83.52|82.975|83.35|19378|83.363571
2022-05-31T15:51:00|1654026660|83.2875|83.3797|83.385|83.19|83.33|8518|83.276183
2022-05-31T15:52:00|1654026720|83.33500000000001|83.3|83.44|83.23|83.25|9225|83.299047
2022-05-31T15:53:00|1654026780|83.17|83.22|83.25|83.09|83.215|11338|83.175913
2022-05-31T15:54:00|1654026840|83.005|83.24|83.24|82.77|83.02|29102|83.028439
2022-05-31T15:55:00|1654026900|83.18|83.13|83.33|83.03|83.28|30766|83.214968
2022-05-31T15:56:00|1654026960|83.265|83.27|83.34|83.19|83.34|14345|83.254335
2022-05-31T15:57:00|1654027020|83.22999999999999|83.32|83.33|83.13|83.16|17588|83.20666
2022-05-31T15:58:00|1654027080|83.13|83.165|83.19|83.07|83.08|33783|83.114987
2022-05-31T15:59:00|1654027140|83.045|83.11|83.11|82.98|83.04|84690|83.046387
2022-05-31T16:00:00|1654027200|83.05|83.05|83.05|83.05|83.05|741533|83.05
2022-05-31T16:01:00|1654027260|83.05|83.05|83.05|83.05|83.05|676|83.05
2022-05-31T16:02:00|1654027320|83.05|83.05|83.05|83.05|83.05|204014|83.05
2022-05-31T16:03:00|1654027380|83.05|83.05|83.05|83.05|83.05|5119|83.05
2022-05-31T16:10:00|1654027800|83.46|83.46|83.46|83.46|83.46|100|83.46
2022-05-31T16:22:00|1654028520|83.05|83.05|83.05|83.05|83.05|83696|83.05
2022-05-31T16:25:00|1654028700|83.12|83.12|83.12|83.12|83.12|1000|83.12
2022-05-31T16:32:00|1654029120|83.05|83.05|83.05|83.05|83.05|482|83.05
2022-05-31T16:33:00|1654029180|83.05|83.05|83.05|83.05|83.05|639|83.05
2022-05-31T16:39:00|1654029540|83.05|83.05|83.05|83.05|83.05|1193|83.05
2022-05-31T17:30:00|1654032600|83.05|83.05|83.05|83.05|83.05|500|83.05
2022-05-31T17:50:00|1654033800|83.34|83.34|83.4|83.28|83.4|901|83.374251
2022-05-31T18:00:00|1654034400|83.5|83.5|83.5|83.5|83.5|110|83.5
2022-05-31T19:08:00|1654038480|83.51|83.51|83.51|83.51|83.51|1000|83.51
2022-05-31T19:25:00|1654039500|83.51|83.51|83.51|83.51|83.51|840|83.51
2022-05-31T19:30:00|1654039800|83.51|83.51|83.51|83.51|83.51|182|83.51
2022-05-31T19:35:00|1654040100|83.82|83.82|83.82|83.82|83.82|194|83.82
2022-05-31T19:41:00|1654040460|83.82|83.82|83.82|83.82|83.82|200|83.82
2022-06-01T05:10:00|1654074600|83.05|83.05|83.05|83.05|83.05|387|83.05
2022-06-01T07:00:00|1654081200|83.5|83.5|83.5|83.5|83.5|100|83.5
2022-06-01T08:29:00|1654086540|84.0|84.0|84.0|84.0|84.0|100|84.0
2022-06-01T08:47:00|1654087620|84.0|84.0|84.0|84.0|84.0|200|84.0
2022-06-01T08:49:00|1654087740|84.25|84.25|84.25|84.25|84.25|111|84.25
2022-06-01T08:52:00|1654087920|84.41|84.41|84.41|84.41|84.41|100|84.41
2022-06-01T08:55:00|1654088100|84.0|84.0|84.0|84.0|84.0|300|84.0
2022-06-01T09:01:00|1654088460|83.995|84.0|84.0|83.99|84.0|1492|83.99933
2022-06-01T09:05:00|1654088700|83.99|83.99|83.99|83.99|83.99|120|83.99
2022-06-01T09:08:00|1654088880|84.0|84.0|84.0|84.0|84.0|108|84.0
2022-06-01T09:11:00|1654089060|84.0|84.0|84.0|84.0|84.0|100|84.0
2022-06-01T09:12:00|1654089120|84.0|84.0|84.0|84.0|84.0|100|84.0
2022-06-01T09:13:00|1654089180|84.0|84.0|84.0|84.0|84.0|400|84.0
2022-06-01T09:14:00|1654089240|84.0|84.0|84.0|84.0|84.0|100|84.0
2022-06-01T09:17:00|1654089420|84.0|84.0|84.0|84.0|84.0|100|84.0
2022-06-01T09:20:00|1654089600|84.35|84.35|84.35|84.35|84.35|100|84.35
2022-06-01T09:21:00|1654089660|84.0|84.0|84.0|84.0|84.0|100|84.0
2022-06-01T09:25:00|1654089900|84.715|84.43|85.0|84.43|85.0|1600|84.896875
2022-06-01T09:27:00|1654090020|85.215|85.21|85.22|85.21|85.22|300|85.216667
2022-06-01T09:28:00|1654090080|84.78|84.78|84.78|84.78|84.78|708|84.78
2022-06-01T09:29:00|1654090140|84.78|84.78|84.78|84.78|84.78|429|84.78
2022-06-01T09:30:00|1654090200|84.20745|84.43|84.8649|83.55|84.74|46272|84.30383
2022-06-01T09:31:00|1654090260|85.32499999999999|84.8|85.99|84.66|85.31|12916|85.189042
2022-06-01T09:32:00|1654090320|85.205|85.18|85.64|84.77|85.64|3965|85.129279
2022-06-01T09:33:00|1654090380|85.555|85.34|85.81|85.3|85.32|9890|85.4453125
2022-06-01T09:34:00|1654090440|85.66499999999999|85.325|86.01|85.32|86.01|19181|85.658932
2022-06-01T09:35:00|1654090500|85.845|85.88|86.3|85.39|85.39|8957|85.985443
2022-06-01T09:36:00|1654090560|85.49000000000001|85.15|85.83|85.15|85.35|6840|85.544913
2022-06-01T09:37:00|1654090620|85.65|85.32|86.01|85.29|86.01|9200|85.642732
2022-06-01T09:38:00|1654090680|86.02000000000001|85.9|86.26|85.78|86.0|15636|85.994201
2022-06-01T09:39:00|1654090740|85.9354|85.97|86.16|85.7108|86.0506|10247|85.9739
2022-06-01T09:40:00|1654090800|85.975|86.0|86.11|85.84|85.93|3570|85.961636
2022-06-01T09:41:00|1654090860|86.235|85.97|86.5|85.97|86.415|2254|86.20911
2022-06-01T09:42:00|1654090920|86.445|86.63|86.66|86.23|86.23|2478|86.553455
2022-06-01T09:43:00|1654090980|86.115|86.23|86.24|85.99|86.12|3050|86.136721
2022-06-01T09:44:00|1654091040|86.32|86.3|86.49|86.15|86.165|5200|86.285587
2022-06-01T09:45:00|1654091100|86.05|86.175|86.25|85.85|86.1|5758|86.063563
2022-06-01T09:46:00|1654091160|86.37414999999999|86.18|86.57|86.1783|86.5|56174|86.312022
2022-06-01T09:47:00|1654091220|86.72475|86.72|86.8195|86.63|86.74|9624|86.740492
2022-06-01T09:48:00|1654091280|86.575|86.63|86.76|86.39|86.76|5147|86.577758
2022-06-01T09:49:00|1654091340|86.4525|86.61|86.675|86.23|86.3|7301|86.470673
2022-06-01T09:50:00|1654091400|86.41|86.28|86.55|86.27|86.42|4230|86.409986
2022-06-01T09:51:00|1654091460|86.35|86.4|86.5|86.2|86.5|5784|86.345458
2022-06-01T09:52:00|1654091520|86.51705|86.545|86.6241|86.41|86.5|6000|86.550053
2022-06-01T09:53:00|1654091580|86.4025|86.35|86.515|86.29|86.34|6827|86.350842
2022-06-01T09:54:00|1654091640|86.465|86.345|86.7|86.23|86.62|28500|86.628464
2022-06-01T09:55:00|1654091700|86.64500000000001|86.61|86.75|86.54|86.67|4926|86.608727
2022-06-01T09:56:00|1654091760|86.86500000000001|86.7171|87.11|86.62|87.11|10722|86.92314
2022-06-01T09:57:00|1654091820|87.07499999999999|87.05|87.19|86.96|87.0025|11593|87.022346
2022-06-01T09:58:00|1654091880|87.155|87.005|87.33|86.98|87.31|19876|87.052982
2022-06-01T09:59:00|1654091940|87.345|87.12|87.57|87.12|87.57|5741|87.420308
2022-06-01T10:00:00|1654092000|87.0975|87.535|87.535|86.66|86.88|12484|87.089044
2022-06-01T10:01:00|1654092060|86.93|86.805|87.14|86.72|87.1|5586|86.956581
2022-06-01T10:02:00|1654092120|87.225|87.11|87.34|87.11|87.19|6724|87.198327
2022-06-01T10:03:00|1654092180|87.0517|87.1946|87.1946|86.9088|87.02|10245|87.007461
2022-06-01T10:04:00|1654092240|86.85249999999999|87.0|87.0|86.705|86.87|5498|86.935192
2022-06-01T10:05:00|1654092300|86.6779|86.905|86.905|86.4508|86.66|3444|86.675347
2022-06-01T10:06:00|1654092360|86.3575|86.545|86.545|86.17|86.45|7996|86.294059
2022-06-01T10:07:00|1654092420|86.375|86.45|86.5|86.25|86.5|26212|86.403495
2022-06-01T10:08:00|1654092480|86.36675|86.47|86.575|86.1585|86.1585|7896|86.290708
2022-06-01T10:09:00|1654092540|86.15129999999999|86.15|86.2526|86.05|86.21|4103|86.104461
2022-06-01T10:10:00|1654092600|86.27875|86.18|86.44|86.1175|86.41|6444|86.265557
2022-06-01T10:11:00|1654092660|86.4125|86.37|86.655|86.17|86.17|13791|86.410482
2022-06-01T10:12:00|1654092720|85.845|85.9|86.06|85.63|85.63|3225|85.813167
2022-06-01T10:13:00|1654092780|85.5375|85.57|85.635|85.44|85.5|3900|85.524436
2022-06-01T10:14:00|1654092840|85.645|85.5|85.8|85.49|85.705|5550|85.688636
2022-06-01T10:15:00|1654092900|85.53999999999999|85.66|85.66|85.42|85.46|5533|85.509386
2022-06-01T10:16:00|1654092960|85.235|85.42|85.42|85.05|85.05|1397|85.200351
2022-06-01T10:17:00|1654093020|85.0075|85.09|85.09|84.925|84.9944|3174|84.991509
2022-06-01T10:18:00|1654093080|85.06|85.08|85.2|84.92|85.0|7290|85.056215
2022-06-01T10:19:00|1654093140|84.825|85.04|85.04|84.61|84.61|1833|84.774029
2022-06-01T10:20:00|1654093200|84.84|84.62|85.06|84.62|85.06|4404|84.918999
2022-06-01T10:21:00|1654093260|85.145|85.09|85.27|85.02|85.22|6300|85.106667
2022-06-01T10:22:00|1654093320|85.22|85.27|85.31|85.13|85.13|4625|85.210969
2022-06-01T10:23:00|1654093380|85.11|85.11|85.17|85.05|85.13|1041|85.127512
2022-06-01T10:24:00|1654093440|85.02000000000001|85.06|85.15|84.89|84.9|2100|85.0224
2022-06-01T10:25:00|1654093500|85.0|84.94|85.06|84.94|84.98|501|84.993104
2022-06-01T10:26:00|1654093560|84.7825|85.01|85.01|84.555|84.555|8312|84.879557
2022-06-01T10:27:00|1654093620|84.8475|84.75|84.945|84.75|84.8|4884|84.859255
2022-06-01T10:28:00|1654093680|84.725|84.8|84.83|84.62|84.6997|10530|84.720821
2022-06-01T10:29:00|1654093740|84.62|84.53|84.78|84.46|84.66|2997|84.632456
2022-06-01T10:30:00|1654093800|84.77000000000001|84.61|85.03|84.51|84.95|4638|84.826647
2022-06-01T10:31:00|1654093860|84.845|84.88|84.97|84.72|84.74|4200|84.876502
2022-06-01T10:32:00|1654093920|84.58250000000001|84.68|84.7|84.465|84.465|3452|84.636912
2022-06-01T10:33:00|1654093980|84.42500000000001|84.54|84.54|84.31|84.48|3301|84.417782
2022-06-01T10:34:00|1654094040|84.3945|84.489|84.489|84.3|84.3|4434|84.463183
2022-06-01T10:35:00|1654094100|84.14|84.27|84.27|84.01|84.14|7613|84.135823
2022-06-01T10:36:00|1654094160|84.06|84.1|84.13|83.99|84.13|1803|84.037438
2022-06-01T10:37:00|1654094220|84.11505|84.17|84.22|84.0101|84.17|4209|84.133321
2022-06-01T10:38:00|1654094280|84.2975|84.22|84.39|84.205|84.34|3539|84.322237
2022-06-01T10:39:00|1654094340|84.36|84.22|84.5|84.22|84.49|3168|84.391521
2022-06-01T10:40:00|1654094400|84.58250000000001|84.5|84.665|84.5|84.58|4005|84.616567
2022-06-01T10:41:00|1654094460|84.6825|84.555|84.81|84.555|84.77|2978|84.662827
2022-06-01T10:42:00|1654094520|84.74000000000001|84.81|84.9|84.58|84.79|6458|84.735491
2022-06-01T10:43:00|1654094580|84.88499999999999|84.89|85.07|84.7|85.07|4713|84.906771
2022-06-01T10:44:00|1654094640|84.99115|85.0452|85.06|84.9223|84.985|4753|84.994681
2022-06-01T10:45:00|1654094700|85.015|84.95|85.08|84.95|85.0|2057|85.028736
2022-06-01T10:46:00|1654094760|84.97|84.96|85.02|84.92|84.94|1900|84.976842
2022-06-01T10:47:00|1654094820|85.065|84.945|85.21|84.92|85.005|6922|85.116017
2022-06-01T10:48:00|1654094880|85.0|85.0|85.05|84.95|84.95|1720|85.014005
2022-06-01T10:49:00|1654094940|84.88499999999999|84.94|85.0|84.77|84.81|3637|84.863503
2022-06-01T10:50:00|1654095000|84.78999999999999|84.79|84.95|84.63|84.95|10555|84.736286
2022-06-01T10:51:00|1654095060|84.9458|84.95|85.12|84.7716|85.12|2600|84.968852
2022-06-01T10:52:00|1654095120|85.275|85.19|85.38|85.17|85.38|6406|85.266725
2022-06-01T10:53:00|1654095180|85.44|85.38|85.53|85.35|85.4894|3527|85.448928
2022-06-01T10:54:00|1654095240|85.745|85.59|85.9|85.59|85.9|5402|85.748086
2022-06-01T10:55:00|1654095300|85.91|85.86|86.04|85.78|86.04|2708|85.951366
2022-06-01T10:56:00|1654095360|85.9776|85.95|86.0652|85.89|86.005|3683|85.985398
2022-06-01T10:57:00|1654095420|85.9025|85.97|85.995|85.81|85.87|1822|85.91494
2022-06-01T10:58:00|1654095480|85.78999999999999|85.82|85.83|85.75|85.83|1300|85.792308
2022-06-01T10:59:00|1654095540|85.8|85.83|85.85|85.75|85.755|6546|85.795083
2022-06-01T11:00:00|1654095600|85.565|85.7|85.8|85.33|85.33|10708|85.520616
2022-06-01T11:01:00|1654095660|85.275|85.45|85.45|85.1|85.1|2538|85.323459
2022-06-01T11:02:00|1654095720|84.995|85.03|85.08|84.91|85.01|3020|85.000238
2022-06-01T11:03:00|1654095780|85.14|85.04|85.27|85.01|85.26|4933|85.109557
2022-06-01T11:04:00|1654095840|85.33500000000001|85.22|85.45|85.22|85.28|700|85.303571
2022-06-01T11:05:00|1654095900|85.3472|85.1544|85.54|85.1544|85.54|1019|85.326549
2022-06-01T11:06:00|1654095960|85.47|85.47|85.47|85.47|85.47|200|85.47
2022-06-01T11:07:00|1654096020|85.28999999999999|85.3454|85.37|85.21|85.21|2860|85.281846
2022-06-01T11:08:00|1654096080|85.305|85.25|85.4|85.21|85.36|1099|85.308098
2022-06-01T11:09:00|1654096140|85.3325|85.47|85.47|85.195|85.2|2600|85.234265
2022-06-01T11:10:00|1654096200|85.16499999999999|85.2|85.23|85.1|85.23|1300|85.184738
2022-06-01T11:11:00|1654096260|85.16|85.2|85.26|85.06|85.14|1501|85.147995
2022-06-01T11:12:00|1654096320|85.185|85.23|85.29|85.08|85.08|2300|85.19043
2022-06-01T11:13:00|1654096380|85.03999999999999|85.05|85.14|84.94|84.94|2250|85.061055
2022-06-01T11:14:00|1654096440|84.875|84.95|84.95|84.8|84.8|2740|84.889617
2022-06-01T11:15:00|1654096500|84.7056|84.8|84.8512|84.56|84.66|3075|84.74236
2022-06-01T11:16:00|1654096560|84.555|84.59|84.69|84.42|84.42|2686|84.615324
2022-06-01T11:17:00|1654096620|84.33|84.4|84.42|84.24|84.24|1300|84.31
2022-06-01T11:18:00|1654096680|84.285|84.32|84.32|84.25|84.25|300|84.296667
2022-06-01T11:19:00|1654096740|84.37|84.4032|84.44|84.3|84.33|1510|84.338894
2022-06-01T11:20:00|1654096800|84.21000000000001|84.3|84.3|84.12|84.15|1480|84.232432
2022-06-01T11:21:00|1654096860|84.03999999999999|84.08|84.08|84.0|84.0|700|84.031429
2022-06-01T11:22:00|1654096920|83.875|83.93|83.95|83.8|83.8|1425|83.913823
2022-06-01T11:23:00|1654096980|83.7425|83.8|83.81|83.675|83.6999|1960|83.741427
2022-06-01T11:24:00|1654097040|83.66499999999999|83.65|83.72|83.61|83.72|1376|83.669266
2022-06-01T11:25:00|1654097100|83.69|83.73|83.77|83.61|83.755|2161|83.679149
2022-06-01T11:26:00|1654097160|83.725|83.75|83.75|83.7|83.73|1666|83.708103
2022-06-01T11:27:00|1654097220|83.7525|83.75|83.79|83.715|83.79|806|83.752779
2022-06-01T11:28:00|1654097280|83.895|83.74|84.05|83.74|83.99|2540|83.91115
2022-06-01T11:29:00|1654097340|83.9325|84.025|84.025|83.84|83.915|2140|83.921215
2022-06-01T11:30:00|1654097400|83.805|83.86|83.89|83.72|83.81|4393|83.821962
2022-06-01T11:31:00|1654097460|83.77000000000001|83.85|83.9|83.64|83.7|4180|83.757129
2022-06-01T11:32:00|1654097520|83.73750000000001|83.8|83.825|83.65|83.715|1201|83.72
2022-06-01T11:33:00|1654097580|83.7425|83.735|83.84|83.645|83.645|12367|83.75467
2022-06-01T11:34:00|1654097640|83.6775|83.66|83.71|83.645|83.665|1829|83.66977
2022-06-01T11:35:00|1654097700|83.52250000000001|83.66|83.66|83.385|83.45|7579|83.518816
2022-06-01T11:36:00|1654097760|83.3025|83.445|83.445|83.16|83.235|2379|83.335918
2022-06-01T11:37:00|1654097820|83.315|83.31|83.32|83.31|83.32|775|83.316129
2022-06-01T11:38:00|1654097880|83.3|83.31|83.36|83.24|83.35|2350|83.301915
2022-06-01T11:39:00|1654097940|83.35565|83.34|83.4057|83.3056|83.405|2500|83.377704
2022-06-01T11:40:00|1654098000|83.385|83.36|83.43|83.34|83.36|1905|83.368194
2022-06-01T11:41:00|1654098060|83.39500000000001|83.42|83.45|83.34|83.35|5633|83.374138
2022-06-01T11:42:00|1654098120|83.3|83.35|83.35|83.25|83.31|5491|83.304282
2022-06-01T11:43:00|1654098180|83.305|83.28|83.36|83.25|83.32|1400|83.309286
2022-06-01T11:44:00|1654098240|83.2925|83.32|83.325|83.26|83.26|1000|83.293
2022-06-01T11:45:00|1654098300|83.245|83.215|83.34|83.15|83.34|2000|83.24125
2022-06-01T11:46:00|1654098360|83.495|83.3948|83.62|83.37|83.6|4644|83.529232
2022-06-01T11:47:00|1654098420|83.69999999999999|83.6|83.8|83.6|83.74|6456|83.68404
2022-06-01T11:48:00|1654098480|83.77|83.74|83.82|83.72|83.82|3425|83.747956
2022-06-01T11:49:00|1654098540|83.735|83.7706|83.82|83.65|83.65|5800|83.713384
2022-06-01T11:50:00|1654098600|83.47999999999999|83.5485|83.55|83.41|83.42|1300|83.488038
2022-06-01T11:51:00|1654098660|83.375|83.42|83.42|83.33|83.38|818|83.38577
2022-06-01T11:52:00|1654098720|83.45|83.37|83.53|83.37|83.46|1360|83.449485
2022-06-01T11:53:00|1654098780|83.38749999999999|83.44|83.44|83.335|83.38|1100|83.364545
2022-06-01T11:54:00|1654098840|83.5305|83.51|83.581|83.48|83.54|800|83.539
2022-06-01T11:55:00|1654098900|83.535|83.52|83.6|83.47|83.47|800|83.52875
2022-06-01T11:56:00|1654098960|83.5058|83.5416|83.5416|83.47|83.47|200|83.5058
2022-06-01T11:57:00|1654099020|83.39750000000001|83.41|83.45|83.345|83.37|1500|83.3805
2022-06-01T11:58:00|1654099080|83.32|83.44|83.44|83.2|83.2|2250|83.285444
2022-06-01T11:59:00|1654099140|83.19|83.1625|83.24|83.14|83.15|1800|83.202361
2022-06-01T12:00:00|1654099200|83.1625|83.16|83.215|83.11|83.11|3265|83.164646
2022-06-01T12:01:00|1654099260|82.995|83.08|83.08|82.91|82.91|2180|82.993472
2022-06-01T12:02:00|1654099320|82.95500000000001|82.9|83.04|82.87|83.04|3297|82.931529
2022-06-01T12:03:00|1654099380|82.89|82.99|83.0|82.78|82.78|2749|82.910178
2022-06-01T12:04:00|1654099440|82.71855|82.7771|82.7771|82.66|82.67|1120|82.699866
2022-06-01T12:05:00|1654099500|82.825|82.72|82.98|82.67|82.98|3886|82.820785
2022-06-01T12:06:00|1654099560|82.985|82.92|83.05|82.92|83.01|2065|82.984391
2022-06-01T12:07:00|1654099620|83.075|83.01|83.14|83.01|83.13|1802|83.09444
2022-06-01T12:08:00|1654099680|83.08955|83.13|83.1891|82.99|82.99|1719|83.1333
2022-06-01T12:09:00|1654099740|82.96195|82.985|82.99|82.9339|82.9339|300|82.969633
2022-06-01T12:10:00|1654099800|82.74000000000001|82.92|82.92|82.56|82.56|2250|82.77336
2022-06-01T12:11:00|1654099860|82.64955|82.64|82.6691|82.63|82.63|1139|82.64848
2022-06-01T12:12:00|1654099920|82.555|82.6|82.6|82.51|82.53|801|82.560499
2022-06-01T12:13:00|1654099980|82.715|82.61|82.82|82.61|82.82|1521|82.756456
2022-06-01T12:14:00|1654100040|82.91999999999999|82.85|82.99|82.85|82.99|800|82.89375
2022-06-01T12:15:00|1654100100|83.19|83.03|83.35|83.03|83.35|2400|83.223125
2022-06-01T12:16:00|1654100160|83.4925|83.48|83.61|83.375|83.61|2735|83.471066
2022-06-01T12:17:00|1654100220|83.47999999999999|83.54|83.6|83.36|83.42|7661|83.498466
2022-06-01T12:18:00|1654100280|83.33|83.41|83.41|83.25|83.25|2449|83.328779
2022-06-01T12:19:00|1654100340|83.25999999999999|83.235|83.35|83.17|83.35|1867|83.234071
2022-06-01T12:20:00|1654100400|83.31|83.29|83.34|83.28|83.33|500|83.304
2022-06-01T12:21:00|1654100460|83.275|83.33|83.33|83.22|83.22|400|83.2625
2022-06-01T12:22:00|1654100520|83.2375|83.175|83.3|83.175|83.3|300|83.225
2022-06-01T12:23:00|1654100580|83.34049999999999|83.34|83.371|83.31|83.371|900|83.348556
2022-06-01T12:24:00|1654100640|83.33|83.365|83.365|83.295|83.34|600|83.318333
2022-06-01T12:25:00|1654100700|83.35|83.3753|83.39|83.31|83.31|5789|83.371689
2022-06-01T12:26:00|1654100760|83.25|83.29|83.29|83.21|83.245|3685|83.22924
2022-06-01T12:27:00|1654100820|83.16|83.23|83.23|83.09|83.09|2530|83.158474
2022-06-01T12:28:00|1654100880|83.015|83.05|83.05|82.98|82.98|300|83.003333
2022-06-01T12:29:00|1654100940|82.8675|82.975|82.975|82.76|82.76|1619|82.849438
2022-06-01T12:30:00|1654101000|82.785|82.68|82.89|82.68|82.89|500|82.804
2022-06-01T12:31:00|1654101060|82.905|82.89|82.98|82.83|82.98|2400|82.935417
2022-06-01T12:32:00|1654101120|83.03999999999999|82.96|83.12|82.96|83.12|6361|83.057066
2022-06-01T12:33:00|1654101180|83.12|83.15|83.19|83.05|83.05|1600|83.138875
2022-06-01T12:34:00|1654101240|83.05250000000001|83.0999|83.11|82.995|83.11|2503|83.014834
2022-06-01T12:35:00|1654101300|83.1|83.1457|83.15|83.05|83.12|1988|83.091742
2022-06-01T12:36:00|1654101360|83.10499999999999|83.14|83.14|83.07|83.0874|700|83.092814
2022-06-01T12:37:00|1654101420|83.0625|83.05|83.12|83.005|83.0399|4617|83.067929
2022-06-01T12:38:00|1654101480|82.89|82.98|83.01|82.77|82.85|5295|82.862312
2022-06-01T12:39:00|1654101540|82.86|82.89|82.89|82.83|82.87|500|82.8543
2022-06-01T12:40:00|1654101600|82.83|82.8|82.86|82.8|82.86|300|82.823333
2022-06-01T12:41:00|1654101660|82.8075|82.81|82.85|82.765|82.8|2402|82.802997
2022-06-01T12:42:00|1654101720|82.7525|82.785|82.785|82.72|82.76|2200|82.755823
2022-06-01T12:43:00|1654101780|82.83000000000001|82.76|82.9|82.76|82.88|2616|82.812844
2022-06-01T12:44:00|1654101840|82.765|82.84|82.84|82.69|82.69|1050|82.748333
2022-06-01T12:45:00|1654101900|82.6728|82.655|82.7206|82.625|82.7|1500|82.682533
2022-06-01T12:46:00|1654101960|82.75505|82.76|82.8|82.7101|82.765|1200|82.757508
2022-06-01T12:47:00|1654102020|82.69|82.72|82.74|82.64|82.68|3293|82.68857
2022-06-01T12:48:00|1654102080|82.475|82.63|82.63|82.32|82.33|3883|82.471723
2022-06-01T12:49:00|1654102140|82.42949999999999|82.36|82.509|82.35|82.509|2000|82.42955
2022-06-01T12:50:00|1654102200|82.5175|82.55|82.615|82.42|82.4999|1840|82.53675
2022-06-01T12:51:00|1654102260|82.405|82.43|82.44|82.37|82.44|500|82.422
2022-06-01T12:52:00|1654102320|82.62|82.49|82.75|82.49|82.75|3450|82.61029
2022-06-01T12:53:00|1654102380|82.67|82.71|82.72|82.62|82.67|1657|82.682414
2022-06-01T12:54:00|1654102440|82.88|82.86|82.9|82.86|82.9|500|82.882
2022-06-01T12:55:00|1654102500|82.905|82.97|82.97|82.84|82.9|1500|82.887667
2022-06-01T12:56:00|1654102560|83.005|82.97|83.05|82.96|83.03|1002|83.012495
2022-06-01T12:57:00|1654102620|83.06|83.02|83.1|83.02|83.09|900|83.045556
2022-06-01T12:58:00|1654102680|83.015|82.99|83.08|82.95|83.08|900|83.015
2022-06-01T12:59:00|1654102740|83.03999999999999|83.0|83.1|82.98|83.1|2102|83.006161
2022-06-01T13:00:00|1654102800|83.11|83.08|83.17|83.05|83.17|900|83.094444
2022-06-01T13:01:00|1654102860|83.28|83.27|83.34|83.22|83.27|3400|83.260588
2022-06-01T13:02:00|1654102920|83.255|83.27|83.27|83.24|83.24|438|83.251735
2022-06-01T13:03:00|1654102980|83.1875|83.19|83.225|83.15|83.17|1200|83.175417
2022-06-01T13:04:00|1654103040|83.1575|83.205|83.205|83.11|83.11|995|83.161849
2022-06-01T13:05:00|1654103100|83.13|83.13|83.15|83.11|83.14|700|83.131429
2022-06-01T13:06:00|1654103160|83.125|83.145|83.19|83.06|83.11|4988|83.127151
2022-06-01T13:07:00|1654103220|83.11500000000001|83.11|83.2|83.03|83.2|1450|83.103966
2022-06-01T13:08:00|1654103280|83.20500000000001|83.24|83.29|83.12|83.12|21600|83.264444
2022-06-01T13:09:00|1654103340|83.2132|83.1388|83.29|83.1364|83.29|745|83.19053
2022-06-01T13:10:00|1654103400|83.36500000000001|83.28|83.48|83.25|83.48|1470|83.383605
2022-06-01T13:11:00|1654103460|83.575|83.56|83.59|83.56|83.59|200|83.575
2022-06-01T13:12:00|1654103520|83.45500000000001|83.54|83.54|83.37|83.45|10684|83.441349
2022-06-01T13:13:00|1654103580|83.44|83.43|83.49|83.39|83.49|4300|83.444535
2022-06-01T13:14:00|1654103640|83.3425|83.415|83.415|83.27|83.27|1278|83.339431
2022-06-01T13:15:00|1654103700|83.34|83.33|83.4|83.28|83.365|3445|83.317279
2022-06-01T13:16:00|1654103760|83.33500000000001|83.41|83.42|83.25|83.25|1363|83.342953
2022-06-01T13:17:00|1654103820|83.27250000000001|83.24|83.305|83.24|83.305|4477|83.274779
2022-06-01T13:18:00|1654103880|83.20824999999999|83.24|83.24|83.1765|83.195|1412|83.208652
2022-06-01T13:19:00|1654103940|83.235|83.28|83.28|83.19|83.19|1243|83.212872
2022-06-01T13:20:00|1654104000|83.19|83.19|83.21|83.17|83.21|304|83.190263
2022-06-01T13:21:00|1654104060|83.28|83.26|83.35|83.21|83.29|1500|83.278667
2022-06-01T13:22:00|1654104120|83.15|83.25|83.25|83.05|83.08|2671|83.14064
2022-06-01T13:23:00|1654104180|83.03999999999999|83.08|83.08|83.0|83.0|5634|83.005261
2022-06-01T13:24:00|1654104240|83.03|82.98|83.08|82.98|83.06|3809|83.041233
2022-06-01T13:25:00|1654104300|83.09|83.08|83.11|83.07|83.11|1400|83.090714
2022-06-01T13:26:00|1654104360|83.07|83.14|83.14|83.0|83.07|5297|83.057072
2022-06-01T13:27:00|1654104420|83.10499999999999|83.075|83.19|83.02|83.19|1500|83.095667
2022-06-01T13:28:00|1654104480|83.16499999999999|83.23|83.23|83.1|83.1|2405|83.113825
2022-06-01T13:29:00|1654104540|83.1875|83.215|83.215|83.16|83.16|1202|83.176589
2022-06-01T13:30:00|1654104600|83.0875|83.14|83.17|83.005|83.005|2300|83.099565
2022-06-01T13:31:00|1654104660|82.9525|82.94|82.975|82.93|82.96|700|82.949286
2022-06-01T13:32:00|1654104720|82.89500000000001|82.85|82.98|82.81|82.97|1208|82.894735
2022-06-01T13:33:00|1654104780|82.97|82.97|82.97|82.97|82.97|200|82.97
2022-06-01T13:34:00|1654104840|83.1|82.99|83.21|82.99|83.21|904|83.116106
2022-06-01T13:35:00|1654104900|83.255|83.18|83.39|83.12|83.37|3732|83.338114
2022-06-01T13:36:00|1654104960|83.445|83.395|83.5|83.39|83.415|1102|83.415082
2022-06-01T13:37:00|1654105020|83.4425|83.42|83.52|83.365|83.52|2174|83.440439
2022-06-01T13:38:00|1654105080|83.66|83.57|83.75|83.57|83.695|4131|83.68449
2022-06-01T13:39:00|1654105140|83.695|83.71|83.75|83.64|83.6659|1500|83.687673
2022-06-01T13:40:00|1654105200|83.72|83.7|83.77|83.67|83.77|1000|83.699
2022-06-01T13:41:00|1654105260|83.68|83.7366|83.77|83.59|83.605|2140|83.667668
2022-06-01T13:42:00|1654105320|83.56945|83.5489|83.59|83.5489|83.57|749|83.573858
2022-06-01T13:43:00|1654105380|83.65415|83.6883|83.6883|83.62|83.62|300|83.652767
2022-06-01T13:44:00|1654105440|83.61|83.605|83.67|83.55|83.645|1100|83.602273
2022-06-01T13:45:00|1654105500|83.64500000000001|83.69|83.7|83.59|83.655|2200|83.672955
2022-06-01T13:46:00|1654105560|83.6175|83.61|83.65|83.585|83.6486|1990|83.61211
2022-06-01T13:47:00|1654105620|83.70750000000001|83.635|83.78|83.635|83.77|2071|83.722134
2022-06-01T13:48:00|1654105680|83.64|83.715|83.72|83.56|83.61|3922|83.644248
2022-06-01T13:49:00|1654105740|83.56|83.55|83.62|83.5|83.62|1106|83.568418
2022-06-01T13:50:00|1654105800|83.66999999999999|83.65|83.74|83.6|83.74|1040|83.678613
2022-06-01T13:51:00|1654105860|83.68|83.73|83.76|83.6|83.64|2800|83.672857
2022-06-01T13:52:00|1654105920|83.62|83.64|83.66|83.58|83.6|700|83.624286
2022-06-01T13:53:00|1654105980|83.6045|83.6045|83.6045|83.6045|83.6045|148|83.6045
2022-06-01T13:54:00|1654106040|83.5075|83.565|83.565|83.45|83.46|2250|83.500222
2022-06-01T13:55:00|1654106100|83.6325|83.62|83.68|83.585|83.68|500|83.633
2022-06-01T13:56:00|1654106160|83.725|83.7|83.75|83.7|83.73|2500|83.72806
2022-06-01T13:57:00|1654106220|83.83250000000001|83.77|83.935|83.73|83.935|2226|83.820845
2022-06-01T13:58:00|1654106280|84.12|83.95|84.29|83.95|84.075|15201|84.155371
2022-06-01T13:59:00|1654106340|84.11|84.1|84.17|84.05|84.065|3964|84.103842
2022-06-01T14:00:00|1654106400|84.1225|84.12|84.215|84.03|84.03|4923|84.145044
2022-06-01T14:01:00|1654106460|84.025|84.045|84.06|83.99|84.01|900|84.025
2022-06-01T14:02:00|1654106520|83.93|84.0|84.03|83.83|83.83|1821|83.949841
2022-06-01T14:03:00|1654106580|83.91|83.965|83.99|83.83|83.99|2738|83.921717
2022-06-01T14:04:00|1654106640|84.03999999999999|84.015|84.1|83.98|84.08|1500|84.037333
2022-06-01T14:05:00|1654106700|84.14|84.08|84.2|84.08|84.2|800|84.12
2022-06-01T14:06:00|1654106760|84.095|84.2|84.23|83.96|84.02|2380|84.117708
2022-06-01T14:07:00|1654106820|83.905|83.97|83.97|83.84|83.88|1800|83.856667
2022-06-01T14:08:00|1654106880|83.8925|83.87|83.935|83.85|83.88|1915|83.883039
2022-06-01T14:09:00|1654106940|83.925|83.85|84.0|83.85|83.97|1800|83.887722
2022-06-01T14:10:00|1654107000|84.1171|84.02|84.2142|84.02|84.17|5487|84.14695
2022-06-01T14:11:00|1654107060|84.08500000000001|84.16|84.16|84.01|84.12|3888|84.068169
2022-06-01T14:12:00|1654107120|84.19|84.05|84.33|84.05|84.32|11196|84.25562
2022-06-01T14:13:00|1654107180|84.35|84.32|84.43|84.27|84.43|1706|84.341389
2022-06-01T14:14:00|1654107240|84.47|84.495|84.505|84.435|84.465|2139|84.465428
2022-06-01T14:15:00|1654107300|84.5|84.41|84.59|84.41|84.585|4099|84.507473
2022-06-01T14:16:00|1654107360|84.545|84.57|84.65|84.44|84.57|1647|84.557445
2022-06-01T14:17:00|1654107420|84.47999999999999|84.52|84.52|84.44|84.44|620|84.470806
2022-06-01T14:18:00|1654107480|84.31|84.35|84.37|84.25|84.25|2837|84.280173
2022-06-01T14:19:00|1654107540|84.215|84.25|84.29|84.14|84.29|2598|84.185152
2022-06-01T14:20:00|1654107600|84.345|84.26|84.43|84.26|84.395|1800|84.330833
2022-06-01T14:21:00|1654107660|84.4125|84.335|84.49|84.335|84.44|1400|84.413929
2022-06-01T14:22:00|1654107720|84.58|84.52|84.675|84.485|84.655|1686|84.572752
2022-06-01T14:23:00|1654107780|84.85499999999999|84.74|85.0|84.71|84.97|7543|84.92006
2022-06-01T14:24:00|1654107840|84.94210000000001|84.97|84.9992|84.885|84.96|2407|84.957277
2022-06-01T14:25:00|1654107900|84.985|84.93|85.06|84.91|85.0425|1383|85.005965
2022-06-01T14:26:00|1654107960|85.055|85.1|85.1|85.01|85.01|2400|85.070208
2022-06-01T14:27:00|1654108020|85.03999999999999|85.0|85.09|84.99|85.09|2668|85.03429
2022-06-01T14:28:00|1654108080|85.0275|85.09|85.1|84.955|84.955|4637|84.988501
2022-06-01T14:29:00|1654108140|84.97|84.94|85.02|84.92|84.97|1556|84.959229
2022-06-01T14:30:00|1654108200|85.07|85.08|85.09|85.05|85.05|1900|85.065326
2022-06-01T14:31:00|1654108260|85.03999999999999|85.055|85.07|85.01|85.041|1313|85.047746
2022-06-01T14:32:00|1654108320|84.995|85.01|85.05|84.94|84.97|3032|85.003156
2022-06-01T14:33:00|1654108380|85.00999999999999|84.975|85.045|84.975|84.98|3125|85.00536
2022-06-01T14:34:00|1654108440|85.0|84.99|85.02|84.98|84.995|1498|85.00536
2022-06-01T14:35:00|1654108500|85.01499999999999|85.035|85.07|84.96|84.96|1000|85.00451
2022-06-01T14:36:00|1654108560|84.995|84.94|85.05|84.94|85.02|2933|84.979662
2022-06-01T14:37:00|1654108620|85.17|85.0|85.34|85.0|85.19|42602|85.158638
2022-06-01T14:38:00|1654108680|85.265|85.22|85.31|85.22|85.27|800|85.251563
2022-06-01T14:39:00|1654108740|85.19705|85.26|85.26|85.1341|85.1341|3748|85.206385
2022-06-01T14:40:00|1654108800|85.145|85.16|85.19|85.1|85.19|600|85.135133
2022-06-01T14:41:00|1654108860|85.20750000000001|85.215|85.25|85.165|85.25|1096|85.215328
2022-06-01T14:42:00|1654108920|85.27|85.24|85.3|85.24|85.3|800|85.26125
2022-06-01T14:43:00|1654108980|85.355|85.34|85.4|85.31|85.4|1807|85.336403
2022-06-01T14:44:00|1654109040|85.4325|85.43|85.505|85.36|85.505|3040|85.40148
2022-06-01T14:45:00|1654109100|85.475|85.55|85.55|85.4|85.4|1921|85.436163
2022-06-01T14:46:00|1654109160|85.375|85.43|85.43|85.32|85.35|1522|85.366163
2022-06-01T14:47:00|1654109220|85.45994999999999|85.44|85.4999|85.42|85.42|1339|85.438063
2022-06-01T14:48:00|1654109280|85.34495|85.332|85.3699|85.32|85.32|1130|85.353347
2022-06-01T14:49:00|1654109340|85.325|85.3|85.36|85.29|85.33|2638|85.336357
2022-06-01T14:50:00|1654109400|85.22999999999999|85.32|85.32|85.14|85.18|2011|85.225052
2022-06-01T14:51:00|1654109460|85.12|85.14|85.2|85.04|85.17|3133|85.139729
2022-06-01T14:52:00|1654109520|85.16499999999999|85.135|85.23|85.1|85.215|2480|85.150605
2022-06-01T14:53:00|1654109580|85.185|85.24|85.25|85.12|85.13|1363|85.166045
2022-06-01T14:54:00|1654109640|85.1|85.1|85.1|85.1|85.1|300|85.1
2022-06-01T14:55:00|1654109700|85.2025|85.13|85.275|85.13|85.22|3206|85.220374
2022-06-01T14:56:00|1654109760|85.175|85.22|85.22|85.13|85.13|1400|85.175
2022-06-01T14:57:00|1654109820|85.025|85.1|85.1|84.95|84.97|4860|85.004279
2022-06-01T14:58:00|1654109880|85.025|85.02|85.06|84.99|85.06|2845|85.024786
2022-06-01T14:59:00|1654109940|85.055|85.07|85.1|85.01|85.02|3797|85.043746
2022-06-01T15:00:00|1654110000|85.035|85.08|85.1|84.97|85.04|1800|85.016806
2022-06-01T15:01:00|1654110060|85.08|85.03|85.13|85.03|85.09|1502|85.082663
2022-06-01T15:02:00|1654110120|85.08|85.1|85.13|85.03|85.055|3486|85.059716
2022-06-01T15:03:00|1654110180|84.83250000000001|85.03|85.03|84.635|84.635|26024|84.994324
2022-06-01T15:04:00|1654110240|84.71000000000001|84.63|84.79|84.63|84.79|2155|84.708988
2022-06-01T15:05:00|1654110300|84.895|84.85|84.94|84.85|84.88|2100|84.88131
2022-06-01T15:06:00|1654110360|84.965|84.91|85.02|84.91|85.01|1533|84.977926
2022-06-01T15:07:00|1654110420|84.99000000000001|84.99|85.01|84.97|84.97|802|84.992023
2022-06-01T15:08:00|1654110480|85.08500000000001|85.03|85.14|85.03|85.06|2547|85.081802
2022-06-01T15:09:00|1654110540|85.045|85.07|85.09|85.0|85.02|2177|85.042228
2022-06-01T15:10:00|1654110600|84.95750000000001|85.0|85.015|84.9|84.9|3874|84.953678
2022-06-01T15:11:00|1654110660|84.88499999999999|84.85|84.95|84.82|84.94|1200|84.89875
2022-06-01T15:12:00|1654110720|85.08500000000001|84.97|85.2|84.97|85.195|3500|85.064114
2022-06-01T15:13:00|1654110780|85.21000000000001|85.195|85.28|85.14|85.244|2018|85.199111
2022-06-01T15:14:00|1654110840|85.2926|85.2093|85.3759|85.2093|85.32|2100|85.305648
2022-06-01T15:15:00|1654110900|85.24459999999999|85.34|85.3492|85.14|85.205|4001|85.234966
2022-06-01T15:16:00|1654110960|85.31|85.26|85.36|85.26|85.28|2857|85.322685
2022-06-01T15:17:00|1654111020|85.38|85.33|85.45|85.31|85.31|7195|85.355834
2022-06-01T15:18:00|1654111080|85.2425|85.335|85.335|85.15|85.21|2755|85.212849
2022-06-01T15:19:00|1654111140|85.15|85.19|85.2|85.1|85.195|4152|85.172505
2022-06-01T15:20:00|1654111200|85.2075|85.19|85.255|85.16|85.19|1993|85.194651
2022-06-01T15:21:00|1654111260|85.16|85.18|85.22|85.1|85.14|5204|85.126051
2022-06-01T15:22:00|1654111320|85.1325|85.125|85.165|85.1|85.165|1628|85.126462
2022-06-01T15:23:00|1654111380|85.16|85.19|85.22|85.1|85.11|3326|85.148593
2022-06-01T15:24:00|1654111440|85.09|85.12|85.14|85.04|85.11|3744|85.077065
2022-06-01T15:25:00|1654111500|84.97999999999999|85.07|85.07|84.89|84.95|5813|84.974648
2022-06-01T15:26:00|1654111560|84.96000000000001|84.94|85.0|84.92|85.0|2092|84.96283
2022-06-01T15:27:00|1654111620|84.9475|84.96|85.01|84.885|84.885|4000|84.928975
2022-06-01T15:28:00|1654111680|84.855|84.866|84.9|84.81|84.88|2333|84.851449
2022-06-01T15:29:00|1654111740|84.8775|84.91|84.945|84.81|84.8275|9315|84.876996
2022-06-01T15:30:00|1654111800|84.6425|84.835|84.835|84.45|84.45|4000|84.654228
2022-06-01T15:31:00|1654111860|84.50999999999999|84.485|84.57|84.45|84.51|2050|84.500366
2022-06-01T15:32:00|1654111920|84.39500000000001|84.47|84.53|84.26|84.2996|2811|84.389324
2022-06-01T15:33:00|1654111980|84.285|84.3175|84.35|84.22|84.255|3259|84.265947
2022-06-01T15:34:00|1654112040|84.16825|84.2|84.235|84.1015|84.125|2701|84.179434
2022-06-01T15:35:00|1654112100|84.065|84.11|84.14|83.99|84.02|5100|84.076569
2022-06-01T15:36:00|1654112160|84.00999999999999|83.92|84.1|83.92|84.1|9143|83.999199
2022-06-01T15:37:00|1654112220|84.1175|84.0648|84.18|84.055|84.18|3318|84.104109
2022-06-01T15:38:00|1654112280|84.16|84.19|84.22|84.1|84.22|3800|84.153289
2022-06-01T15:39:00|1654112340|84.2|84.21|84.29|84.11|84.29|4210|84.22246
2022-06-01T15:40:00|1654112400|84.34185|84.33|84.39|84.2937|84.38|5979|84.345609
2022-06-01T15:41:00|1654112460|84.45|84.37|84.54|84.36|84.5|2300|84.451739
2022-06-01T15:42:00|1654112520|84.56125|84.47|84.6525|84.47|84.635|3350|84.562197
2022-06-01T15:43:00|1654112580|84.5725|84.6|84.665|84.48|84.49|6117|84.591324
2022-06-01T15:44:00|1654112640|84.45500000000001|84.51|84.54|84.37|84.37|6739|84.486591
2022-06-01T15:45:00|1654112700|84.375|84.36|84.51|84.24|84.24|4207|84.372978
2022-06-01T15:46:00|1654112760|84.31|84.33|84.35|84.27|84.35|4464|84.3024
2022-06-01T15:47:00|1654112820|84.505|84.39|84.62|84.39|84.62|6366|84.49552
2022-06-01T15:48:00|1654112880|84.66|84.62|84.73|84.59|84.625|8843|84.658148
2022-06-01T15:49:00|1654112940|84.645|84.62|84.74|84.55|84.71|6396|84.643452
2022-06-01T15:50:00|1654113000|84.795|84.78|84.95|84.64|84.725|9913|84.815123
2022-06-01T15:51:00|1654113060|84.76499999999999|84.745|84.82|84.71|84.75|10766|84.744677
2022-06-01T15:52:00|1654113120|84.83500000000001|84.78|84.89|84.78|84.78|9078|84.840578
2022-06-01T15:53:00|1654113180|84.65|84.76|84.77|84.53|84.55|9217|84.622818
2022-06-01T15:54:00|1654113240|84.50999999999999|84.53|84.58|84.44|84.52|12707|84.514447
2022-06-01T15:55:00|1654113300|84.58|84.54|84.66|84.5|84.575|19422|84.580907
2022-06-01T15:56:00|1654113360|84.53999999999999|84.57|84.58|84.5|84.5|19835|84.538606
2022-06-01T15:57:00|1654113420|84.465|84.5|84.52|84.41|84.5|26773|84.475409
2022-06-01T15:58:00|1654113480|84.535|84.51|84.58|84.49|84.56|24631|84.534626
2022-06-01T15:59:00|1654113540|84.485|84.54|84.62|84.35|84.43|65988|84.498427
2022-06-01T16:00:00|1654113600|84.42500000000001|84.42|84.43|84.42|84.43|234212|84.429972
2022-06-01T16:01:00|1654113660|84.43|84.43|84.43|84.43|84.43|3702|84.43
2022-06-01T16:02:00|1654113720|84.43|84.43|84.43|84.43|84.43|3353|84.43
2022-06-01T16:04:00|1654113840|84.0|84.0|84.0|84.0|84.0|100|84.0
2022-06-01T16:09:00|1654114140|84.0|84.0|84.0|84.0|84.0|674|84.0
2022-06-01T16:14:00|1654114440|84.0|84.0|84.0|84.0|84.0|150|84.0
2022-06-01T16:20:00|1654114800|84.5|84.5|84.5|84.5|84.5|120|84.5
2022-06-01T16:34:00|1654115640|84.4999|84.4999|84.4999|84.4999|84.4999|100|84.4999
2022-06-01T16:43:00|1654116180|84.5|84.5|84.5|84.5|84.5|150|84.5
2022-06-01T16:46:00|1654116360|84.5|84.5|84.5|84.5|84.5|100|84.5
2022-06-01T17:35:00|1654119300|84.91|84.91|84.91|84.91|84.91|100|84.91
2022-06-01T17:59:00|1654120740|84.91|84.91|84.91|84.91|84.91|100|84.91
2022-06-01T18:14:00|1654121640|85.49000000000001|85.5|85.5|85.48|85.48|2149|85.497208
2022-06-01T18:49:00|1654123740|84.59|84.6|84.6|84.58|84.58|279|84.587168
2022-06-01T18:57:00|1654124220|85.44|85.38|85.5|85.38|85.43|893|85.418186
2022-06-01T19:24:00|1654125840|84.715|84.82|84.82|84.61|84.61|400|84.685
2022-06-01T19:43:00|1654126980|85.4|85.4|85.4|85.4|85.4|1000|85.4
2022-06-01T19:49:00|1654127340|84.9|84.9|84.9|84.9|84.9|100|84.9
2022-06-01T19:50:00|1654127400|84.9|84.9|84.9|84.9|84.9|400|84.9
2022-06-02T07:11:00|1654168260|85.125|85.15|85.15|85.1|85.1|500|85.11
2022-06-02T07:41:00|1654170060|85.65|85.65|85.65|85.65|85.65|100|85.65
2022-06-02T07:50:00|1654170600|85.51|85.51|85.51|85.51|85.51|434|85.51
2022-06-02T08:06:00|1654171560|85.53999999999999|85.55|85.55|85.53|85.53|300|85.543333
2022-06-02T08:11:00|1654171860|85.695|85.88|85.89|85.5|85.89|1592|85.812739
2022-06-02T08:13:00|1654171980|85.76|85.76|85.76|85.76|85.76|100|85.76
2022-06-02T08:14:00|1654172040|85.77|85.77|85.77|85.77|85.77|100|85.77
2022-06-02T08:17:00|1654172220|85.5|85.5|85.5|85.5|85.5|116|85.5
2022-06-02T09:02:00|1654174920|85.0|85.0|85.0|85.0|85.0|900|85.0
2022-06-02T09:06:00|1654175160|84.4|84.4|84.4|84.4|84.4|375|84.4
2022-06-02T09:09:00|1654175340|84.14|84.14|84.14|84.14|84.14|100|84.14
2022-06-02T09:14:00|1654175640|85.69|85.69|85.69|85.69|85.69|248|85.69
2022-06-02T09:26:00|1654176360|85.0|85.0|85.0|85.0|85.0|100|85.0
2022-06-02T09:27:00|1654176420|84.53|85.0|85.0|84.06|84.06|724|84.870166
2022-06-02T09:28:00|1654176480|83.97999999999999|83.91|84.05|83.91|84.04|2144|84.033661
2022-06-02T09:30:00|1654176600|84.495|84.13|85.0|83.99|84.65|29976|84.161969
2022-06-02T09:31:00|1654176660|84.35|85.06|85.06|83.64|83.81|2746|84.566473
2022-06-02T09:32:00|1654176720|84.245|83.79|84.7|83.79|84.39|6005|84.444363
2022-06-02T09:33:00|1654176780|84.4|84.395|84.715|84.085|84.365|11299|84.356265
2022-06-02T09:34:00|1654176840|84.225|84.375|84.54|83.91|84.35|10455|84.304446
2022-06-02T09:35:00|1654176900|84.565|84.54|85.02|84.11|85.02|7785|84.526117
2022-06-02T09:36:00|1654176960|84.965|85.0867|85.24|84.69|84.835|7990|85.058657
2022-06-02T09:37:00|1654177020|84.825|84.66|85.09|84.56|84.9501|4159|84.870654
2022-06-02T09:38:00|1654177080|85.44|85.26|85.72|85.16|85.16|4925|85.435671
2022-06-02T09:39:00|1654177140|85.035|85.39|85.39|84.68|85.16|3850|85.048335
2022-06-02T09:40:00|1654177200|85.27000000000001|85.1625|85.65|84.89|85.65|3260|85.119399
2022-06-02T09:41:00|1654177260|85.81995|85.78|86.1599|85.48|85.95|25211|85.931241
2022-06-02T09:42:00|1654177320|86.445|86.04|86.85|86.04|86.63|13185|86.433731
2022-06-02T09:43:00|1654177380|86.69|86.76|87.02|86.36|86.54|14806|86.755671
2022-06-02T09:44:00|1654177440|86.86|86.5268|87.21|86.51|87.14|8419|86.862926
2022-06-02T09:45:00|1654177500|87.215|87.15|87.53|86.9|87.5|8431|87.193124
2022-06-02T09:46:00|1654177560|87.245|87.28|87.42|87.07|87.2482|3869|87.238304
2022-06-02T09:47:00|1654177620|87.3225|87.38|87.465|87.18|87.395|5408|87.347443
2022-06-02T09:48:00|1654177680|87.47094999999999|87.44|87.615|87.3269|87.49|3372|87.486213
2022-06-02T09:49:00|1654177740|88.13499999999999|87.71|88.56|87.71|88.4|16754|88.129041
2022-06-02T09:50:00|1654177800|88.69999999999999|88.43|88.99|88.41|88.98|12248|88.617981
2022-06-02T09:51:00|1654177860|88.725|88.93|88.94|88.51|88.52|17881|88.704886
2022-06-02T09:52:00|1654177920|88.2075|88.28|88.505|87.91|87.91|8939|88.321209
2022-06-02T09:53:00|1654177980|88.11500000000001|87.75|88.48|87.75|88.48|5697|88.024709
2022-06-02T09:54:00|1654178040|88.14|88.45|88.45|87.83|87.83|4402|88.115275
2022-06-02T09:55:00|1654178100|87.73249999999999|87.67|87.975|87.49|87.505|7809|87.667532
2022-06-02T09:56:00|1654178160|87.45|87.39|87.7|87.2|87.5|3941|87.354793
2022-06-02T09:57:00|1654178220|87.08500000000001|87.17|87.33|86.84|87.04|4061|87.077877
2022-06-02T09:58:00|1654178280|87.16375|86.8975|87.43|86.8975|87.3799|2500|87.213572
2022-06-02T09:59:00|1654178340|87.535|87.37|87.88|87.19|87.88|20806|87.445748
2022-06-02T10:00:00|1654178400|87.92|87.65|88.29|87.55|88.1175|4620|87.818716
2022-06-02T10:01:00|1654178460|88.33500000000001|88.1|88.59|88.08|88.31|3352|88.354872
2022-06-02T10:02:00|1654178520|88.44|88.41|88.56|88.32|88.454|8573|88.451955
2022-06-02T10:03:00|1654178580|88.455|88.425|88.59|88.32|88.32|6031|88.446414
2022-06-02T10:04:00|1654178640|88.375|88.4101|88.5|88.25|88.415|10535|88.362579
2022-06-02T10:05:00|1654178700|88.34|88.32|88.53|88.15|88.5|18065|88.374403
2022-06-02T10:06:00|1654178760|88.595|88.55|88.89|88.3|88.88|13041|88.589929
2022-06-02T10:07:00|1654178820|88.69|88.745|88.83|88.55|88.55|3443|88.650906
2022-06-02T10:08:00|1654178880|88.625|88.56|88.71|88.54|88.67|19164|88.684653
2022-06-02T10:09:00|1654178940|88.52000000000001|88.6547|88.67|88.37|88.465|12648|88.504739
2022-06-02T10:10:00|1654179000|88.51|88.55|88.62|88.4|88.595|2297|88.534617
2022-06-02T10:11:00|1654179060|88.9|88.65|89.15|88.65|89.0|18038|88.924413
2022-06-02T10:12:00|1654179120|89.225|89.01|89.45|89.0|89.33|5018|89.290767
2022-06-02T10:13:00|1654179180|89.43|89.31|89.58|89.28|89.55|11150|89.457817
2022-06-02T10:14:00|1654179240|89.655|89.63|89.74|89.57|89.74|6400|89.655569
2022-06-02T10:15:00|1654179300|89.625|89.64|89.7|89.55|89.5978|21630|89.573854
2022-06-02T10:16:00|1654179360|89.66|89.61|89.75|89.57|89.75|4995|89.69639
2022-06-02T10:17:00|1654179420|89.575|89.76|89.76|89.39|89.47|10376|89.541987
2022-06-02T10:18:00|1654179480|89.345|89.26|89.45|89.24|89.35|5290|89.349359
2022-06-02T10:19:00|1654179540|89.155|89.3321|89.44|88.87|88.96|7192|89.17906
2022-06-02T10:20:00|1654179600|88.925|88.905|89.05|88.8|88.89|1949|88.899692
2022-06-02T10:21:00|1654179660|88.44624999999999|88.77|88.77|88.1225|88.36|4584|88.396848
2022-06-02T10:22:00|1654179720|88.3375|88.295|88.5|88.175|88.45|3807|88.341032
2022-06-02T10:23:00|1654179780|88.5|88.395|88.61|88.39|88.39|4169|88.52097
2022-06-02T10:24:00|1654179840|88.35|88.3925|88.5|88.2|88.4099|11767|88.416902
2022-06-02T10:25:00|1654179900|88.4175|88.35|88.53|88.305|88.515|2528|88.419533
2022-06-02T10:26:00|1654179960|88.5275|88.43|88.65|88.405|88.605|4916|88.567025
2022-06-02T10:27:00|1654180020|88.145|88.52|88.57|87.72|87.895|9596|88.114492
2022-06-02T10:28:00|1654180080|88.005|87.86|88.19|87.82|88.0|49332|88.044701
2022-06-02T10:29:00|1654180140|88.02|88.13|88.13|87.91|88.06|4646|88.033713
2022-06-02T10:30:00|1654180200|88.3866|88.055|88.72|88.0532|88.71|8920|88.425002
2022-06-02T10:31:00|1654180260|88.88|88.71|89.05|88.71|88.86|3561|88.911064
2022-06-02T10:32:00|1654180320|88.7525|88.87|89.055|88.45|88.58|4004|88.768914
2022-06-02T10:33:00|1654180380|88.50999999999999|88.45|88.63|88.39|88.604|4437|88.53355
2022-06-02T10:34:00|1654180440|88.71000000000001|88.598|88.9|88.52|88.83|3754|88.736392
2022-06-02T10:35:00|1654180500|88.66499999999999|88.76|88.88|88.45|88.846|5496|88.686422
2022-06-02T10:36:00|1654180560|88.83|88.805|89.06|88.6|88.985|4990|88.819479
2022-06-02T10:37:00|1654180620|88.85749999999999|89.085|89.085|88.63|89.025|10091|88.835618
2022-06-02T10:38:00|1654180680|89.27605|89.12|89.455|89.0971|89.375|5690|89.294236
2022-06-02T10:39:00|1654180740|89.27|89.29|89.38|89.16|89.16|1665|89.275171
2022-06-02T10:40:00|1654180800|89.39500000000001|89.35|89.5|89.29|89.39|11272|89.433307
2022-06-02T10:41:00|1654180860|89.345|89.365|89.41|89.28|89.33|1690|89.344497
2022-06-02T10:42:00|1654180920|89.43|89.4071|89.58|89.28|89.58|19775|89.480906
2022-06-02T10:43:00|1654180980|89.60249999999999|89.505|89.715|89.49|89.55|3832|89.620183
2022-06-02T10:44:00|1654181040|89.58500000000001|89.55|89.65|89.52|89.65|1200|89.584983
2022-06-02T10:45:00|1654181100|89.42500000000001|89.54|89.54|89.31|89.5|2114|89.442334
2022-06-02T10:46:00|1654181160|89.3125|89.35|89.405|89.22|89.405|4071|89.326183
2022-06-02T10:47:00|1654181220|89.42|89.5|89.51|89.33|89.47|4400|89.461705
2022-06-02T10:48:00|1654181280|89.5025|89.35|89.655|89.35|89.655|7531|89.499524
2022-06-02T10:49:00|1654181340|89.53055|89.7111|89.7111|89.35|89.48|2966|89.528955
2022-06-02T10:50:00|1654181400|89.305|89.48|89.48|89.13|89.13|2441|89.342134
2022-06-02T10:51:00|1654181460|89.25999999999999|89.105|89.42|89.1|89.42|6802|89.223961
2022-06-02T10:52:00|1654181520|89.49|89.44|89.57|89.41|89.43|2701|89.486179
2022-06-02T10:53:00|1654181580|89.48500000000001|89.43|89.54|89.43|89.5|1280|89.500938
2022-06-02T10:54:00|1654181640|89.48655|89.47|89.5231|89.45|89.5231|910|89.472573
2022-06-02T10:55:00|1654181700|89.47665|89.4401|89.5433|89.41|89.51|5756|89.488631
2022-06-02T10:56:00|1654181760|89.575|89.6|89.67|89.48|89.5475|3802|89.598161
2022-06-02T10:57:00|1654181820|89.31|89.4|89.4|89.22|89.31|2829|89.310399
2022-06-02T10:58:00|1654181880|89.54235|89.43|89.68|89.4047|89.68|2710|89.530953
2022-06-02T10:59:00|1654181940|89.525|89.58|89.6|89.45|89.59|2147|89.530445
2022-06-02T11:00:00|1654182000|89.66|89.57|89.77|89.55|89.77|2400|89.701667
2022-06-02T11:01:00|1654182060|89.765|89.72|89.81|89.72|89.81|904|89.775708
2022-06-02T11:02:00|1654182120|89.89|89.81|89.97|89.81|89.95|8839|89.894853
2022-06-02T11:03:00|1654182180|90.0748|89.915|90.27|89.8796|90.23|20509|90.133446
2022-06-02T11:04:00|1654182240|90.11|90.156|90.2|90.02|90.02|3986|90.151706
2022-06-02T11:05:00|1654182300|90.0875|90.06|90.155|90.02|90.03|4002|90.058981
2022-06-02T11:06:00|1654182360|90.02250000000001|90.01|90.135|89.91|89.92|3842|90.018488
2022-06-02T11:07:00|1654182420|89.87|89.87|89.97|89.77|89.91|3776|89.869163
2022-06-02T11:08:00|1654182480|89.985|89.94|90.06|89.91|90.01|7360|90.007337
2022-06-02T11:09:00|1654182540|90.07804999999999|90.0461|90.11|90.0461|90.095|3932|90.08999
2022-06-02T11:10:00|1654182600|90.11000000000001|90.15|90.18|90.04|90.17|8084|90.098157
2022-06-02T11:11:00|1654182660|90.29499999999999|90.185|90.49|90.1|90.49|4760|90.218255
2022-06-02T11:12:00|1654182720|90.4925|90.495|90.555|90.43|90.47|800|90.496875
2022-06-02T11:13:00|1654182780|90.49494999999999|90.5499|90.5499|90.44|90.44|2042|90.471394
2022-06-02T11:14:00|1654182840|90.685|90.55|90.83|90.54|90.83|3200|90.654966
2022-06-02T11:15:00|1654182900|90.875|90.87|90.94|90.81|90.88|2775|90.883423
2022-06-02T11:16:00|1654182960|90.99005|90.9599|91.09|90.8901|91.07|8564|90.981821
2022-06-02T11:17:00|1654183020|91.07|91.09|91.15|90.99|91.14|7149|91.062735
2022-06-02T11:18:00|1654183080|91.09774999999999|91.115|91.17|91.0255|91.125|4294|91.094476
2022-06-02T11:19:00|1654183140|90.97|91.115|91.13|90.81|90.84|8130|90.999728
2022-06-02T11:20:00|1654183200|90.7575|90.905|90.905|90.61|90.8|6593|90.785364
2022-06-02T11:21:00|1654183260|90.7589|90.835|90.8878|90.63|90.85|5383|90.771546
2022-06-02T11:22:00|1654183320|90.82249999999999|90.805|90.905|90.74|90.8075|3100|90.821694
2022-06-02T11:23:00|1654183380|90.72|90.83|90.83|90.61|90.62|5178|90.747927
2022-06-02T11:24:00|1654183440|90.845|90.79|90.9|90.79|90.85|900|90.852778
2022-06-02T11:25:00|1654183500|90.78|90.9|90.93|90.63|90.63|4765|90.74545
2022-06-02T11:26:00|1654183560|90.72999999999999|90.6832|90.83|90.63|90.83|3295|90.704428
2022-06-02T11:27:00|1654183620|90.71000000000001|90.88|90.88|90.54|90.75|3973|90.730527
2022-06-02T11:28:00|1654183680|90.68|90.7|90.76|90.6|90.6|2116|90.673781
2022-06-02T11:29:00|1654183740|90.735|90.74|90.82|90.65|90.8|2576|90.712662
2022-06-02T11:30:00|1654183800|90.80000000000001|90.9|90.9|90.7|90.7|3200|90.773347
2022-06-02T11:31:00|1654183860|90.7675|90.735|90.8|90.735|90.76|1806|90.762769
2022-06-02T11:32:00|1654183920|90.78999999999999|90.8|90.84|90.74|90.84|1282|90.789906
2022-06-02T11:33:00|1654183980|91.005|90.86|91.15|90.86|91.15|3120|91.056189
2022-06-02T11:34:00|1654184040|91.20500000000001|91.12|91.29|91.12|91.28|4991|91.235691
2022-06-02T11:35:00|1654184100|91.07|91.28|91.32|90.82|90.8595|9112|91.090919
2022-06-02T11:36:00|1654184160|90.75|90.79|90.8|90.7|90.74|2271|90.757367
2022-06-02T11:37:00|1654184220|90.68|90.62|90.74|90.62|90.6525|2229|90.671984
2022-06-02T11:38:00|1654184280|90.70750000000001|90.74|90.81|90.605|90.81|2281|90.686132
2022-06-02T11:39:00|1654184340|90.7535|90.75|90.81|90.697|90.697|2665|90.751407
2022-06-02T11:40:00|1654184400|90.6875|90.75|90.805|90.57|90.61|3166|90.700467
2022-06-02T11:41:00|1654184460|90.745|90.73|90.8|90.69|90.8|2350|90.742915
2022-06-02T11:42:00|1654184520|90.785|90.84|90.88|90.69|90.88|4863|90.787142
2022-06-02T11:43:00|1654184580|90.965|90.92|91.13|90.8|91.13|12995|90.931609
2022-06-02T11:44:00|1654184640|91.0075|91.075|91.075|90.94|91.02|2717|91.010547
2022-06-02T11:45:00|1654184700|91.025|90.96|91.13|90.92|91.13|9388|91.025623
2022-06-02T11:46:00|1654184760|91.1725|91.13|91.23|91.115|91.23|4287|91.195449
2022-06-02T11:47:00|1654184820|91.1|91.23|91.23|90.97|91.08|10983|91.154013
2022-06-02T11:48:00|1654184880|91.03999999999999|91.0|91.12|90.96|91.1|5003|91.011733
2022-06-02T11:49:00|1654184940|91.10249999999999|91.175|91.175|91.03|91.08|2486|91.121883
2022-06-02T11:50:00|1654185000|91.03|91.1|91.1|90.96|91.05|1400|91.048971
2022-06-02T11:51:00|1654185060|91.14|91.08|91.2|91.08|91.2|616|91.124026
2022-06-02T11:52:00|1654185120|91.115|91.21|91.21|91.02|91.1627|10263|91.165318
2022-06-02T11:53:00|1654185180|91.17|91.22|91.23|91.11|91.11|19695|91.19642
2022-06-02T11:54:00|1654185240|91.0|91.11|91.12|90.88|90.88|5351|91.007875
2022-06-02T11:55:00|1654185300|90.85|90.89|90.9|90.8|90.87|2472|90.846076
2022-06-02T11:56:00|1654185360|90.875|90.89|90.94|90.81|90.86|2592|90.85994
2022-06-02T11:57:00|1654185420|90.88|90.85|90.93|90.83|90.84|4060|90.881334
2022-06-02T11:58:00|1654185480|90.725|90.84|90.84|90.61|90.61|5206|90.759939
2022-06-02T11:59:00|1654185540|90.755|90.67|90.88|90.63|90.7707|7772|90.753061
2022-06-02T12:00:00|1654185600|90.845|90.85|90.95|90.74|90.795|4722|90.798371
2022-06-02T12:01:00|1654185660|90.75999999999999|90.82|90.82|90.7|90.7|1840|90.759138
2022-06-02T12:02:00|1654185720|90.83500000000001|90.72|90.95|90.72|90.95|732|90.82028
2022-06-02T12:03:00|1654185780|91.015|90.99|91.08|90.95|91.025|1307|90.995187
2022-06-02T12:04:00|1654185840|91.13749999999999|91.12|91.175|91.1|91.17|4477|91.159663
2022-06-02T12:05:00|1654185900|91.125|91.175|91.2|91.05|91.2|2136|91.08724
2022-06-02T12:06:00|1654185960|91.22|91.23|91.25|91.19|91.19|1748|91.227317
2022-06-02T12:07:00|1654186020|91.23795|91.2|91.3|91.1759|91.29|2514|91.241259
2022-06-02T12:08:00|1654186080|91.18|91.2|91.21|91.15|91.1975|1936|91.175511
2022-06-02T12:09:00|1654186140|91.2397|91.23|91.31|91.1694|91.29|3997|91.239714
2022-06-02T12:10:00|1654186200|91.32499999999999|91.29|91.41|91.24|91.39|1627|91.358531
2022-06-02T12:11:00|1654186260|91.46979999999999|91.41|91.5396|91.4|91.451|2970|91.462316
2022-06-02T12:12:00|1654186320|91.5175|91.52|91.575|91.46|91.565|3149|91.536977
2022-06-02T12:13:00|1654186380|91.58|91.55|91.67|91.49|91.67|54302|91.561769
2022-06-02T12:14:00|1654186440|91.72|91.66|91.79|91.65|91.71|8608|91.720886
2022-06-02T12:15:00|1654186500|91.78999999999999|91.71|91.87|91.71|91.79|3300|91.789724
2022-06-02T12:16:00|1654186560|91.82|91.78|91.86|91.78|91.85|6249|91.835434
2022-06-02T12:17:00|1654186620|91.9596|91.86|92.06|91.8592|92.06|4474|91.938865
2022-06-02T12:18:00|1654186680|92.08|92.01|92.17|91.99|92.14|11250|92.129625
2022-06-02T12:19:00|1654186740|92.05|92.14|92.14|91.96|92.0|7711|92.070008
2022-06-02T12:20:00|1654186800|91.97049999999999|91.93|92.091|91.85|91.99|8022|91.965292
2022-06-02T12:21:00|1654186860|91.875|91.96|91.96|91.79|91.805|4527|91.861904
2022-06-02T12:22:00|1654186920|91.825|91.785|91.87|91.78|91.87|4057|91.806054
2022-06-02T12:23:00|1654186980|92.0|91.93|92.07|91.93|92.07|2500|92.019576
2022-06-02T12:24:00|1654187040|92.19|92.1|92.28|92.1|92.23|8430|92.187635
2022-06-02T12:25:00|1654187100|92.25999999999999|92.28|92.35|92.17|92.35|2691|92.246537
2022-06-02T12:26:00|1654187160|92.28999999999999|92.32|92.39|92.19|92.23|4648|92.280734
2022-06-02T12:27:00|1654187220|92.32|92.26|92.38|92.26|92.33|2237|92.320134
2022-06-02T12:28:00|1654187280|92.315|92.37|92.37|92.26|92.28|3058|92.324585
2022-06-02T12:29:00|1654187340|92.3125|92.2705|92.37|92.255|92.37|2774|92.295674
2022-06-02T12:30:00|1654187400|92.475|92.38|92.57|92.38|92.56|2863|92.468437
2022-06-02T12:31:00|1654187460|92.53999999999999|92.53|92.61|92.47|92.525|10285|92.523492
2022-06-02T12:32:00|1654187520|92.685|92.58|92.79|92.58|92.685|9175|92.677748
2022-06-02T12:33:00|1654187580|92.70500000000001|92.685|92.76|92.65|92.74|6140|92.701748
2022-06-02T12:34:00|1654187640|92.775|92.78|92.88|92.67|92.69|4360|92.734741
2022-06-02T12:35:00|1654187700|92.6125|92.655|92.655|92.57|92.58|21629|92.61653
2022-06-02T12:36:00|1654187760|92.59415|92.56|92.66|92.5283|92.565|4665|92.597821
2022-06-02T12:37:00|1654187820|92.475|92.53|92.58|92.37|92.53|5398|92.50112
2022-06-02T12:38:00|1654187880|92.55405|92.53|92.64|92.4681|92.57|2507|92.55923
2022-06-02T12:39:00|1654187940|92.7075|92.615|92.8|92.615|92.765|7847|92.72868
2022-06-02T12:40:00|1654188000|92.715|92.765|92.8|92.63|92.691|6000|92.727923
2022-06-02T12:41:00|1654188060|92.685|92.7|92.74|92.63|92.63|1600|92.698431
2022-06-02T12:42:00|1654188120|92.543|92.59|92.6|92.486|92.54|2081|92.535838
2022-06-02T12:43:00|1654188180|92.33500000000001|92.37|92.45|92.22|92.42|5522|92.354962
2022-06-02T12:44:00|1654188240|92.39750000000001|92.43|92.47|92.325|92.46|4964|92.422282
2022-06-02T12:45:00|1654188300|92.565|92.47|92.66|92.47|92.63|3400|92.606176
2022-06-02T12:46:00|1654188360|92.625|92.63|92.69|92.56|92.581|3602|92.607215
2022-06-02T12:47:00|1654188420|92.61500000000001|92.63|92.65|92.58|92.585|2881|92.609309
2022-06-02T12:48:00|1654188480|92.67779999999999|92.6056|92.75|92.6056|92.725|3323|92.692368
2022-06-02T12:49:00|1654188540|92.745|92.76|92.79|92.7|92.75|6901|92.74333
2022-06-02T12:50:00|1654188600|92.765|92.77|92.79|92.74|92.77|3600|92.768472
2022-06-02T12:51:00|1654188660|92.82|92.78|92.86|92.78|92.79|6250|92.800474
2022-06-02T12:52:00|1654188720|92.955|92.8|93.13|92.78|93.09|11079|92.953662
2022-06-02T12:53:00|1654188780|93.195|93.08|93.31|93.08|93.131|7047|93.193672
2022-06-02T12:54:00|1654188840|93.29905|93.2|93.3981|93.2|93.389|5108|93.330161
2022-06-02T12:55:00|1654188900|93.3275|93.39|93.415|93.24|93.255|8859|93.322449
2022-06-02T12:56:00|1654188960|93.25995|93.25|93.3199|93.2|93.23|10580|93.261571
2022-06-02T12:57:00|1654189020|93.19|93.22|93.24|93.14|93.21|5471|93.191252
2022-06-02T12:58:00|1654189080|93.305|93.22|93.39|93.22|93.29|4162|93.307926
2022-06-02T12:59:00|1654189140|93.26005|93.25|93.45|93.0701|93.41|20381|93.349677
2022-06-02T13:00:00|1654189200|93.3725|93.425|93.435|93.31|93.35|8274|93.390538
2022-06-02T13:01:00|1654189260|93.36|93.36|93.47|93.25|93.415|7987|93.367425
2022-06-02T13:02:00|1654189320|93.5125|93.47|93.59|93.435|93.51|2387|93.523879
2022-06-02T13:03:00|1654189380|93.55250000000001|93.515|93.635|93.47|93.615|2600|93.571923
2022-06-02T13:04:00|1654189440|93.60249999999999|93.57|93.64|93.565|93.6|2400|93.593033
2022-06-02T13:05:00|1654189500|93.66|93.56|93.78|93.54|93.71|5109|93.71128
2022-06-02T13:06:00|1654189560|93.67750000000001|93.71|93.765|93.59|93.745|5543|93.697431
2022-06-02T13:07:00|1654189620|93.58500000000001|93.72|93.75|93.42|93.46|6177|93.674748
2022-06-02T13:08:00|1654189680|93.475|93.46|93.56|93.39|93.56|4141|93.471891
2022-06-02T13:09:00|1654189740|93.49000000000001|93.535|93.55|93.43|93.465|7754|93.497684
2022-06-02T13:10:00|1654189800|93.48|93.4|93.56|93.4|93.455|5479|93.50587
2022-06-02T13:11:00|1654189860|93.34049999999999|93.45|93.47|93.211|93.265|7862|93.355833
2022-06-02T13:12:00|1654189920|93.24|93.271|93.32|93.16|93.23|8841|93.253764
2022-06-02T13:13:00|1654189980|93.18|93.17|93.26|93.1|93.1|3922|93.184847
2022-06-02T13:14:00|1654190040|93.065|93.1|93.21|92.92|93.165|9902|93.044439
2022-06-02T13:15:00|1654190100|93.14500000000001|93.165|93.28|93.01|93.28|6620|93.121239
2022-06-02T13:16:00|1654190160|93.22|93.28|93.31|93.13|93.13|5149|93.232667
2022-06-02T13:17:00|1654190220|93.2575|93.19|93.325|93.19|93.32|7202|93.274561
2022-06-02T13:18:00|1654190280|93.285|93.34|93.38|93.19|93.34|3487|93.310433
2022-06-02T13:19:00|1654190340|93.595|93.38|93.84|93.35|93.82|27608|93.553665
2022-06-02T13:20:00|1654190400|93.775|93.82|93.82|93.73|93.765|3422|93.767668
2022-06-02T13:21:00|1654190460|93.6525|93.7744|93.775|93.53|93.57|3185|93.650386
2022-06-02T13:22:00|1654190520|93.415|93.54|93.54|93.29|93.29|3722|93.427728
2022-06-02T13:23:00|1654190580|93.195|93.3|93.34|93.05|93.051|8178|93.212534
2022-06-02T13:24:00|1654190640|93.245|93.12|93.4|93.09|93.31|5750|93.259941
2022-06-02T13:25:00|1654190700|93.30000000000001|93.3|93.4|93.2|93.36|2464|93.319996
2022-06-02T13:26:00|1654190760|93.405|93.35|93.51|93.3|93.48|6103|93.432281
2022-06-02T13:27:00|1654190820|93.465|93.48|93.56|93.37|93.43|8185|93.487466
2022-06-02T13:28:00|1654190880|93.4|93.425|93.52|93.28|93.52|4517|93.370343
2022-06-02T13:29:00|1654190940|93.4998|93.53|93.5796|93.42|93.5796|4475|93.502501
2022-06-02T13:30:00|1654191000|93.58|93.49|93.67|93.49|93.61|4257|93.599533
2022-06-02T13:31:00|1654191060|93.5075|93.57|93.6|93.415|93.52|3641|93.466405
2022-06-02T13:32:00|1654191120|93.47999999999999|93.51|93.52|93.44|93.45|2612|93.481549
2022-06-02T13:33:00|1654191180|93.6|93.52|93.68|93.52|93.67|3552|93.586993
2022-06-02T13:34:00|1654191240|93.62|93.63|93.69|93.55|93.59|4169|93.607388
2022-06-02T13:35:00|1654191300|93.5375|93.57|93.61|93.465|93.48|8035|93.511927
2022-06-02T13:36:00|1654191360|93.45|93.45|93.5|93.4|93.45|13862|93.447766
2022-06-02T13:37:00|1654191420|93.44999999999999|93.45|93.49|93.41|93.49|2519|93.449643
2022-06-02T13:38:00|1654191480|93.485|93.46|93.56|93.41|93.56|2518|93.485631
2022-06-02T13:39:00|1654191540|93.52000000000001|93.55|93.62|93.42|93.57|9030|93.518404
2022-06-02T13:40:00|1654191600|93.58500000000001|93.56|93.64|93.53|93.5912|6791|93.592403
2022-06-02T13:41:00|1654191660|93.4825|93.555|93.555|93.41|93.44|4202|93.479441
2022-06-02T13:42:00|1654191720|93.535|93.47|93.6|93.47|93.57|3512|93.541585
2022-06-02T13:43:00|1654191780|93.555|93.57|93.59|93.52|93.54|953|93.554113
2022-06-02T13:44:00|1654191840|93.565|93.52|93.64|93.49|93.64|3931|93.578582
2022-06-02T13:45:00|1654191900|93.66499999999999|93.67|93.75|93.58|93.58|6345|93.675037
2022-06-02T13:46:00|1654191960|93.425|93.5|93.5|93.35|93.42|6725|93.46226
2022-06-02T13:47:00|1654192020|93.275|93.34|93.34|93.21|93.275|2505|93.272808
2022-06-02T13:48:00|1654192080|93.19435|93.29|93.31|93.0787|93.15|8071|93.189175
2022-06-02T13:49:00|1654192140|93.16499999999999|93.1001|93.24|93.09|93.185|6814|93.14743
2022-06-02T13:50:00|1654192200|93.295|93.22|93.37|93.22|93.37|2100|93.303024
2022-06-02T13:51:00|1654192260|93.23|93.43|93.43|93.03|93.19|12364|93.19241
2022-06-02T13:52:00|1654192320|93.0|93.13|93.13|92.87|92.92|3107|93.009662
2022-06-02T13:53:00|1654192380|92.9175|92.96|93.025|92.81|93.02|4505|92.929984
2022-06-02T13:54:00|1654192440|92.95904999999999|93.0363|93.0363|92.8818|92.95|6950|92.911968
2022-06-02T13:55:00|1654192500|92.82249999999999|92.9|92.91|92.735|92.8978|3686|92.812564
2022-06-02T13:56:00|1654192560|92.83500000000001|92.86|92.9|92.77|92.88|3936|92.846336
2022-06-02T13:57:00|1654192620|92.91|92.88|93.05|92.77|92.88|10953|92.83725
2022-06-02T13:58:00|1654192680|92.88499999999999|92.9076|92.95|92.82|92.92|3557|92.905058
2022-06-02T13:59:00|1654192740|92.9525|92.89|93.06|92.845|93.045|6240|92.991599
2022-06-02T14:00:00|1654192800|92.9725|93.042|93.075|92.87|92.98|12957|92.986335
2022-06-02T14:01:00|1654192860|93.0025|92.98|93.035|92.97|93.025|1500|93.006
2022-06-02T14:02:00|1654192920|93.08500000000001|93.03|93.2|92.97|93.1401|3765|93.135703
2022-06-02T14:03:00|1654192980|93.2831|93.21|93.3812|93.185|93.215|6185|93.267787
2022-06-02T14:04:00|1654193040|93.25999999999999|93.2399|93.35|93.17|93.3226|3639|93.279593
2022-06-02T14:05:00|1654193100|93.24000000000001|93.29|93.33|93.15|93.2691|5147|93.225386
2022-06-02T14:06:00|1654193160|93.32939999999999|93.27|93.41|93.2488|93.27|4897|93.361468
2022-06-02T14:07:00|1654193220|93.1925|93.315|93.315|93.07|93.1366|3301|93.186392
2022-06-02T14:08:00|1654193280|93.11|93.14|93.2|93.02|93.2|3088|93.085155
2022-06-02T14:09:00|1654193340|93.17914999999999|93.17|93.1983|93.16|93.165|1350|93.175115
2022-06-02T14:10:00|1654193400|93.3195|93.19|93.474|93.165|93.42|7778|93.311977
2022-06-02T14:11:00|1654193460|93.4|93.42|93.49|93.31|93.34|5141|93.414133
2022-06-02T14:12:00|1654193520|93.305|93.32|93.43|93.18|93.43|3390|93.294926
2022-06-02T14:13:00|1654193580|93.38|93.42|93.44|93.32|93.44|3193|93.386583
2022-06-02T14:14:00|1654193640|93.58000000000001|93.44|93.73|93.43|93.65|17211|93.58109
2022-06-02T14:15:00|1654193700|93.53|93.62|93.64|93.42|93.525|7306|93.540278
2022-06-02T14:16:00|1654193760|93.3675|93.535|93.535|93.2|93.2|2911|93.340144
2022-06-02T14:17:00|1654193820|93.075|93.14|93.14|93.01|93.14|5300|93.107552
2022-06-02T14:18:00|1654193880|93.01400000000001|93.098|93.098|92.93|93.03|5662|93.025089
2022-06-02T14:19:00|1654193940|93.13|93.02|93.27|92.99|93.18|4700|93.141283
2022-06-02T14:20:00|1654194000|93.10915|93.1663|93.1663|93.052|93.125|3403|93.100231
2022-06-02T14:21:00|1654194060|93.1825|93.125|93.24|93.125|93.235|1976|93.195491
2022-06-02T14:22:00|1654194120|93.3047|93.286|93.4194|93.19|93.325|4773|93.318487
2022-06-02T14:23:00|1654194180|93.33250000000001|93.325|93.375|93.29|93.31|1900|93.333674
2022-06-02T14:24:00|1654194240|93.39949999999999|93.36|93.439|93.36|93.4|900|93.409222
2022-06-02T14:25:00|1654194300|93.46855|93.3771|93.56|93.3771|93.515|3608|93.485524
2022-06-02T14:26:00|1654194360|93.3675|93.48|93.48|93.255|93.255|2800|93.390554
2022-06-02T14:27:00|1654194420|93.26425|93.32|93.3214|93.2071|93.32|2491|93.292965
2022-06-02T14:28:00|1654194480|93.2675|93.2839|93.295|93.24|93.25|1458|93.258196
2022-06-02T14:29:00|1654194540|93.265|93.2|93.34|93.19|93.34|7756|93.245964
2022-06-02T14:30:00|1654194600|93.33000000000001|93.3|93.4|93.26|93.33|5238|93.323851
2022-06-02T14:31:00|1654194660|93.205|93.29|93.33|93.08|93.08|2937|93.256762
2022-06-02T14:32:00|1654194720|93.14|93.1|93.18|93.1|93.18|2900|93.156569
2022-06-02T14:33:00|1654194780|93.244|93.18|93.31|93.178|93.255|6717|93.242014
2022-06-02T14:34:00|1654194840|93.315|93.28|93.38|93.25|93.33|5908|93.329699
2022-06-02T14:35:00|1654194900|93.44175|93.37|93.5135|93.37|93.5135|2300|93.449539
2022-06-02T14:36:00|1654194960|93.505|93.495|93.54|93.47|93.5|2918|93.489486
2022-06-02T14:37:00|1654195020|93.5083|93.49|93.62|93.3966|93.61|10780|93.507944
2022-06-02T14:38:00|1654195080|93.6525|93.59|93.72|93.585|93.65|5942|93.659697
2022-06-02T14:39:00|1654195140|93.63499999999999|93.635|93.7|93.57|93.7|9865|93.633027
2022-06-02T14:40:00|1654195200|93.64775|93.69|93.72|93.5755|93.64|5815|93.645404
2022-06-02T14:41:00|1654195260|93.6925|93.645|93.74|93.645|93.74|2520|93.690794
2022-06-02T14:42:00|1654195320|93.70005|93.7|93.75|93.6501|93.74|4932|93.700213
2022-06-02T14:43:00|1654195380|93.6725|93.725|93.725|93.62|93.675|5597|93.672469
2022-06-02T14:44:00|1654195440|93.72|93.72|93.8|93.64|93.66|7129|93.695071
2022-06-02T14:45:00|1654195500|93.655|93.71|93.72|93.59|93.63|4241|93.659939
2022-06-02T14:46:00|1654195560|93.6|93.615|93.69|93.51|93.68|5963|93.590557
2022-06-02T14:47:00|1654195620|93.83|93.7|93.96|93.7|93.96|7630|93.805617
2022-06-02T14:48:00|1654195680|93.99|93.99|94.07|93.91|94.07|5127|93.958681
2022-06-02T14:49:00|1654195740|93.92484999999999|94.07|94.07|93.7797|93.7797|9089|93.912354
2022-06-02T14:50:00|1654195800|93.685|93.79|93.8|93.57|93.575|4268|93.685148
2022-06-02T14:51:00|1654195860|93.53|93.62|93.62|93.44|93.4836|6006|93.537368
2022-06-02T14:52:00|1654195920|93.5825|93.52|93.645|93.52|93.645|3486|93.578993
2022-06-02T14:53:00|1654195980|93.62145000000001|93.61|93.67|93.5729|93.58|3650|93.602527
2022-06-02T14:54:00|1654196040|93.5|93.58|93.59|93.41|93.464|6012|93.489668
2022-06-02T14:55:00|1654196100|93.39|93.4|93.43|93.35|93.36|13837|93.404016
2022-06-02T14:56:00|1654196160|93.25485|93.34|93.34|93.1697|93.21|5224|93.26617
2022-06-02T14:57:00|1654196220|93.14|93.16|93.25|93.03|93.13|5089|93.136312
2022-06-02T14:58:00|1654196280|93.14500000000001|93.0875|93.23|93.06|93.21|4022|93.155995
2022-06-02T14:59:00|1654196340|93.125|93.155|93.2|93.05|93.1|7875|93.115067
2022-06-02T15:00:00|1654196400|93.0|93.07|93.07|92.93|92.94|9380|92.991808
2022-06-02T15:01:00|1654196460|92.795|92.95|92.95|92.64|92.68|8826|92.790818
2022-06-02T15:02:00|1654196520|92.715|92.69|92.85|92.58|92.685|21401|92.657242
2022-06-02T15:03:00|1654196580|92.81|92.73|92.91|92.71|92.88|4700|92.788936
2022-06-02T15:04:00|1654196640|92.99000000000001|92.92|93.09|92.89|93.0425|5774|92.965809
2022-06-02T15:05:00|1654196700|93.125|93.07|93.21|93.04|93.189|6858|93.104861
2022-06-02T15:06:00|1654196760|93.095|93.17|93.18|93.01|93.01|5899|93.096577
2022-06-02T15:07:00|1654196820|92.9156|93.03|93.03|92.8012|92.86|6285|92.931379
2022-06-02T15:08:00|1654196880|92.88|92.8|92.96|92.8|92.91|6329|92.884223
2022-06-02T15:09:00|1654196940|92.985|92.92|93.05|92.92|93.0|7653|92.99082
2022-06-02T15:10:00|1654197000|92.99000000000001|92.95|93.05|92.93|93.05|6007|92.973034
2022-06-02T15:11:00|1654197060|93.1825|93.07|93.325|93.04|93.21|9106|93.179977
2022-06-02T15:12:00|1654197120|93.215|93.22|93.27|93.16|93.2|4394|93.197638
2022-06-02T15:13:00|1654197180|93.25|93.17|93.33|93.17|93.29|6757|93.253824
2022-06-02T15:14:00|1654197240|93.37|93.33|93.43|93.31|93.42|6519|93.346038
2022-06-02T15:15:00|1654197300|93.32|93.43|93.43|93.21|93.21|7429|93.32498
2022-06-02T15:16:00|1654197360|93.27000000000001|93.3|93.34|93.2|93.21|6644|93.274165
2022-06-02T15:17:00|1654197420|93.245|93.27|93.31|93.18|93.18|5215|93.244401
2022-06-02T15:18:00|1654197480|93.175|93.165|93.22|93.13|93.22|5050|93.165764
2022-06-02T15:19:00|1654197540|93.195|93.21|93.24|93.15|93.24|8321|93.182974
2022-06-02T15:20:00|1654197600|93.195|93.25|93.3|93.09|93.13|4585|93.187095
2022-06-02T15:21:00|1654197660|93.11500000000001|93.16|93.23|93.0|93.045|12325|93.111891
2022-06-02T15:22:00|1654197720|92.92|92.98|92.98|92.86|92.97|7145|92.915407
2022-06-02T15:23:00|1654197780|93.065|92.99|93.14|92.99|93.08|9248|93.063116
2022-06-02T15:24:00|1654197840|93.06960000000001|93.09|93.1292|93.01|93.01|5475|93.08638
2022-06-02T15:25:00|1654197900|93.065|93.03|93.18|92.95|93.15|11313|93.047018
2022-06-02T15:26:00|1654197960|92.94|93.15|93.15|92.73|92.771|13018|92.911277
2022-06-02T15:27:00|1654198020|92.73750000000001|92.78|92.79|92.685|92.775|8760|92.744458
2022-06-02T15:28:00|1654198080|92.745|92.73|92.81|92.68|92.74|11857|92.722654
2022-06-02T15:29:00|1654198140|92.815|92.69|92.94|92.69|92.915|15193|92.779703
2022-06-02T15:30:00|1654198200|92.88|92.89|92.95|92.81|92.9091|20770|92.890743
2022-06-02T15:31:00|1654198260|92.855|92.86|92.93|92.78|92.9|11029|92.879134
2022-06-02T15:32:00|1654198320|92.87425|92.9|92.9085|92.84|92.9085|9077|92.874937
2022-06-02T15:33:00|1654198380|92.9325|92.91|92.965|92.9|92.93|11511|92.932649
2022-06-02T15:34:00|1654198440|93.005|92.95|93.07|92.94|92.98|12338|92.999621
2022-06-02T15:35:00|1654198500|93.025|92.98|93.13|92.92|93.11|15002|93.028726
2022-06-02T15:36:00|1654198560|93.10499999999999|93.12|93.16|93.05|93.14|16032|93.107878
2022-06-02T15:37:00|1654198620|93.11250000000001|93.145|93.18|93.045|93.11|31526|93.114462
2022-06-02T15:38:00|1654198680|93.1175|93.095|93.185|93.05|93.145|12665|93.123099
2022-06-02T15:39:00|1654198740|93.255|93.14|93.38|93.13|93.35|22721|93.262921
2022-06-02T15:40:00|1654198800|93.28999999999999|93.36|93.36|93.22|93.28|19546|93.28733
2022-06-02T15:41:00|1654198860|93.14865|93.27|93.27|93.0273|93.065|22218|93.122505
2022-06-02T15:42:00|1654198920|93.205|93.08|93.33|93.08|93.32|32111|93.171584
2022-06-02T15:43:00|1654198980|93.42500000000001|93.31|93.54|93.31|93.53|20042|93.425733
2022-06-02T15:44:00|1654199040|93.5025|93.51|93.65|93.355|93.575|20163|93.483355
2022-06-02T15:45:00|1654199100|93.53915|93.57|93.63|93.4483|93.57|43723|93.532355
2022-06-02T15:46:00|1654199160|93.58|93.5798|93.69|93.47|93.68|25453|93.602364
2022-06-02T15:47:00|1654199220|93.66|93.68|93.77|93.55|93.75|40205|93.632527
2022-06-02T15:48:00|1654199280|93.68|93.75|93.77|93.59|93.75|27966|93.685248
2022-06-02T15:49:00|1654199340|93.8766|93.76|94.0|93.7532|94.0|21486|93.863278
2022-06-02T15:50:00|1654199400|94.11500000000001|94.01|94.22|94.01|94.07|20799|94.111583
2022-06-02T15:51:00|1654199460|93.8875|94.06|94.09|93.685|93.685|33904|93.885157
2022-06-02T15:52:00|1654199520|93.618|93.71|93.72|93.516|93.635|36498|93.644937
2022-06-02T15:53:00|1654199580|93.7775|93.65|93.91|93.645|93.885|34377|93.789059
2022-06-02T15:54:00|1654199640|93.7703|93.885|93.8906|93.65|93.73|59519|93.773786
2022-06-02T15:55:00|1654199700|93.565|93.7|93.71|93.42|93.465|40715|93.532822
2022-06-02T15:56:00|1654199760|93.53|93.46|93.62|93.44|93.48|33844|93.521571
2022-06-02T15:57:00|1654199820|93.58000000000001|93.48|93.68|93.48|93.675|36765|93.584116
2022-06-02T15:58:00|1654199880|93.735|93.65|93.85|93.62|93.73|61955|93.756046
2022-06-02T15:59:00|1654199940|93.765|93.73|93.84|93.69|93.76|67809|93.745516
2022-06-02T16:00:00|1654200000|94.34|93.68|95.0|93.68|93.94|217168|93.683966
2022-06-02T16:01:00|1654200060|99.34|95.0|105.0|93.68|104.48|21232|98.753235
2022-06-02T16:02:00|1654200120|103.5|103.5|105.0|102.0|102.1|14633|103.71994
2022-06-02T16:03:00|1654200180|102.69495|102.0|103.4999|101.89|103.0|11766|102.707565
2022-06-02T16:04:00|1654200240|105.235|103.5|106.97|103.5|105.0|27579|104.959757
2022-06-02T16:05:00|1654200300|104.49000000000001|104.88|105.98|103.0|103.48|26872|104.920988
2022-06-02T16:06:00|1654200360|103.15|103.5|103.5|102.8|103.5|11999|103.349381
2022-06-02T16:07:00|1654200420|102.695|103.5|103.5|101.89|102.0|9155|102.917523
2022-06-02T16:08:00|1654200480|101.61500000000001|102.0|102.23|101.0|102.23|10047|101.712489
2022-06-02T16:09:00|1654200540|102.0|101.86|102.5|101.5|102.0|10516|101.98716
2022-06-02T16:10:00|1654200600|102.355|101.51|103.2|101.51|103.2|26435|102.217477
2022-06-02T16:11:00|1654200660|102.995|103.0|103.2|102.79|103.1|8986|103.14556
2022-06-02T16:12:00|1654200720|104.095|103.2|104.99|103.2|104.93|14129|103.638149
2022-06-02T16:13:00|1654200780|105.36|104.88|106.22|104.5|104.8|20861|105.24307
2022-06-02T16:14:00|1654200840|104.525|104.9|105.0|104.05|105.0|13035|104.502206
2022-06-02T16:15:00|1654200900|104.45|105.0|105.0|103.9|103.9|8122|104.53669
2022-06-02T16:16:00|1654200960|104.2|104.0|104.5|103.9|104.0|3135|104.02201
2022-06-02T16:17:00|1654201020|104.225|103.9|104.65|103.8|104.65|13861|104.014306
2022-06-02T16:18:00|1654201080|105.35499999999999|104.5|106.25|104.46|106.2|17401|105.347954
2022-06-02T16:19:00|1654201140|106.465|106.19|106.75|106.18|106.5|24418|106.495289
2022-06-02T16:20:00|1654201200|106.41999999999999|106.5|106.6|106.24|106.4|10485|106.421297
2022-06-02T16:21:00|1654201260|107.095|106.3|107.99|106.2|107.99|22824|106.966937
2022-06-02T16:22:00|1654201320|107.64500000000001|107.99|108.29|107.0|108.0|21003|107.816771
2022-06-02T16:23:00|1654201380|108.685|108.26|109.55|107.82|109.08|21615|108.560936
2022-06-02T16:24:00|1654201440|108.99495|109.1|109.4899|108.5|108.5|24588|109.030228
2022-06-02T16:25:00|1654201500|108.24|108.3|108.77|107.71|108.53|10323|108.251496
2022-06-02T16:26:00|1654201560|108.0|108.3|108.3|107.7|107.85|10245|107.922825
2022-06-02T16:27:00|1654201620|108.03|107.66|108.4|107.66|108.01|5896|108.079486
2022-06-02T16:28:00|1654201680|107.735|108.02|108.16|107.31|107.76|4213|107.811702
2022-06-02T16:29:00|1654201740|107.825|107.76|108.15|107.5|108.15|7416|107.819351
2022-06-02T16:30:00|1654201800|108.6|108.21|109.0|108.2|108.5|7857|108.656132
2022-06-02T16:31:00|1654201860|108.405|108.41|108.8|108.01|108.42|14853|108.431771
2022-06-02T16:32:00|1654201920|107.925|108.19|108.19|107.66|107.98|6135|107.927765
2022-06-02T16:33:00|1654201980|108.445|107.94|108.95|107.94|108.9|7613|108.367101
2022-06-02T16:34:00|1654202040|108.91499999999999|108.77|109.12|108.71|108.75|8514|108.924172
2022-06-02T16:35:00|1654202100|109.255|108.75|109.84|108.67|109.18|8858|109.142712
2022-06-02T16:36:00|1654202160|109.15|109.28|109.3|109.0|109.0|4748|109.11481
2022-06-02T16:37:00|1654202220|109.13499999999999|109.12|109.27|109.0|109.0|4578|109.041721
2022-06-02T16:38:00|1654202280|108.8|108.8|108.8|108.8|108.8|1041|108.8
2022-06-02T16:39:00|1654202340|109.11500000000001|108.95|109.28|108.95|109.26|4805|109.019224
2022-06-02T16:40:00|1654202400|109.05000000000001|109.28|109.4|108.7|108.7|8529|109.116558
2022-06-02T16:41:00|1654202460|108.375|108.58|108.58|108.17|108.58|6729|108.324975
2022-06-02T16:42:00|1654202520|108.625|108.6|108.68|108.57|108.68|2570|108.588599
2022-06-02T16:43:00|1654202580|108.64|108.7|108.7|108.58|108.58|1292|108.60452
2022-06-02T16:44:00|1654202640|108.74000000000001|108.7|108.9|108.58|108.58|7948|108.791639
2022-06-02T16:45:00|1654202700|108.315|108.58|108.58|108.05|108.05|5092|108.265801
2022-06-02T16:46:00|1654202760|108.32499999999999|108.15|108.6|108.05|108.35|11184|108.24954
2022-06-02T16:47:00|1654202820|108.47999999999999|108.35|108.61|108.35|108.55|18711|108.534154
2022-06-02T16:48:00|1654202880|108.425|108.5|108.55|108.3|108.3|7845|108.49343
2022-06-02T16:49:00|1654202940|108.5|108.5|108.5|108.5|108.5|3750|108.5
2022-06-02T16:50:00|1654203000|109.06495|108.77|109.3599|108.77|109.0|5383|108.92883
2022-06-02T16:51:00|1654203060|109.1|109.0001|109.2|109.0|109.2|2499|109.024014
2022-06-02T16:52:00|1654203120|109.35|109.2|109.5|109.2|109.5|5195|109.402939
2022-06-02T16:53:00|1654203180|109.445|109.69|109.69|109.2|109.25|5850|109.483795
2022-06-02T16:54:00|1654203240|109.275|109.3|109.4|109.15|109.32|2189|109.322846
2022-06-02T16:55:00|1654203300|109.21|109.32|109.32|109.1|109.1|2700|109.179926
2022-06-02T16:56:00|1654203360|109.03|109.31|109.4|108.66|108.66|4415|109.107647
2022-06-02T16:57:00|1654203420|108.84|108.9|108.97|108.71|108.95|2491|108.800634
2022-06-02T16:58:00|1654203480|108.87|108.94|109.02|108.72|108.72|2167|108.898449
2022-06-02T16:59:00|1654203540|108.65|108.72|108.75|108.55|108.55|3231|108.705351
2022-06-02T17:00:00|1654203600|108.75|108.51|109.0|108.5|108.75|4465|108.754327
2022-06-02T17:01:00|1654203660|108.8|108.75|108.85|108.75|108.85|307|108.817427
2022-06-02T17:02:00|1654203720|108.68|108.53|108.85|108.51|108.8|1513|108.631335
2022-06-02T17:03:00|1654203780|108.62|108.62|108.62|108.62|108.62|280|108.62
2022-06-02T17:04:00|1654203840|108.39|108.65|108.66|108.12|108.12|5890|108.411757
2022-06-02T17:05:00|1654203900|107.855|108.2|108.2|107.51|107.9|4566|107.887735
2022-06-02T17:06:00|1654203960|108.13|107.9|108.46|107.8|107.81|5345|108.017612
2022-06-02T17:07:00|1654204020|107.6|108.0|108.0|107.2|107.4|6474|107.50407
2022-06-02T17:08:00|1654204080|107.525|107.5|107.75|107.3|107.35|7950|107.426289
2022-06-02T17:09:00|1654204140|107.635|107.41|107.87|107.4|107.65|9994|107.73754
2022-06-02T17:10:00|1654204200|107.1|107.7|107.7|106.5|106.95|6871|106.989555
2022-06-02T17:11:00|1654204260|107.25|107.0|107.5|107.0|107.48|3536|107.225034
2022-06-02T17:12:00|1654204320|107.745|107.51|108.0|107.49|108.0|1213|107.831822
2022-06-02T17:13:00|1654204380|107.67500000000001|107.45|107.9|107.45|107.7|1331|107.70293
2022-06-02T17:14:00|1654204440|108.0|107.71|108.29|107.71|108.29|1762|108.173087
2022-06-02T17:15:00|1654204500|107.965|108.3|108.3|107.63|107.63|1950|108.232308
2022-06-02T17:16:00|1654204560|107.84|107.73|107.97|107.71|107.86|744|107.808575
2022-06-02T17:17:00|1654204620|107.93|107.86|108.0|107.86|108.0|1060|107.966981
2022-06-02T17:18:00|1654204680|108.11500000000001|108.0|108.23|108.0|108.0|3402|108.010582
2022-06-02T17:19:00|1654204740|107.76|108.0|108.12|107.4|107.4|1677|107.667144
2022-06-02T17:20:00|1654204800|107.22|107.32|107.32|107.12|107.16|373|107.223485
2022-06-02T17:21:00|1654204860|107.535|107.5|107.63|107.44|107.63|3431|107.502623
2022-06-02T17:22:00|1654204920|107.7|107.5|107.9|107.5|107.9|1115|107.830121
2022-06-02T17:23:00|1654204980|108.14500000000001|108.0|108.29|108.0|108.29|1540|108.116299
2022-06-02T17:24:00|1654205040|108.43|108.5|108.86|108.0|108.46|5051|108.508149
2022-06-02T17:25:00|1654205100|108.485|108.29|108.88|108.09|108.6|4752|108.586536
2022-06-02T17:26:00|1654205160|108.66999999999999|108.72|108.74|108.6|108.6|4499|108.630625
2022-06-02T17:27:00|1654205220|108.725|108.65|108.8|108.65|108.8|2200|108.761227
2022-06-02T17:28:00|1654205280|108.765|108.8|108.88|108.65|108.76|1755|108.797721
2022-06-02T17:29:00|1654205340|108.91499999999999|108.88|108.98|108.85|108.98|5760|108.933819
2022-06-02T17:30:00|1654205400|108.83|108.98|109.0|108.66|108.76|7428|108.939907
2022-06-02T17:31:00|1654205460|108.87|108.87|108.87|108.87|108.87|200|108.87
2022-06-02T17:33:00|1654205580|108.765|108.68|108.85|108.68|108.68|1133|108.736726
2022-06-02T17:34:00|1654205640|108.555|108.8|108.8|108.31|108.31|1610|108.646534
2022-06-02T17:35:00|1654205700|108.62|108.56|108.68|108.56|108.56|2358|108.584046
2022-06-02T17:36:00|1654205760|108.8|108.8|108.8|108.8|108.8|300|108.8
2022-06-02T17:37:00|1654205820|108.755|108.8|108.89|108.62|108.72|2582|108.8145
2022-06-02T17:38:00|1654205880|109.005|108.88|109.3|108.71|109.3|10325|109.04905
2022-06-02T17:39:00|1654205940|109.2|109.4|109.4|109.0|109.0|600|109.333333
2022-06-02T17:40:00|1654206000|108.975|109.1|109.15|108.8|109.0|3261|108.954293
2022-06-02T17:41:00|1654206060|108.61|108.82|108.82|108.4|108.54|7668|108.660541
2022-06-02T17:42:00|1654206120|108.14|108.4|108.4|107.88|108.0|8139|108.057631
2022-06-02T17:43:00|1654206180|107.975|108.06|108.29|107.66|107.78|4189|107.976806
2022-06-02T17:44:00|1654206240|107.815|107.71|107.97|107.66|107.96|4441|107.835524
2022-06-02T17:45:00|1654206300|108.17500000000001|107.97|108.45|107.9|108.45|7085|108.304651
2022-06-02T17:47:00|1654206420|108.0|108.0|108.0|108.0|108.0|1937|108.0
2022-06-02T17:48:00|1654206480|108.25|108.1|108.45|108.05|108.45|3767|108.134072
2022-06-02T17:49:00|1654206540|108.25|108.45|108.45|108.05|108.3|2603|108.413504
2022-06-02T17:50:00|1654206600|108.15|108.25|108.25|108.05|108.05|275|108.122727
2022-06-02T17:51:00|1654206660|108.14500000000001|108.2|108.2|108.09|108.2|1050|108.168571
2022-06-02T17:52:00|1654206720|108.3|108.3|108.3|108.3|108.3|1099|108.3
2022-06-02T17:53:00|1654206780|108.65|108.5|108.8|108.5|108.51|778|108.582519
2022-06-02T17:54:00|1654206840|108.475|108.4|108.65|108.3|108.4|1173|108.511211
2022-06-02T17:55:00|1654206900|108.62|108.59|108.65|108.59|108.65|1200|108.64
2022-06-02T17:56:00|1654206960|108.475|108.65|108.65|108.3|108.3|9733|108.320754
2022-06-02T17:59:00|1654207140|108.27|108.27|108.27|108.27|108.27|100|108.27
2022-06-02T18:00:00|1654207200|108.45|108.45|108.45|108.45|108.45|100|108.45
2022-06-02T18:01:00|1654207260|108.35|108.35|108.35|108.35|108.35|100|108.35
2022-06-02T18:02:00|1654207320|108.11500000000001|108.35|108.44|107.79|107.89|4544|108.16294
2022-06-02T18:03:00|1654207380|107.875|108.05|108.05|107.7|107.8|642|107.776636
2022-06-02T18:04:00|1654207440|108.03|107.91|108.15|107.91|108.15|484|107.959587
2022-06-02T18:05:00|1654207500|108.15|108.15|108.15|108.15|108.15|300|108.15
2022-06-02T18:06:00|1654207560|107.965|108.01|108.01|107.92|107.92|828|107.932935
2022-06-02T18:08:00|1654207680|107.86|107.82|107.9|107.82|107.9|500|107.836
2022-06-02T18:09:00|1654207740|107.96000000000001|107.92|108.0|107.92|108.0|231|107.965368
2022-06-02T18:10:00|1654207800|108.1|108.1|108.1|108.1|108.1|100|108.1
2022-06-02T18:12:00|1654207920|108.1|108.1|108.1|108.1|108.1|1200|108.1
2022-06-02T18:13:00|1654207980|108.14500000000001|108.5|108.5|107.79|107.79|1050|107.950476
2022-06-02T18:15:00|1654208100|107.79|107.79|107.79|107.79|107.79|222|107.79
2022-06-02T18:16:00|1654208160|107.88|107.88|107.88|107.88|107.88|100|107.88
2022-06-02T18:17:00|1654208220|108.0|108.0|108.0|108.0|108.0|200|108.0
2022-06-02T18:18:00|1654208280|108.03999999999999|108.08|108.08|108.0|108.0|425|108.042353
2022-06-02T18:19:00|1654208340|107.815|107.84|107.84|107.79|107.79|428|107.801682
2022-06-02T18:20:00|1654208400|108.09|108.09|108.09|108.09|108.09|120|108.09
2022-06-02T18:21:00|1654208460|108.15|108.15|108.15|108.15|108.15|400|108.15
2022-06-02T18:22:00|1654208520|108.3|108.3|108.3|108.3|108.3|100|108.3
2022-06-02T18:24:00|1654208640|108.31|108.31|108.31|108.31|108.31|100|108.31
2022-06-02T18:26:00|1654208760|108.65|108.5|108.8|108.5|108.8|1735|108.569164
2022-06-02T18:27:00|1654208820|108.8|108.8|108.8|108.8|108.8|502|108.8
2022-06-02T18:28:00|1654208880|108.5001|108.5001|108.5001|108.5001|108.5001|175|108.5001
2022-06-02T18:30:00|1654209000|108.75|108.75|108.75|108.75|108.75|100|108.75
2022-06-02T18:31:00|1654209060|108.67|108.6|108.75|108.59|108.75|1402|108.628559
2022-06-02T18:32:00|1654209120|108.85|108.88|108.9|108.8|108.9|1200|108.861667
2022-06-02T18:33:00|1654209180|108.91499999999999|108.83|109.0|108.83|108.97|1952|108.965415
2022-06-02T18:34:00|1654209240|108.91499999999999|108.86|108.97|108.86|108.86|302|108.897152
2022-06-02T18:35:00|1654209300|108.985|108.97|109.0|108.97|109.0|900|108.985389
2022-06-02T18:36:00|1654209360|109.07|109.07|109.07|109.07|109.07|200|109.07
2022-06-02T18:37:00|1654209420|109.1999|109.1999|109.1999|109.1999|109.1999|183|109.1999
2022-06-02T18:38:00|1654209480|109.0|109.0|109.0|109.0|109.0|200|109.0
2022-06-02T18:39:00|1654209540|108.815|108.83|108.83|108.8|108.8|500|108.81314
2022-06-02T18:43:00|1654209780|108.86500000000001|108.81|108.98|108.75|108.98|1520|108.936184
2022-06-02T18:44:00|1654209840|109.07|108.95|109.19|108.95|109.18|900|109.138889
2022-06-02T18:47:00|1654210020|108.875|108.95|108.95|108.8|108.9|400|108.9
2022-06-02T18:48:00|1654210080|108.9|108.8|109.0|108.8|108.91|1812|108.885762
2022-06-02T18:49:00|1654210140|108.99000000000001|108.98|109.0|108.98|109.0|803|108.988792
2022-06-02T18:50:00|1654210200|109.2|109.2|109.2|109.2|109.2|100|109.2
2022-06-02T18:51:00|1654210260|109.24000000000001|109.28|109.28|109.2|109.2|303|109.253597
2022-06-02T18:52:00|1654210320|109.28|109.28|109.28|109.28|109.28|300|109.28
2022-06-02T18:53:00|1654210380|109.19|109.19|109.19|109.19|109.19|100|109.19
2022-06-02T18:54:00|1654210440|109.2|109.2|109.2|109.2|109.2|100|109.2
2022-06-02T18:55:00|1654210500|109.05|109.05|109.05|109.05|109.05|100|109.05
2022-06-02T18:57:00|1654210620|109.18|109.18|109.18|109.18|109.18|200|109.18
2022-06-02T18:58:00|1654210680|109.2|109.2|109.2|109.2|109.2|200|109.2
2022-06-02T19:00:00|1654210800|109.225|109.22|109.23|109.22|109.23|200|109.225
2022-06-02T19:02:00|1654210920|109.4|109.3|109.5|109.3|109.5|2894|109.414824
2022-06-02T19:03:00|1654210980|109.475|109.4|109.55|109.4|109.55|1750|109.492286
2022-06-02T19:04:00|1654211040|109.45|109.45|109.45|109.45|109.45|260|109.45
2022-06-02T19:06:00|1654211160|109.57499999999999|109.55|109.6|109.55|109.6|500|109.58
2022-06-02T19:07:00|1654211220|109.64|109.73|109.73|109.55|109.55|1656|109.574783
2022-06-02T19:10:00|1654211400|109.32|109.32|109.32|109.32|109.32|400|109.32
2022-06-02T19:12:00|1654211520|109.47|109.47|109.47|109.47|109.47|100|109.47
2022-06-02T19:13:00|1654211580|109.31|109.32|109.32|109.3|109.3|750|109.305333
2022-06-02T19:16:00|1654211760|109.47|109.45|109.49|109.45|109.49|700|109.481429
2022-06-02T19:17:00|1654211820|109.53999999999999|109.49|109.59|109.49|109.59|1969|109.551453
2022-06-02T19:18:00|1654211880|109.59|109.59|109.59|109.59|109.59|312|109.59
2022-06-02T19:19:00|1654211940|109.61500000000001|109.64|109.64|109.59|109.59|372|109.620242
2022-06-02T19:20:00|1654212000|109.78999999999999|109.7|109.88|109.7|109.88|3976|109.78118
2022-06-02T19:21:00|1654212060|109.94|109.88|110.0|109.88|110.0|700|109.897143
2022-06-02T19:22:00|1654212120|109.86500000000001|109.75|109.98|109.75|109.98|1800|109.941667
2022-06-02T19:23:00|1654212180|109.8|109.8|109.8|109.8|109.8|100|109.8
2022-06-02T19:24:00|1654212240|109.75|109.75|109.75|109.75|109.75|300|109.75
2022-06-02T19:27:00|1654212420|109.705|109.6|109.81|109.6|109.81|1747|109.712421
2022-06-02T19:29:00|1654212540|109.69|109.68|109.7|109.68|109.7|250|109.692
2022-06-02T19:30:00|1654212600|109.82|109.82|109.82|109.82|109.82|700|109.82
2022-06-02T19:32:00|1654212720|109.575|109.65|109.65|109.5|109.65|1750|109.641429
2022-06-02T19:33:00|1654212780|109.52|109.52|109.52|109.52|109.52|100|109.52
2022-06-02T19:34:00|1654212840|109.65|109.65|109.65|109.65|109.65|983|109.65
2022-06-02T19:35:00|1654212900|109.7|109.7|109.7|109.7|109.7|200|109.7
2022-06-02T19:36:00|1654212960|109.7|109.7|109.7|109.7|109.7|349|109.7
2022-06-02T19:37:00|1654213020|109.85|109.85|109.85|109.85|109.85|500|109.85
2022-06-02T19:39:00|1654213140|109.85|109.85|109.85|109.85|109.85|1240|109.85
2022-06-02T19:40:00|1654213200|109.80005|109.8|109.8001|109.8|109.8|355|109.800028
2022-06-02T19:41:00|1654213260|109.89500000000001|109.89|109.9|109.89|109.9|731|109.896156
2022-06-02T19:42:00|1654213320|109.905|109.91|109.91|109.9|109.9|254|109.903937
2022-06-02T19:43:00|1654213380|109.9|109.9|109.9|109.9|109.9|100|109.9
2022-06-02T19:44:00|1654213440|109.93|109.93|109.93|109.93|109.93|100|109.93
2022-06-02T19:45:00|1654213500|109.9|109.9|109.9|109.9|109.9|380|109.9
2022-06-02T19:46:00|1654213560|109.875|109.8001|109.95|109.8|109.95|1305|109.825605
2022-06-02T19:47:00|1654213620|110.11|109.97|110.25|109.97|110.25|5258|110.016903
2022-06-02T19:48:00|1654213680|110.2|110.2|110.2|110.2|110.2|295|110.2
2022-06-02T19:49:00|1654213740|110.26|110.37|110.4|110.12|110.29|1480|110.291203
2022-06-02T19:50:00|1654213800|110.265|110.29|110.29|110.24|110.29|2196|110.281803
2022-06-02T19:51:00|1654213860|110.225|110.2|110.25|110.2|110.25|233|110.228541
2022-06-02T19:52:00|1654213920|110.225|110.25|110.25|110.2|110.2|500|110.24
2022-06-02T19:53:00|1654213980|110.35|110.35|110.35|110.35|110.35|750|110.35
2022-06-02T19:54:00|1654214040|110.475|110.35|110.6|110.35|110.6|675|110.531111
2022-06-02T19:55:00|1654214100|110.675|110.6|110.85|110.5|110.85|2409|110.612453
2022-06-02T19:56:00|1654214160|110.39500000000001|110.42|110.42|110.37|110.37|700|110.388571
2022-06-02T19:57:00|1654214220|110.50999999999999|110.45|110.6|110.42|110.6|900|110.504989
2022-06-02T19:58:00|1654214280|110.635|110.44|110.84|110.43|110.84|3256|110.638753
2022-06-02T19:59:00|1654214340|110.53|110.7|110.7|110.36|110.52|7249|110.484221
2022-06-03T04:04:00|1654243440|108.6|108.6|108.6|108.6|108.6|250|108.6
2022-06-03T04:05:00|1654243500|108.5|108.5|108.5|108.5|108.5|100|108.5
2022-06-03T04:06:00|1654243560|108.515|108.5|108.53|108.5|108.53|483|108.506211
2022-06-03T04:07:00|1654243620|108.53|108.53|108.53|108.53|108.53|100|108.53
2022-06-03T04:10:00|1654243800|108.54|108.54|108.54|108.54|108.54|220|108.54
2022-06-03T04:32:00|1654245120|109.4|109.4|109.4|109.4|109.4|200|109.4
2022-06-03T04:33:00|1654245180|109.4|109.4|109.4|109.4|109.4|200|109.4
2022-06-03T04:37:00|1654245420|108.72|108.72|108.72|108.72|108.72|100|108.72
2022-06-03T05:14:00|1654247640|109.02|109.02|109.02|109.02|109.02|100|109.02
2022-06-03T05:15:00|1654247700|109.03|109.03|109.03|109.03|109.03|100|109.03
2022-06-03T05:23:00|1654248180|109.0|109.0|109.0|109.0|109.0|707|109.0
2022-06-03T05:25:00|1654248300|108.82499999999999|109.02|109.02|108.63|109.02|400|108.9225
2022-06-03T05:26:00|1654248360|108.655|108.55|108.77|108.54|108.54|1904|108.560966
2022-06-03T05:27:00|1654248420|108.51|108.51|108.51|108.51|108.51|600|108.51
2022-06-03T05:33:00|1654248780|109.0|109.0|109.0|109.0|109.0|421|109.0
2022-06-03T05:39:00|1654249140|108.59|108.6|108.6|108.58|108.58|240|108.588333
2022-06-03T05:49:00|1654249740|108.74|108.74|108.74|108.74|108.74|100|108.74
2022-06-03T05:59:00|1654250340|109.505|109.51|109.51|109.5|109.5|1266|109.50921
2022-06-03T06:02:00|1654250520|110.0|110.0|110.0|110.0|110.0|1292|110.0
2022-06-03T06:05:00|1654250700|109.5|109.5|109.5|109.5|109.5|300|109.5
2022-06-03T06:14:00|1654251240|109.5|109.5|109.5|109.5|109.5|300|109.5
2022-06-03T06:15:00|1654251300|109.5|109.5|109.5|109.5|109.5|472|109.5
2022-06-03T06:23:00|1654251780|109.74|109.74|109.74|109.74|109.74|1066|109.74
2022-06-03T06:24:00|1654251840|109.74|109.74|109.74|109.74|109.74|500|109.74
2022-06-03T06:26:00|1654251960|109.565|109.61|109.61|109.52|109.52|200|109.565
2022-06-03T06:27:00|1654252020|110.24000000000001|110.0|110.48|110.0|110.48|430|110.334884
2022-06-03T06:30:00|1654252200|110.5|110.5|110.5|110.5|110.5|260|110.5
2022-06-03T06:42:00|1654252920|109.275|110.05|110.05|108.5|108.5|3669|109.231524
2022-06-03T06:43:00|1654252980|108.505|108.51|108.51|108.5|108.5|606|108.50467
2022-06-03T06:44:00|1654253040|108.5|108.5|108.5|108.5|108.5|200|108.5
2022-06-03T06:50:00|1654253400|108.49|108.49|108.49|108.49|108.49|200|108.49
2022-06-03T07:00:00|1654254000|108.99000000000001|108.98|109.0|108.98|109.0|757|108.997358
2022-06-03T07:01:00|1654254060|108.88|109.21|109.21|108.55|109.2|4050|108.904173
2022-06-03T07:02:00|1654254120|108.85|109.15|109.15|108.55|108.85|1000|108.775
2022-06-03T07:03:00|1654254180|108.83|108.65|109.21|108.45|109.21|845|108.708284
2022-06-03T07:04:00|1654254240|108.325|108.5|108.5|108.15|108.5|7987|108.450654
2022-06-03T07:05:00|1654254300|108.075|108.45|108.5|107.65|107.65|4250|108.106833
2022-06-03T07:06:00|1654254360|107.875|107.75|108.0|107.75|108.0|200|107.875
2022-06-03T07:07:00|1654254420|108.11500000000001|108.1599|108.2|108.03|108.2|1271|108.169369
2022-06-03T07:08:00|1654254480|108.205|108.25|108.35|108.06|108.06|1306|108.308652
2022-06-03T07:11:00|1654254660|108.5|108.5|108.5|108.5|108.5|200|108.5
2022-06-03T07:15:00|1654254900|108.225|108.35|108.35|108.1|108.1|2684|108.120864
2022-06-03T07:16:00|1654254960|107.675|107.71|107.8|107.55|107.72|6329|107.717565
2022-06-03T07:17:00|1654255020|107.965|107.82|108.11|107.82|108.11|1616|108.010062
2022-06-03T07:18:00|1654255080|108.66|108.52|108.8|108.52|108.8|2127|108.698811
2022-06-03T07:19:00|1654255140|108.41|108.41|108.41|108.41|108.41|1322|108.41
2022-06-03T07:20:00|1654255200|108.3|108.3|108.3|108.3|108.3|903|108.3
2022-06-03T07:23:00|1654255380|108.49995|108.5|108.5|108.4999|108.5|1033|108.499968
2022-06-03T07:24:00|1654255440|108.33|108.16|108.5|108.16|108.5|700|108.451429
2022-06-03T07:27:00|1654255620|108.7|108.5|108.9|108.5|108.9|400|108.7
2022-06-03T07:28:00|1654255680|108.5|108.5|108.5|108.5|108.5|1150|108.5
2022-06-03T07:29:00|1654255740|108.92|108.92|108.92|108.92|108.92|370|108.92
2022-06-03T07:31:00|1654255860|108.7|108.7|108.7|108.7|108.7|100|108.7
2022-06-03T07:32:00|1654255920|108.85|108.89|109.0|108.7|108.7|500|108.894
2022-06-03T07:34:00|1654256040|108.5|108.5|108.5|108.5|108.5|1106|108.5
2022-06-03T07:35:00|1654256100|108.37|108.2|108.54|108.2|108.54|200|108.37
2022-06-03T07:36:00|1654256160|108.5|108.5|108.5|108.5|108.5|100|108.5
2022-06-03T07:39:00|1654256340|108.3|108.3|108.3|108.3|108.3|100|108.3
2022-06-03T07:40:00|1654256400|108.4|108.57|108.6|108.2|108.5|6044|108.491231
2022-06-03T07:42:00|1654256520|108.2|108.2|108.2|108.2|108.2|150|108.2
2022-06-03T07:43:00|1654256580|108.41|108.49|108.5|108.32|108.5|2912|108.483798
2022-06-03T07:44:00|1654256640|108.32|108.32|108.32|108.32|108.32|100|108.32
2022-06-03T07:47:00|1654256820|108.335|108.35|108.35|108.32|108.32|200|108.335
2022-06-03T07:48:00|1654256880|108.4|108.4|108.4|108.4|108.4|100|108.4
2022-06-03T07:49:00|1654256940|108.6|108.6|108.6|108.6|108.6|325|108.6
2022-06-03T07:51:00|1654257060|108.49|108.49|108.49|108.49|108.49|400|108.49
2022-06-03T07:53:00|1654257180|108.49|108.49|108.49|108.49|108.49|300|108.49
2022-06-03T07:57:00|1654257420|108.22999999999999|108.38|108.38|108.08|108.08|1129|108.276572
2022-06-03T07:58:00|1654257480|107.955|108.08|108.11|107.8|107.97|2130|107.976244
2022-06-03T07:59:00|1654257540|107.9|107.9|107.9|107.9|107.9|100|107.9
2022-06-03T08:00:00|1654257600|108.25|108.37|108.5|108.0|108.0|1550|108.435123
2022-06-03T08:01:00|1654257660|108.435|108.45|108.45|108.42|108.42|1800|108.443333
2022-06-03T08:02:00|1654257720|108.55|108.6|108.6|108.5|108.5|1117|108.56419
2022-06-03T08:03:00|1654257780|108.52000000000001|108.59|108.59|108.45|108.45|2023|108.52133
2022-06-03T08:04:00|1654257840|108.32|108.32|108.32|108.32|108.32|100|108.32
2022-06-03T08:05:00|1654257900|108.42500000000001|108.45|108.45|108.4|108.4|640|108.434375
2022-06-03T08:06:00|1654257960|108.58|108.58|108.58|108.58|108.58|300|108.58
2022-06-03T08:07:00|1654258020|108.565|108.58|108.58|108.55|108.55|2322|108.578708
2022-06-03T08:08:00|1654258080|108.63|108.63|108.63|108.63|108.63|700|108.63
2022-06-03T08:09:00|1654258140|108.63|108.63|108.63|108.63|108.63|427|108.63
2022-06-03T08:10:00|1654258200|108.565|108.63|108.63|108.5|108.59|2500|108.5632
2022-06-03T08:11:00|1654258260|108.69|108.75|108.75|108.63|108.63|350|108.681429
2022-06-03T08:12:00|1654258320|108.73|108.73|108.73|108.73|108.73|650|108.73
2022-06-03T08:13:00|1654258380|108.625|108.75|108.75|108.5|108.5|745|108.640993
2022-06-03T08:14:00|1654258440|108.515|108.5|108.53|108.5|108.5|2108|108.515512
2022-06-03T08:15:00|1654258500|108.4999|108.4999|108.4999|108.4999|108.4999|300|108.4999
2022-06-03T08:17:00|1654258620|108.25|108.25|108.25|108.25|108.25|200|108.25
2022-06-03T08:18:00|1654258680|108.3|108.3|108.3|108.3|108.3|184|108.3
2022-06-03T08:19:00|1654258740|108.13|108.13|108.13|108.13|108.13|200|108.13
2022-06-03T08:20:00|1654258800|108.11|108.2|108.2|108.02|108.02|300|108.09
2022-06-03T08:21:00|1654258860|108.05|108.02|108.1|108.0|108.1|1348|108.027448
2022-06-03T08:22:00|1654258920|108.1|108.1|108.1|108.1|108.1|100|108.1
2022-06-03T08:24:00|1654259040|107.975|107.9|108.05|107.9|108.05|1707|107.958875
2022-06-03T08:25:00|1654259100|108.025|108.0|108.05|108.0|108.05|735|108.027211
2022-06-03T08:26:00|1654259160|108.31|108.4|108.4|108.22|108.22|2266|108.300494
2022-06-03T08:27:00|1654259220|108.31|108.4|108.4|108.22|108.22|2384|108.323658
2022-06-03T08:28:00|1654259280|108.25999999999999|108.3|108.3|108.22|108.3|500|108.284
2022-06-03T08:29:00|1654259340|108.22|108.22|108.22|108.22|108.22|100|108.22
2022-06-03T08:30:00|1654259400|108.4|108.22|108.75|108.05|108.75|4042|108.473404
2022-06-03T08:31:00|1654259460|108.7|108.73|108.9|108.5|108.69|3300|108.667788
2022-06-03T08:32:00|1654259520|108.275|108.28|108.5|108.05|108.5|1070|108.238692
2022-06-03T08:33:00|1654259580|108.31|108.5|108.5|108.12|108.47|550|108.38
2022-06-03T08:34:00|1654259640|108.78|108.78|108.78|108.78|108.78|800|108.78
2022-06-03T08:35:00|1654259700|108.785|108.99|108.99|108.58|108.767|990|108.773535
2022-06-03T08:36:00|1654259760|108.33500000000001|108.47|108.47|108.2|108.2|300|108.38
2022-06-03T08:37:00|1654259820|108.31|108.31|108.42|108.2|108.42|1570|108.221019
2022-06-03T08:38:00|1654259880|108.25|108.25|108.25|108.25|108.25|100|108.25
2022-06-03T08:39:00|1654259940|108.34|108.22|108.46|108.22|108.46|300|108.3
2022-06-03T08:40:00|1654260000|108.4|108.25|108.55|108.25|108.55|1550|108.297097
2022-06-03T08:41:00|1654260060|107.88499999999999|108.27|108.27|107.5|107.5|18981|107.972711
2022-06-03T08:42:00|1654260120|107.32499999999999|107.47|107.55|107.1|107.1|7852|107.341496
2022-06-03T08:43:00|1654260180|106.89500000000001|107.08|107.14|106.65|106.78|4330|106.873582
2022-06-03T08:44:00|1654260240|106.805|106.78|107.0|106.61|106.8|849|106.858657
2022-06-03T08:45:00|1654260300|107.00999999999999|107.01|107.25|106.77|107.25|1110|106.979369
2022-06-03T08:46:00|1654260360|107.375|107.25|107.5|107.25|107.49|4797|107.341985
2022-06-03T08:47:00|1654260420|107.595|107.49|107.95|107.24|107.24|5351|107.562719
2022-06-03T08:48:00|1654260480|107.235|107.22|107.25|107.22|107.25|497|107.234487
2022-06-03T08:49:00|1654260540|107.24|107.46|107.46|107.02|107.02|2300|107.199696
2022-06-03T08:50:00|1654260600|107.35|107.35|107.35|107.35|107.35|300|107.35
2022-06-03T08:51:00|1654260660|107.36|107.35|107.47|107.25|107.47|4318|107.306971
2022-06-03T08:52:00|1654260720|107.16|107.3|107.52|106.8|107.06|5927|107.169857
2022-06-03T08:53:00|1654260780|107.25|107.0|107.5|107.0|107.5|1186|107.206324
2022-06-03T08:55:00|1654260900|106.85|106.85|106.85|106.85|106.85|300|106.85
2022-06-03T08:56:00|1654260960|106.93|106.93|106.93|106.93|106.93|300|106.93
2022-06-03T08:58:00|1654261080|107.0|107.0|107.0|107.0|107.0|817|107.0
2022-06-03T08:59:00|1654261140|107.215|107.04|107.43|107.0|107.43|400|107.1175
2022-06-03T09:00:00|1654261200|107.27000000000001|107.34|107.43|107.11|107.11|1042|107.315374
2022-06-03T09:01:00|1654261260|107.18|107.33|107.34|107.02|107.34|3982|107.331462
2022-06-03T09:02:00|1654261320|107.425|107.35|107.5|107.35|107.5|726|107.394256
2022-06-03T09:03:00|1654261380|107.14|107.14|107.14|107.14|107.14|100|107.14
2022-06-03T09:05:00|1654261500|107.32|107.3|107.34|107.3|107.34|200|107.32
2022-06-03T09:06:00|1654261560|107.41499999999999|107.38|107.45|107.38|107.45|598|107.415117
2022-06-03T09:07:00|1654261620|107.41|107.43|107.45|107.37|107.37|900|107.438889
2022-06-03T09:08:00|1654261680|107.35|107.26|107.45|107.25|107.25|550|107.306364
2022-06-03T09:09:00|1654261740|107.4|107.4|107.4|107.4|107.4|300|107.4
2022-06-03T09:10:00|1654261800|107.4|107.4|107.4|107.4|107.4|450|107.4
2022-06-03T09:11:00|1654261860|107.3|107.35|107.35|107.25|107.25|1824|107.255482
2022-06-03T09:12:00|1654261920|106.89500000000001|107.0|107.01|106.78|106.89|5740|106.940871
2022-06-03T09:13:00|1654261980|107.045|106.89|107.2|106.89|106.94|1423|106.994076
2022-06-03T09:14:00|1654262040|107.12|107.06|107.18|107.06|107.14|1850|107.135676
2022-06-03T09:15:00|1654262100|106.89|106.89|107.0|106.78|107.0|2437|106.889335
2022-06-03T09:16:00|1654262160|107.07|107.0|107.14|107.0|107.14|1600|107.00875
2022-06-03T09:17:00|1654262220|107.1|107.1|107.1|107.1|107.1|800|107.1
2022-06-03T09:18:00|1654262280|107.125|107.05|107.25|107.0|107.25|1515|107.083498
2022-06-03T09:19:00|1654262340|107.5|107.5|107.5|107.5|107.5|100|107.5
2022-06-03T09:20:00|1654262400|107.25|107.34|107.5|107.0|107.0|1124|107.441281
2022-06-03T09:21:00|1654262460|107.11|107.0|107.22|107.0|107.22|1260|107.038889
2022-06-03T09:22:00|1654262520|106.95005|107.05|107.12|106.7801|106.7801|2843|106.98453
2022-06-03T09:23:00|1654262580|106.83|106.9|107.0|106.66|106.66|2792|106.844183
2022-06-03T09:24:00|1654262640|106.465|106.66|106.66|106.27|106.5|5505|106.482688
2022-06-03T09:25:00|1654262700|107.36500000000001|106.73|108.11|106.62|108.11|23816|107.381861
2022-06-03T09:26:00|1654262760|108.175|107.95|108.5|107.85|108.47|5090|108.128947
2022-06-03T09:27:00|1654262820|108.715|108.5|109.16|108.27|109.05|7869|108.786252
2022-06-03T09:28:00|1654262880|108.315|108.36|108.61|108.02|108.19|3035|108.288072
2022-06-03T09:29:00|1654262940|107.16|107.82|107.82|106.5|106.5|810|107.078815
2022-06-03T09:30:00|1654263000|108.02495|106.95|109.8999|106.15|109.5101|365963|107.521418
2022-06-03T09:31:00|1654263060|110.185|109.56|111.35|109.02|109.195|249662|110.139684
2022-06-03T09:32:00|1654263120|108.02005|109.2033|109.48|106.5601|107.3633|168879|107.977875
2022-06-03T09:33:00|1654263180|108.44505000000001|107.4|109.75|107.1401|108.78|156262|108.717933
2022-06-03T09:34:00|1654263240|107.28|108.7734|109.01|105.55|107.07|149559|106.598581
2022-06-03T09:35:00|1654263300|106.43995|106.8947|107.2799|105.6|106.17|91020|106.306341
2022-06-03T09:36:00|1654263360|106.68|106.17|107.53|105.83|105.9635|125044|106.351666
2022-06-03T09:37:00|1654263420|105.275|105.88|106.14|104.41|104.725|160963|105.497452
2022-06-03T09:38:00|1654263480|104.89994999999999|104.84|105.5499|104.25|104.57|134145|104.789658
2022-06-03T09:39:00|1654263540|105.00495000000001|104.6044|105.4999|104.51|105.4999|93849|105.000343
2022-06-03T09:40:00|1654263600|105.775|105.34|106.48|105.07|105.3553|96363|105.737206
2022-06-03T09:41:00|1654263660|104.90145|105.335|105.5028|104.3001|105.085|88032|104.926322
2022-06-03T09:42:00|1654263720|105.45|105.085|105.9|105.0|105.3979|51072|105.504114
2022-06-03T09:43:00|1654263780|104.985|105.18|105.42|104.55|105.135|43807|105.003117
2022-06-03T09:44:00|1654263840|104.65|105.0829|105.68|103.62|103.7678|82635|104.531323
2022-06-03T09:45:00|1654263900|103.62004999999999|103.8675|104.1|103.1401|103.23|78076|103.66139
2022-06-03T09:46:00|1654263960|103.59185|103.38|103.9637|103.22|103.4924|47232|103.599884
2022-06-03T09:47:00|1654264020|103.6837|103.56|103.9674|103.4|103.565|56433|103.692745
2022-06-03T09:48:00|1654264080|103.625|103.56|103.89|103.36|103.67|41581|103.62107
2022-06-03T09:49:00|1654264140|104.03005|103.5601|104.5|103.5601|103.94|63154|104.074591
2022-06-03T09:50:00|1654264200|104.32|104.0|104.93|103.71|104.515|56145|104.243419
2022-06-03T09:51:00|1654264260|104.195|104.5094|104.66|103.73|104.055|52878|104.111391
2022-06-03T09:52:00|1654264320|103.81495000000001|104.1|104.1199|103.51|103.669|51863|103.702832
2022-06-03T09:53:00|1654264380|103.13749999999999|103.615|103.615|102.66|103.03|96686|103.059031
2022-06-03T09:54:00|1654264440|103.07499999999999|102.9808|103.44|102.71|103.34|31350|103.084393
2022-06-03T09:55:00|1654264500|104.16749999999999|103.485|104.86|103.475|104.82|55303|104.255937
2022-06-03T09:56:00|1654264560|104.96315|104.8803|105.49|104.4363|105.315|65322|105.109839
2022-06-03T09:57:00|1654264620|105.13999999999999|105.46|105.46|104.82|105.2302|39273|105.156405
2022-06-03T09:58:00|1654264680|105.345|105.2|105.69|105.0|105.2401|40929|105.292613
2022-06-03T09:59:00|1654264740|105.485|105.3885|105.87|105.1|105.275|55503|105.503236
2022-06-03T10:00:00|1654264800|105.13499999999999|105.4365|105.61|104.66|105.43|50894|105.162662
2022-06-03T10:01:00|1654264860|105.85499999999999|105.5311|106.69|105.02|106.38|91323|105.870166
2022-06-03T10:02:00|1654264920|105.98865|106.36|106.3773|105.6|105.96|53004|105.993551
2022-06-03T10:03:00|1654264980|106.37|105.86|106.88|105.86|106.5|79550|106.520086
2022-06-03T10:04:00|1654265040|105.93515|106.31|106.36|105.5103|105.68|55797|105.933384
2022-06-03T10:05:00|1654265100|105.71|105.675|106.1|105.32|105.92|59512|105.665659
2022-06-03T10:06:00|1654265160|106.275|106.065|106.89|105.66|106.53|68682|106.433653
2022-06-03T10:07:00|1654265220|106.55505|106.6067|106.85|106.2601|106.53|58503|106.602899
2022-06-03T10:08:00|1654265280|106.14179999999999|106.5876|106.5876|105.696|105.92|40000|106.031219
2022-06-03T10:09:00|1654265340|105.33905|105.97|106.12|104.5581|104.74|58860|105.18828
2022-06-03T10:10:00|1654265400|105.168|104.7|105.74|104.596|105.125|53002|105.210396
2022-06-03T10:11:00|1654265460|104.59325|105.125|105.1365|104.05|104.828|48288|104.465562
2022-06-03T10:12:00|1654265520|104.69|104.7553|105.0|104.38|104.58|31217|104.667108
2022-06-03T10:13:00|1654265580|104.78|104.59|105.18|104.38|104.99|37771|104.688433
2022-06-03T10:14:00|1654265640|104.795|104.85|105.05|104.54|104.74|27027|104.863154
2022-06-03T10:15:00|1654265700|105.092|104.59|105.75|104.434|105.63|34603|105.042174
2022-06-03T10:16:00|1654265760|105.20394999999999|105.57|105.64|104.7679|104.98|38154|105.133166
2022-06-03T10:17:00|1654265820|104.88499999999999|104.91|105.19|104.58|105.12|50762|104.926426
2022-06-03T10:18:00|1654265880|104.875|105.05|105.19|104.56|104.86|24894|104.932011
2022-06-03T10:19:00|1654265940|104.53999999999999|104.7985|104.92|104.16|104.4448|29162|104.52415
2022-06-03T10:20:00|1654266000|104.11500000000001|104.4625|104.5|103.73|103.895|45271|104.050924
2022-06-03T10:21:00|1654266060|104.16829999999999|103.895|104.4416|103.895|104.415|29960|104.161817
2022-06-03T10:22:00|1654266120|104.79115|104.419|105.1633|104.419|105.14|49676|104.917825
2022-06-03T10:23:00|1654266180|105.63499999999999|105.16|106.14|105.13|105.755|68586|105.619459
2022-06-03T10:24:00|1654266240|105.725|105.7227|105.98|105.47|105.5393|40364|105.793378
2022-06-03T10:25:00|1654266300|105.4|105.54|105.55|105.25|105.36|18669|105.450642
2022-06-03T10:26:00|1654266360|105.145|105.38|105.49|104.8|104.8|57740|105.167822
2022-06-03T10:27:00|1654266420|105.0513|104.96|105.2126|104.89|105.02|17846|105.075946
2022-06-03T10:28:00|1654266480|104.73750000000001|104.95|105.025|104.45|104.47|37060|104.717014
2022-06-03T10:29:00|1654266540|104.55|104.49|104.82|104.28|104.7647|27897|104.524723
2022-06-03T10:30:00|1654266600|104.745|104.82|104.99|104.5|104.81|15801|104.688223
2022-06-03T10:31:00|1654266660|104.94|104.64|105.33|104.55|105.075|46256|104.9862
2022-06-03T10:32:00|1654266720|104.97999999999999|105.1236|105.22|104.74|105.09|18958|104.987963
2022-06-03T10:33:00|1654266780|105.05|105.09|105.21|104.89|104.89|14729|105.069462
2022-06-03T10:34:00|1654266840|105.095|104.9757|105.3|104.89|105.125|22439|105.124266
2022-06-03T10:35:00|1654266900|105.04995|105.05|105.3099|104.79|105.06|20513|105.090234
2022-06-03T10:36:00|1654266960|104.745|104.98|104.99|104.5|104.5001|31841|104.694518
2022-06-03T10:37:00|1654267020|104.655|104.5622|104.81|104.5|104.78|21084|104.601832
2022-06-03T10:38:00|1654267080|104.67005|104.74|104.83|104.5101|104.73|20794|104.678969
2022-06-03T10:39:00|1654267140|104.9125|104.735|105.14|104.685|105.0|31847|104.917192
2022-06-03T10:40:00|1654267200|104.86|104.91|104.97|104.75|104.76|35651|104.789074
2022-06-03T10:41:00|1654267260|104.685|104.75|104.82|104.55|104.8|23553|104.671735
2022-06-03T10:42:00|1654267320|104.755|104.765|105.0|104.51|104.6|16852|104.735065
2022-06-03T10:43:00|1654267380|104.975|104.68|105.3|104.65|105.0415|34129|104.936704
2022-06-03T10:44:00|1654267440|105.055|105.05|105.27|104.84|105.18|26476|105.054068
2022-06-03T10:45:00|1654267500|104.89|105.14|105.18|104.6|104.725|28472|104.88281
2022-06-03T10:46:00|1654267560|104.62495|104.6989|104.8399|104.41|104.58|34302|104.591775
2022-06-03T10:47:00|1654267620|104.525|104.71|104.77|104.28|104.43|32842|104.487349
2022-06-03T10:48:00|1654267680|104.30975000000001|104.36|104.4395|104.18|104.2514|17073|104.291788
2022-06-03T10:49:00|1654267740|103.875|104.31|104.37|103.38|103.45|43926|103.843881
2022-06-03T10:50:00|1654267800|103.44|103.435|103.68|103.2|103.3725|37258|103.435162
2022-06-03T10:51:00|1654267860|103.09785|103.3219|103.3657|102.83|102.93|43861|103.003022
2022-06-03T10:52:00|1654267920|102.64|102.925|102.98|102.3|102.91|48380|102.665045
2022-06-03T10:53:00|1654267980|102.84005|102.915|103.15|102.5301|102.76|38180|102.825759
2022-06-03T10:54:00|1654268040|102.635|102.71|102.93|102.34|102.4|30297|102.604546
2022-06-03T10:55:00|1654268100|102.3|102.45|102.55|102.05|102.155|32364|102.319144
2022-06-03T10:56:00|1654268160|102.17085|102.05|102.3017|102.04|102.14|17658|102.177315
2022-06-03T10:57:00|1654268220|102.4821|102.2|102.82|102.1442|102.62|38436|102.539885
2022-06-03T10:58:00|1654268280|102.68515|102.63|102.8103|102.56|102.7951|20506|102.710557
2022-06-03T10:59:00|1654268340|102.2425|102.735|102.735|101.75|101.935|52153|102.130115
2022-06-03T11:00:00|1654268400|101.8144|101.93|102.0888|101.54|101.645|39179|101.823171
2022-06-03T11:01:00|1654268460|101.60505|101.63|101.83|101.3801|101.47|39866|101.633797
2022-06-03T11:02:00|1654268520|101.475|101.4717|101.68|101.27|101.33|34606|101.424249
2022-06-03T11:03:00|1654268580|101.38499999999999|101.27|101.61|101.16|101.4229|40974|101.400526
2022-06-03T11:04:00|1654268640|101.41505000000001|101.41|101.61|101.2201|101.54|23314|101.46834
2022-06-03T11:05:00|1654268700|101.33005|101.6|101.61|101.0501|101.2312|34772|101.318841
2022-06-03T11:06:00|1654268760|101.35|101.2893|101.43|101.27|101.38|12782|101.357101
2022-06-03T11:07:00|1654268820|101.3675|101.34|101.5|101.235|101.38|17066|101.374011
2022-06-03T11:08:00|1654268880|101.285|101.435|101.5099|101.0601|101.2|16988|101.205732
2022-06-03T11:09:00|1654268940|101.33834999999999|101.1844|101.4923|101.1844|101.22|16530|101.338009
2022-06-03T11:10:00|1654269000|101.2837|101.22|101.41|101.1574|101.41|6707|101.298359
2022-06-03T11:11:00|1654269060|101.39|101.43|101.61|101.17|101.305|19408|101.388239
2022-06-03T11:12:00|1654269120|101.2225|101.38|101.415|101.03|101.09|23633|101.242539
2022-06-03T11:13:00|1654269180|100.82499999999999|101.0527|101.1|100.55|100.715|44073|100.826096
2022-06-03T11:14:00|1654269240|100.92005|100.66|101.19|100.6501|101.06|38681|100.899464
2022-06-03T11:15:00|1654269300|101.17805|101.08|101.2899|101.0662|101.214|28552|101.192554
2022-06-03T11:16:00|1654269360|101.03|101.2|101.22|100.84|101.015|19996|101.032085
2022-06-03T11:17:00|1654269420|101.10499999999999|101.0416|101.24|100.97|101.12|20569|101.097656
2022-06-03T11:18:00|1654269480|101.25999999999999|101.13|101.41|101.11|101.41|26145|101.233114
2022-06-03T11:19:00|1654269540|101.6|101.45|101.92|101.28|101.83|43841|101.677561
2022-06-03T11:20:00|1654269600|101.78999999999999|101.7825|101.97|101.61|101.7403|20820|101.800517
2022-06-03T11:21:00|1654269660|101.5571|101.7|101.7142|101.4|101.5492|16810|101.572616
2022-06-03T11:22:00|1654269720|101.4655|101.56|101.62|101.311|101.55|21030|101.483893
2022-06-03T11:23:00|1654269780|101.445|101.51|101.57|101.32|101.45|22472|101.449921
2022-06-03T11:24:00|1654269840|101.23|101.4|101.45|101.01|101.065|20645|101.222608
2022-06-03T11:25:00|1654269900|101.11995|101.065|101.2899|100.95|101.0204|26699|101.106245
2022-06-03T11:26:00|1654269960|101.30975000000001|101.15|101.59|101.0295|101.35|37347|101.303137
2022-06-03T11:27:00|1654270020|101.27|101.35|101.47|101.07|101.419|21570|101.282971
2022-06-03T11:28:00|1654270080|101.33000000000001|101.415|101.48|101.18|101.305|17593|101.328324
2022-06-03T11:29:00|1654270140|101.15|101.37|101.37|100.93|101.09|37369|101.116675
2022-06-03T11:30:00|1654270200|101.05945|101.1394|101.1789|100.94|101.01|18533|101.063993
2022-06-03T11:31:00|1654270260|101.08|101.0|101.22|100.94|101.17|15520|101.068015
2022-06-03T11:32:00|1654270320|101.38499999999999|101.2659|101.63|101.14|101.515|33616|101.40939
2022-06-03T11:33:00|1654270380|101.44|101.53|101.58|101.3|101.4|33427|101.411122
2022-06-03T11:34:00|1654270440|101.3925|101.4|101.475|101.31|101.47|12675|101.404514
2022-06-03T11:35:00|1654270500|101.30275|101.42|101.438|101.1675|101.255|29001|101.27974
2022-06-03T11:36:00|1654270560|101.50999999999999|101.3|101.74|101.28|101.74|38755|101.503634
2022-06-03T11:37:00|1654270620|101.80365|101.69|101.95|101.6573|101.83|41578|101.851157
2022-06-03T11:38:00|1654270680|101.705|101.76|101.8|101.61|101.68|27278|101.734701
2022-06-03T11:39:00|1654270740|101.69999999999999|101.66|101.8|101.6|101.8|20963|101.731878
2022-06-03T11:40:00|1654270800|101.775|101.81|101.88|101.67|101.67|13463|101.778565
2022-06-03T11:41:00|1654270860|101.45895|101.6739|101.6739|101.244|101.2478|14113|101.429962
2022-06-03T11:42:00|1654270920|101.1877|101.2999|101.35|101.0254|101.2709|26822|101.154361
2022-06-03T11:43:00|1654270980|101.345|101.2|101.49|101.2|101.29|17217|101.351229
2022-06-03T11:44:00|1654271040|101.34|101.25|101.5|101.18|101.235|22188|101.346262
2022-06-03T11:45:00|1654271100|101.205|101.3|101.34|101.07|101.08|19925|101.192646
2022-06-03T11:46:00|1654271160|100.68|101.07|101.1|100.26|100.4516|46963|100.607399
2022-06-03T11:47:00|1654271220|100.49005|100.44|100.66|100.3201|100.63|29145|100.483879
2022-06-03T11:48:00|1654271280|100.44|100.6|100.61|100.27|100.3201|14164|100.418928
2022-06-03T11:49:00|1654271340|100.44999999999999|100.38|100.52|100.38|100.465|25057|100.468789
2022-06-03T11:50:00|1654271400|100.3736|100.46|100.5294|100.2178|100.415|24896|100.353327
2022-06-03T11:51:00|1654271460|100.595|100.45|100.79|100.4|100.6358|21572|100.583559
2022-06-03T11:52:00|1654271520|100.63|100.71|100.76|100.5|100.51|14577|100.566736
2022-06-03T11:53:00|1654271580|100.675|100.55|100.8|100.55|100.7699|13027|100.727486
2022-06-03T11:54:00|1654271640|100.69|100.72|100.77|100.61|100.69|9733|100.683726
2022-06-03T11:55:00|1654271700|100.9|100.66|101.16|100.64|101.0063|16498|100.913928
2022-06-03T11:56:00|1654271760|100.8425|101.0325|101.035|100.65|100.66|12070|100.82406
2022-06-03T11:57:00|1654271820|100.805|100.7062|100.91|100.7|100.8|8938|100.809098
2022-06-03T11:58:00|1654271880|100.74000000000001|100.81|100.86|100.62|100.755|8209|100.740041
2022-06-03T11:59:00|1654271940|100.675|100.755|100.83|100.52|100.52|12142|100.68993
2022-06-03T12:00:00|1654272000|100.5557|100.53|100.6999|100.4115|100.6887|16005|100.523255
2022-06-03T12:01:00|1654272060|100.62|100.7|100.79|100.45|100.51|17722|100.582727
2022-06-03T12:02:00|1654272120|100.525|100.51|100.66|100.39|100.4|18980|100.510142
2022-06-03T12:03:00|1654272180|100.5675|100.385|100.75|100.385|100.7013|38057|100.531155
2022-06-03T12:04:00|1654272240|100.705|100.752|100.86|100.55|100.635|16044|100.699057
2022-06-03T12:05:00|1654272300|100.63505|100.61|100.73|100.5401|100.58|15134|100.623597
2022-06-03T12:06:00|1654272360|100.47999999999999|100.58|100.6|100.36|100.36|20780|100.480709
2022-06-03T12:07:00|1654272420|100.185|100.355|100.36|100.01|100.15|29842|100.172638
2022-06-03T12:08:00|1654272480|100.02494999999999|100.15|100.1599|99.89|100.06|43162|100.060375
2022-06-03T12:09:00|1654272540|99.9691|100.06|100.1581|99.7801|99.8375|29415|100.019529
2022-06-03T12:10:00|1654272600|99.60040000000001|99.78|99.83|99.3708|99.485|53786|99.60047
2022-06-03T12:11:00|1654272660|99.43504999999999|99.45|99.57|99.3001|99.5139|35978|99.424806
2022-06-03T12:12:00|1654272720|99.475|99.52|99.63|99.32|99.3503|19953|99.50289
2022-06-03T12:13:00|1654272780|99.4225|99.39|99.505|99.34|99.5|23769|99.413191
2022-06-03T12:14:00|1654272840|99.49279999999999|99.5246|99.6198|99.3658|99.58|22722|99.505858
2022-06-03T12:15:00|1654272900|99.5925|99.61|99.675|99.51|99.54|15025|99.58901
2022-06-03T12:16:00|1654272960|99.79|99.555|100.025|99.555|100.009|32904|99.80497
2022-06-03T12:17:00|1654273020|100.01740000000001|99.955|100.19|99.8448|100.06|24326|100.016494
2022-06-03T12:18:00|1654273080|99.95|100.07|100.15|99.75|99.78|17098|99.9579
2022-06-03T12:19:00|1654273140|99.715|99.78|99.84|99.59|99.645|15854|99.696035
2022-06-03T12:20:00|1654273200|99.6925|99.65|99.78|99.605|99.66|12985|99.687975
2022-06-03T12:21:00|1654273260|99.72005|99.66|99.91|99.5301|99.8347|16043|99.688277
2022-06-03T12:22:00|1654273320|100.09|99.8821|100.3|99.88|100.24|21803|100.14769
2022-06-03T12:23:00|1654273380|100.5|100.24|100.78|100.22|100.705|28314|100.445931
2022-06-03T12:24:00|1654273440|100.5669|100.705|100.7067|100.4271|100.4598|22853|100.562266
2022-06-03T12:25:00|1654273500|100.29|100.36|100.4|100.18|100.27|15540|100.307494
2022-06-03T12:26:00|1654273560|100.205|100.275|100.32|100.09|100.27|7716|100.195494
2022-06-03T12:27:00|1654273620|100.29505|100.34|100.5|100.0901|100.425|36688|100.309073
2022-06-03T12:28:00|1654273680|100.5|100.38|100.69|100.31|100.69|17575|100.510789
2022-06-03T12:29:00|1654273740|100.685|100.65|100.84|100.53|100.82|30590|100.682652
2022-06-03T12:30:00|1654273800|100.775|100.83|100.91|100.64|100.745|17417|100.821565
2022-06-03T12:31:00|1654273860|100.645|100.6832|100.8|100.49|100.7|27700|100.644625
2022-06-03T12:32:00|1654273920|100.6445|100.71|100.724|100.565|100.6825|14746|100.64988
2022-06-03T12:33:00|1654273980|100.53945|100.71|100.7189|100.36|100.45|16050|100.527112
2022-06-03T12:34:00|1654274040|100.46770000000001|100.4201|100.5404|100.395|100.495|9589|100.466016
2022-06-03T12:35:00|1654274100|100.54625|100.48|100.65|100.4425|100.63|14972|100.56937
2022-06-03T12:36:00|1654274160|100.71515|100.69|100.93|100.5003|100.91|31780|100.786787
2022-06-03T12:37:00|1654274220|101.19|100.9699|101.51|100.87|101.342|65176|101.186457
2022-06-03T12:38:00|1654274280|101.24000000000001|101.43|101.43|101.05|101.32|18312|101.24571
2022-06-03T12:39:00|1654274340|101.2902|101.26|101.44|101.1404|101.35|29036|101.332868
2022-06-03T12:40:00|1654274400|101.315|101.3|101.41|101.22|101.29|26046|101.321972
2022-06-03T12:41:00|1654274460|101.17|101.31|101.39|100.95|101.0|22466|101.210288
2022-06-03T12:42:00|1654274520|101.045|101.01|101.14|100.95|101.1|17594|101.031093
2022-06-03T12:43:00|1654274580|100.8797|101.06|101.1199|100.6395|100.71|22835|100.824049
2022-06-03T12:44:00|1654274640|100.705|100.69|100.81|100.6|100.755|19426|100.70692
2022-06-03T12:45:00|1654274700|100.73535|100.77|100.8707|100.6|100.705|18143|100.73043
2022-06-03T12:46:00|1654274760|100.7504|100.69|100.85|100.6508|100.68|15726|100.725223
2022-06-03T12:47:00|1654274820|100.67|100.66|100.72|100.62|100.69|12844|100.684401
2022-06-03T12:48:00|1654274880|100.735|100.6425|100.85|100.62|100.83|4104|100.721887
2022-06-03T12:49:00|1654274940|100.93945|100.825|101.0789|100.8|100.905|18121|100.948581
2022-06-03T12:50:00|1654275000|100.63995|100.895|100.9388|100.3411|100.45|22227|100.530277
2022-06-03T12:51:00|1654275060|100.4096|100.3601|100.5799|100.2393|100.5|26479|100.426639
2022-06-03T12:52:00|1654275120|100.53995|100.51|100.6499|100.43|100.49|16200|100.52425
2022-06-03T12:53:00|1654275180|100.44104999999999|100.49|100.5321|100.35|100.4017|9957|100.446758
2022-06-03T12:54:00|1654275240|100.34905|100.451|100.4581|100.24|100.29|9138|100.34433
2022-06-03T12:55:00|1654275300|100.19495|100.25|100.3599|100.03|100.17|29497|100.177404
2022-06-03T12:56:00|1654275360|100.26495|100.17|100.3599|100.17|100.21|8103|100.251324
2022-06-03T12:57:00|1654275420|100.025|100.14|100.14|99.91|99.92|14802|99.994235
2022-06-03T12:58:00|1654275480|99.837|99.87|99.929|99.745|99.875|21596|99.840461
2022-06-03T12:59:00|1654275540|99.875|99.84|100.01|99.74|99.9431|10998|99.874224
2022-06-03T13:00:00|1654275600|100.04249999999999|99.95|100.21|99.875|100.19|15850|100.041881
2022-06-03T13:01:00|1654275660|100.2604|100.155|100.42|100.1008|100.34|15649|100.257445
2022-06-03T13:02:00|1654275720|100.47999999999999|100.34|100.66|100.3|100.59|12883|100.48145
2022-06-03T13:03:00|1654275780|100.53|100.5101|100.63|100.43|100.61|19231|100.540394
2022-06-03T13:04:00|1654275840|100.665|100.54|100.79|100.54|100.7264|16953|100.633545
2022-06-03T13:05:00|1654275900|100.675|100.69|100.75|100.6|100.67|2959|100.680924
2022-06-03T13:06:00|1654275960|100.685|100.715|100.77|100.6|100.68|9845|100.702787
2022-06-03T13:07:00|1654276020|100.5041|100.59|100.6382|100.37|100.44|10392|100.479178
2022-06-03T13:08:00|1654276080|100.275|100.38|100.39|100.16|100.195|11403|100.24812
2022-06-03T13:09:00|1654276140|100.19550000000001|100.2|100.391|100.0|100.3799|11063|100.181213
2022-06-03T13:10:00|1654276200|100.2425|100.3|100.3|100.185|100.225|2885|100.225945
2022-06-03T13:11:00|1654276260|99.965|100.21|100.21|99.72|99.985|21382|99.899357
2022-06-03T13:12:00|1654276320|99.94999999999999|100.0|100.02|99.88|100.0|9492|99.960696
2022-06-03T13:13:00|1654276380|99.87|99.92|100.01|99.73|99.73|7401|99.930151
2022-06-03T13:14:00|1654276440|99.64|99.78|99.78|99.5|99.57|20580|99.650576
2022-06-03T13:15:00|1654276500|99.45500000000001|99.5609|99.62|99.29|99.3899|15027|99.477806
2022-06-03T13:16:00|1654276560|99.47|99.39|99.57|99.37|99.4875|9583|99.483124
2022-06-03T13:17:00|1654276620|99.62|99.51|99.79|99.45|99.79|11169|99.636858
2022-06-03T13:18:00|1654276680|99.59505|99.74|99.78|99.4101|99.4101|16688|99.604415
2022-06-03T13:19:00|1654276740|99.4|99.39|99.5|99.3|99.34|9510|99.397687
2022-06-03T13:20:00|1654276800|99.341|99.3|99.46|99.222|99.25|11907|99.338753
2022-06-03T13:21:00|1654276860|99.36500000000001|99.24|99.61|99.12|99.555|17087|99.365417
2022-06-03T13:22:00|1654276920|99.45035|99.58|99.58|99.3207|99.41|6877|99.426797
2022-06-03T13:23:00|1654276980|99.32|99.41|99.41|99.23|99.2767|9536|99.34431
2022-06-03T13:24:00|1654277040|99.36|99.275|99.5|99.22|99.5|14422|99.312661
2022-06-03T13:25:00|1654277100|99.41495|99.415|99.4999|99.33|99.4141|9050|99.417496
2022-06-03T13:26:00|1654277160|99.385|99.45|99.48|99.29|99.33|9086|99.414115
2022-06-03T13:27:00|1654277220|99.345|99.31|99.48|99.21|99.4636|15752|99.356417
2022-06-03T13:28:00|1654277280|99.39750000000001|99.43|99.47|99.325|99.41|5544|99.380126
2022-06-03T13:29:00|1654277340|99.521|99.43|99.622|99.42|99.54|14006|99.517712
2022-06-03T13:30:00|1654277400|99.475|99.505|99.58|99.37|99.43|14866|99.46281
2022-06-03T13:31:00|1654277460|99.355|99.44|99.48|99.23|99.34|11469|99.330846
2022-06-03T13:32:00|1654277520|99.485|99.34|99.64|99.33|99.56|10261|99.451043
2022-06-03T13:33:00|1654277580|99.60305|99.54|99.7|99.5061|99.5418|15411|99.608826
2022-06-03T13:34:00|1654277640|99.715|99.6|99.83|99.6|99.6973|13595|99.737911
2022-06-03T13:35:00|1654277700|99.75999999999999|99.72|99.89|99.63|99.775|25244|99.829815
2022-06-03T13:36:00|1654277760|99.675|99.72|99.75|99.6|99.69|4960|99.675476
2022-06-03T13:37:00|1654277820|99.725|99.7031|99.81|99.64|99.67|5728|99.712777
2022-06-03T13:38:00|1654277880|99.537|99.674|99.674|99.4|99.48|9626|99.48654
2022-06-03T13:39:00|1654277940|99.4525|99.515|99.515|99.39|99.42|5400|99.466731
2022-06-03T13:40:00|1654278000|99.375|99.41|99.49|99.26|99.4|6924|99.403814
2022-06-03T13:41:00|1654278060|99.2025|99.3328|99.385|99.02|99.07|15059|99.176777
2022-06-03T13:42:00|1654278120|98.995|99.07|99.12|98.87|98.9|38250|98.992521
2022-06-03T13:43:00|1654278180|98.92|98.9|99.0|98.84|98.85|23298|98.89326
2022-06-03T13:44:00|1654278240|98.9725|98.8999|99.07|98.875|99.02|11492|98.968475
2022-06-03T13:45:00|1654278300|98.96995|99.025|99.0899|98.85|98.9|21184|98.918128
2022-06-03T13:46:00|1654278360|98.995|98.89|99.1|98.89|99.027|10560|98.967991
2022-06-03T13:47:00|1654278420|99.1725|99.1|99.27|99.075|99.215|9541|99.175215
2022-06-03T13:48:00|1654278480|99.22445|99.16|99.2989|99.15|99.1796|7030|99.221839
2022-06-03T13:49:00|1654278540|99.12505|99.13|99.18|99.0701|99.15|5900|99.114409
2022-06-03T13:50:00|1654278600|99.11500000000001|99.135|99.14|99.09|99.12|4498|99.117926
2022-06-03T13:51:00|1654278660|99.03895|99.07|99.1279|98.95|98.97|11519|99.054941
2022-06-03T13:52:00|1654278720|98.96000000000001|98.9921|99.05|98.87|99.0|6563|98.983905
2022-06-03T13:53:00|1654278780|99.12|99.04|99.2|99.04|99.14|12058|99.090135
2022-06-03T13:54:00|1654278840|99.07480000000001|99.14|99.2296|98.92|99.119|13772|99.089239
2022-06-03T13:55:00|1654278900|99.07005|99.09|99.1201|99.02|99.05|4572|99.074744
2022-06-03T13:56:00|1654278960|98.91999999999999|99.02|99.02|98.82|98.85|12425|98.884449
2022-06-03T13:57:00|1654279020|99.005|98.85|99.21|98.8|99.165|17242|99.00574
2022-06-03T13:58:00|1654279080|99.0864|99.165|99.18|98.9928|99.0|5754|99.089082
2022-06-03T13:59:00|1654279140|99.0175|99.01|99.07|98.965|99.03|9799|99.001154
2022-06-03T14:00:00|1654279200|98.98055|99.0|99.03|98.9311|99.03|9989|98.981724
2022-06-03T14:01:00|1654279260|99.045|99.0|99.14|98.95|99.07|8500|99.022059
2022-06-03T14:02:00|1654279320|99.19999999999999|99.08|99.32|99.08|99.28|13204|99.260838
2022-06-03T14:03:00|1654279380|99.47|99.34|99.65|99.29|99.635|32179|99.476508
2022-06-03T14:04:00|1654279440|99.6|99.635|99.72|99.48|99.6299|13037|99.604034
2022-06-03T14:05:00|1654279500|99.38|99.53|99.53|99.23|99.3|12094|99.333227
2022-06-03T14:06:00|1654279560|99.38499999999999|99.38|99.45|99.32|99.32|4360|99.355151
2022-06-03T14:07:00|1654279620|99.41495|99.4|99.5199|99.31|99.4706|14296|99.440439
2022-06-03T14:08:00|1654279680|99.505|99.48|99.56|99.45|99.55|13857|99.509131
2022-06-03T14:09:00|1654279740|99.61234999999999|99.58|99.7047|99.52|99.608|10500|99.616522
2022-06-03T14:10:00|1654279800|99.78495000000001|99.6299|99.94|99.6299|99.7456|19493|99.770213
2022-06-03T14:11:00|1654279860|99.79|99.78|99.93|99.65|99.73|22790|99.842518
2022-06-03T14:12:00|1654279920|99.69999999999999|99.69|99.74|99.66|99.7|4101|99.718869
2022-06-03T14:13:00|1654279980|99.745|99.735|99.81|99.68|99.783|7932|99.749387
2022-06-03T14:14:00|1654280040|99.70005|99.8|99.84|99.5601|99.5839|15885|99.726259
2022-06-03T14:15:00|1654280100|99.4786|99.56|99.6072|99.35|99.55|14134|99.510874
2022-06-03T14:16:00|1654280160|99.425|99.58|99.58|99.27|99.3|14431|99.360867
2022-06-03T14:17:00|1654280220|99.2375|99.335|99.335|99.14|99.14|5710|99.233506
2022-06-03T14:18:00|1654280280|99.22999999999999|99.21|99.35|99.11|99.32|9597|99.233955
2022-06-03T14:19:00|1654280340|99.365|99.326|99.46|99.27|99.4013|10049|99.355986
2022-06-03T14:20:00|1654280400|99.326|99.39|99.412|99.24|99.2956|5777|99.333334
2022-06-03T14:21:00|1654280460|99.21000000000001|99.27|99.27|99.15|99.22|6807|99.218186
2022-06-03T14:22:00|1654280520|99.1425|99.215|99.215|99.07|99.15|6787|99.142367
2022-06-03T14:23:00|1654280580|99.035|99.1|99.12|98.95|98.95|21253|99.01108
2022-06-03T14:24:00|1654280640|99.04995|99.02|99.1199|98.98|99.06|9557|99.043287
2022-06-03T14:25:00|1654280700|99.05725|99.04|99.1887|98.9258|99.11|13363|99.073339
2022-06-03T14:26:00|1654280760|99.1625|99.1|99.24|99.085|99.17|6150|99.140093
2022-06-03T14:27:00|1654280820|99.255|99.17|99.34|99.17|99.29|6846|99.284594
2022-06-03T14:28:00|1654280880|99.34|99.32|99.38|99.3|99.3471|5673|99.342111
2022-06-03T14:29:00|1654280940|99.5025|99.3271|99.71|99.295|99.685|19622|99.489713
2022-06-03T14:30:00|1654281000|99.555|99.71|99.71|99.4|99.44|21276|99.5434
2022-06-03T14:31:00|1654281060|99.395|99.4|99.47|99.32|99.39|10169|99.428123
2022-06-03T14:32:00|1654281120|99.36625000000001|99.4233|99.4525|99.28|99.3282|10560|99.372268
2022-06-03T14:33:00|1654281180|99.3|99.29|99.35|99.25|99.3|3500|99.309843
2022-06-03T14:34:00|1654281240|99.41|99.34|99.48|99.34|99.47|14197|99.423782
2022-06-03T14:35:00|1654281300|99.35|99.4488|99.48|99.22|99.25|5569|99.373856
2022-06-03T14:36:00|1654281360|99.3018|99.255|99.3486|99.255|99.29|1250|99.31892
2022-06-03T14:37:00|1654281420|99.11500000000001|99.23|99.23|99.0|99.0|9141|99.106387
2022-06-03T14:38:00|1654281480|99.03999999999999|99.0|99.13|98.95|99.0759|9245|99.042284
2022-06-03T14:39:00|1654281540|99.12|99.06|99.19|99.05|99.19|1900|99.114911
2022-06-03T14:40:00|1654281600|99.15|99.19|99.22|99.08|99.12|3370|99.145964
2022-06-03T14:41:00|1654281660|99.13999999999999|99.165|99.21|99.07|99.07|7000|99.172491
2022-06-03T14:42:00|1654281720|99.14|99.1|99.18|99.1|99.175|3379|99.134337
2022-06-03T14:43:00|1654281780|99.13495|99.2099|99.2099|99.06|99.12|4026|99.121689
2022-06-03T14:44:00|1654281840|99.2176|99.16|99.31|99.1252|99.27|12348|99.264745
2022-06-03T14:45:00|1654281900|99.26499999999999|99.28|99.32|99.21|99.23|7373|99.275023
2022-06-03T14:46:00|1654281960|99.16|99.26|99.26|99.06|99.09|7325|99.136603
2022-06-03T14:47:00|1654282020|99.13499999999999|99.0904|99.21|99.06|99.2|11086|99.179278
2022-06-03T14:48:00|1654282080|99.16999999999999|99.15|99.27|99.07|99.27|8300|99.163916
2022-06-03T14:49:00|1654282140|99.225|99.2481|99.27|99.18|99.205|3600|99.218622
2022-06-03T14:50:00|1654282200|99.2|99.18|99.25|99.15|99.25|2255|99.201246
2022-06-03T14:51:00|1654282260|99.2575|99.29|99.3|99.215|99.245|4324|99.272276
2022-06-03T14:52:00|1654282320|99.43|99.25|99.62|99.24|99.605|17842|99.438927
2022-06-03T14:53:00|1654282380|99.63730000000001|99.6269|99.7145|99.5601|99.6016|23668|99.633537
2022-06-03T14:54:00|1654282440|99.605|99.6|99.68|99.53|99.61|18463|99.582579
2022-06-03T14:55:00|1654282500|99.6|99.6199|99.67|99.53|99.63|12411|99.608006
2022-06-03T14:56:00|1654282560|99.755|99.64|99.87|99.64|99.7501|18725|99.771571
2022-06-03T14:57:00|1654282620|99.99295000000001|99.8159|100.17|99.8159|99.9334|37457|100.006846
2022-06-03T14:58:00|1654282680|100.02995|99.925|100.1599|99.9|100.0|19238|100.0346
2022-06-03T14:59:00|1654282740|99.9075|100.045|100.045|99.77|99.85|20900|99.882949
2022-06-03T15:00:00|1654282800|99.84465|99.8899|99.89|99.7993|99.835|13802|99.846877
2022-06-03T15:01:00|1654282860|99.65|99.835|99.86|99.44|99.47|37198|99.622979
2022-06-03T15:02:00|1654282920|99.375|99.45|99.4599|99.2901|99.4136|28442|99.404773
2022-06-03T15:03:00|1654282980|99.5009|99.4105|99.6618|99.34|99.59|13155|99.493299
2022-06-03T15:04:00|1654283040|99.61505|99.64|99.68|99.5501|99.595|8871|99.607042
2022-06-03T15:05:00|1654283100|99.51750000000001|99.5911|99.605|99.43|99.55|6292|99.485944
2022-06-03T15:06:00|1654283160|99.41|99.5|99.53|99.29|99.38|8948|99.383456
2022-06-03T15:07:00|1654283220|99.23495|99.33|99.3799|99.09|99.14|21421|99.204228
2022-06-03T15:08:00|1654283280|99.175|99.1|99.3|99.05|99.225|45712|99.154638
2022-06-03T15:09:00|1654283340|99.27000000000001|99.23|99.37|99.17|99.18|12648|99.250221
2022-06-03T15:10:00|1654283400|99.17|99.1488|99.26|99.08|99.095|14206|99.166594
2022-06-03T15:11:00|1654283460|98.97|99.1|99.1|98.84|98.86|12980|99.019449
2022-06-03T15:12:00|1654283520|98.815|98.86|98.95|98.68|98.74|23032|98.813916
2022-06-03T15:13:00|1654283580|98.78905|98.74|98.8781|98.7|98.84|8798|98.806733
2022-06-03T15:14:00|1654283640|98.82255|98.8201|98.855|98.7901|98.832|9960|98.819492
2022-06-03T15:15:00|1654283700|98.74000000000001|98.8|98.81|98.67|98.71|26245|98.766144
2022-06-03T15:16:00|1654283760|98.81005|98.72|98.92|98.7001|98.78|12983|98.813769
2022-06-03T15:17:00|1654283820|98.84|98.75|98.93|98.75|98.925|16608|98.849952
2022-06-03T15:18:00|1654283880|98.895|98.9|98.94|98.85|98.9|7390|98.886045
2022-06-03T15:19:00|1654283940|98.86535|98.9274|98.94|98.7907|98.7907|11825|98.853524
2022-06-03T15:20:00|1654284000|98.86500000000001|98.81|98.93|98.8|98.89|9237|98.851634
2022-06-03T15:21:00|1654284060|98.85499999999999|98.885|98.91|98.8|98.8|8907|98.845637
2022-06-03T15:22:00|1654284120|98.755|98.7801|98.79|98.72|98.79|10456|98.768255
2022-06-03T15:23:00|1654284180|98.87|98.76|99.0|98.74|98.975|16739|98.842208
2022-06-03T15:24:00|1654284240|99.11925|98.97|99.27|98.9685|99.26|23002|99.088994
2022-06-03T15:25:00|1654284300|99.185|99.21|99.3|99.07|99.125|20272|99.193822
2022-06-03T15:26:00|1654284360|99.065|99.09|99.15|98.98|99.1272|10885|99.069197
2022-06-03T15:27:00|1654284420|99.13499999999999|99.1101|99.25|99.02|99.105|16661|99.140381
2022-06-03T15:28:00|1654284480|99.04755|99.07|99.125|98.9701|99.085|7736|99.056386
2022-06-03T15:29:00|1654284540|99.1955|99.09|99.32|99.071|99.23|12787|99.201879
2022-06-03T15:30:00|1654284600|99.215|99.2604|99.38|99.05|99.055|27997|99.217396
2022-06-03T15:31:00|1654284660|99.06|99.04|99.12|99.0|99.03|12515|99.082035
2022-06-03T15:32:00|1654284720|99.06|99.03|99.12|99.0|99.09|8294|99.058513
2022-06-03T15:33:00|1654284780|99.215|99.1|99.33|99.1|99.215|18382|99.224812
2022-06-03T15:34:00|1654284840|99.245|99.19|99.36|99.13|99.34|14292|99.251534
2022-06-03T15:35:00|1654284900|99.41499999999999|99.35|99.52|99.31|99.5016|27768|99.401358
2022-06-03T15:36:00|1654284960|99.44|99.49|99.5|99.38|99.4|18320|99.428637
2022-06-03T15:37:00|1654285020|99.5|99.4|99.6|99.4|99.55|21635|99.501786
2022-06-03T15:38:00|1654285080|99.53505|99.55|99.6|99.4701|99.49|24007|99.535387
2022-06-03T15:39:00|1654285140|99.3252|99.495|99.52|99.1304|99.25|22601|99.300625
2022-06-03T15:40:00|1654285200|99.2725|99.24|99.32|99.225|99.295|8290|99.254394
2022-06-03T15:41:00|1654285260|99.135|99.25|99.29|98.98|98.98|22098|99.147047
2022-06-03T15:42:00|1654285320|99.03|98.99|99.12|98.94|99.0612|32569|99.009849
2022-06-03T15:43:00|1654285380|98.91|99.02|99.02|98.8|98.84|17076|98.895834
2022-06-03T15:44:00|1654285440|98.77244999999999|98.9099|98.9099|98.635|98.67|21459|98.712501
2022-06-03T15:45:00|1654285500|98.665|98.7|98.9|98.43|98.46|43212|98.632862
2022-06-03T15:46:00|1654285560|98.4825|98.485|98.535|98.43|98.47|26132|98.485436
2022-06-03T15:47:00|1654285620|98.475|98.45|98.56|98.39|98.5258|24450|98.492258
2022-06-03T15:48:00|1654285680|98.715|98.55|98.9|98.53|98.785|40110|98.704441
2022-06-03T15:49:00|1654285740|98.8|98.74|98.89|98.71|98.7801|35564|98.798784
2022-06-03T15:50:00|1654285800|98.60125|98.78|98.8099|98.3926|98.7844|23803|98.643233
2022-06-03T15:51:00|1654285860|98.72999999999999|98.78|98.8|98.66|98.7|30536|98.719808
2022-06-03T15:52:00|1654285920|98.62049999999999|98.695|98.7|98.541|98.57|34824|98.60564
2022-06-03T15:53:00|1654285980|98.505|98.59|98.63|98.38|98.49|34893|98.492416
2022-06-03T15:54:00|1654286040|98.47999999999999|98.485|98.61|98.35|98.58|66175|98.500178
2022-06-03T15:55:00|1654286100|98.52000000000001|98.585|98.61|98.43|98.45|66654|98.50525
2022-06-03T15:56:00|1654286160|98.36|98.44|98.47|98.25|98.3|91868|98.367403
2022-06-03T15:57:00|1654286220|98.225|98.32|98.32|98.13|98.2|164223|98.226718
2022-06-03T15:58:00|1654286280|98.16499999999999|98.17|98.21|98.12|98.17|103707|98.158101
2022-06-03T15:59:00|1654286340|98.29|98.175|98.43|98.15|98.4|177657|98.329094
2022-06-03T16:00:00|1654286400|98.435|98.38|98.49|98.38|98.48|304714|98.380403
